Year,Economy,Economy Label,Index Base 2010,Index Base 2010 Footnote,Index Base 2010 Missing value,Annual average growth rate,Annual average growth rate Footnote,Annual average growth rate Missing value
1980,0001,"Individual economies",,,"Not applicable",,,"Not applicable"
1980,012,"Algeria",6.5881,,,,,"Not available or not separately reported"
1980,028,"Antigua and Barbuda",39.9897,,,,,"Not available or not separately reported"
1980,032,"Argentina",0,,,,,"Not available or not separately reported"
1980,051,"Armenia",,,"Not applicable",,,"Not applicable"
1980,533,"Aruba",31.9845,,,,,"Not available or not separately reported"
1980,036,"Australia",27.4194,,,,,"Not available or not separately reported"
1980,040,"Austria",48.5813,,,,,"Not available or not separately reported"
1980,031,"Azerbaijan",,,"Not applicable",,,"Not applicable"
1980,044,"Bahamas",36.6914,,,,,"Not available or not separately reported"
1980,048,"Bahrain",61.5478,,,,,"Not available or not separately reported"
1980,050,"Bangladesh",10.8802,,,,,"Not available or not separately reported"
1980,052,"Barbados",28.8814,,,,,"Not available or not separately reported"
1980,112,"Belarus",,,"Not applicable",,,"Not applicable"
1980,056,"Belgium",43.0087,,,,,"Not available or not separately reported"
1980,084,"Belize",44.1659,,,,,"Not available or not separately reported"
1980,204,"Benin",31.4851,,,,,"Not available or not separately reported"
1980,064,"Bhutan",12.264,,,,,"Not available or not separately reported"
1980,070,"Bosnia and Herzegovina",,,"Not applicable",,,"Not applicable"
1980,072,"Botswana",5.8818,,,,,"Not available or not separately reported"
1980,076,"Brazil",0,,,,,"Not available or not separately reported"
1980,100,"Bulgaria",0.0238,,,,,"Not available or not separately reported"
1980,854,"Burkina Faso",34.7261,,,,,"Not available or not separately reported"
1980,108,"Burundi",5.0764,,,,,"Not available or not separately reported"
1980,132,"Cabo Verde",15.7054,,,,,"Not available or not separately reported"
1980,120,"Cameroon",24.6935,,,,,"Not available or not separately reported"
1980,124,"Canada",37.8107,,,,,"Not available or not separately reported"
1980,140,"Central African Republic",32.0158,,,,,"Not available or not separately reported"
1980,148,"Chad",32.3593,,,,,"Not available or not separately reported"
1980,152,"Chile",4.6629,,,,,"Not available or not separately reported"
1980,156,"China",20.4592,,,,,"Not available or not separately reported"
1980,344,"China, Hong Kong SAR",26.4317,,,,,"Not available or not separately reported"
1980,158,"China, Taiwan Province of",52.5917,,,,,"Not available or not separately reported"
1980,170,"Colombia",1.1243,,,,,"Not available or not separately reported"
1980,174,"Comoros",32.6015,,,,,"Not available or not separately reported"
1980,178,"Congo",51.4615,,,,,"Not available or not separately reported"
1980,188,"Costa Rica",0.941,,,,,"Not available or not separately reported"
1980,384,"Côte d'Ivoire",26.7057,,,,,"Not available or not separately reported"
1980,191,"Croatia",,,"Not applicable",,,"Not applicable"
1980,531,"Curaçao",,,"Not applicable",,,"Not applicable"
1980,196,"Cyprus",33.822,,,,,"Not available or not separately reported"
1980,203,"Czechia",,,"Not applicable",,,"Not applicable"
1980,208,"Denmark",38.4499,,,,,"Not available or not separately reported"
1980,212,"Dominica",41.5381,,,,,"Not available or not separately reported"
1980,214,"Dominican Republic",1.4851,,,,,"Not available or not separately reported"
1980,218,"Ecuador",0.06,,,,,"Not available or not separately reported"
1980,818,"Egypt",3.9773,,,,,"Not available or not separately reported"
1980,222,"El Salvador",5.4484,,,,,"Not available or not separately reported"
1980,226,"Equatorial Guinea",5.1562,,,,,"Not available or not separately reported"
1980,232,"Eritrea",,,"Not applicable",,,"Not applicable"
1980,233,"Estonia",,,"Not applicable",,,"Not applicable"
1980,748,"Eswatini",5.4051,,,,,"Not available or not separately reported"
1980,231,"Ethiopia",,,"Not applicable",,,"Not applicable"
1980,230,"Ethiopia (...1991)",11.7655,,,,,"Not available or not separately reported"
1980,242,"Fiji",25.7563,,,,,"Not available or not separately reported"
1980,246,"Finland",36.3093,,,,,"Not available or not separately reported"
1980,251,"France",37.8339,,,,,"Not available or not separately reported"
1980,250,"France, metropolitan",37.8339,,,,,"Not available or not separately reported"
1980,492,"Monaco",37.8339,,,,,"Not available or not separately reported"
1980,258,"French Polynesia",38.0393,,,,,"Not available or not separately reported"
1980,266,"Gabon",37.1893,,,,,"Not available or not separately reported"
1980,270,"Gambia",6.8527,,,,,"Not available or not separately reported"
1980,268,"Georgia",,,"Not applicable",,,"Not applicable"
1980,276,"Germany",,,"Not applicable",,,"Not applicable"
1980,288,"Ghana",0.0657,,,,,"Not available or not separately reported"
1980,300,"Greece",5.259,,,,,"Not available or not separately reported"
1980,308,"Grenada",34.8856,,,,,"Not available or not separately reported"
1980,320,"Guatemala",4.4981,,,,,"Not available or not separately reported"
1980,324,"Guinea",0.7077,,,,,"Not available or not separately reported"
1980,624,"Guinea-Bissau",0.0717,,,,,"Not available or not separately reported"
1980,328,"Guyana",0.8144,,,,,"Not available or not separately reported"
1980,332,"Haiti",3.3448,,,,,"Not available or not separately reported"
1980,340,"Honduras",4.2631,,,,,"Not available or not separately reported"
1980,348,"Hungary",3.3709,,,,,"Not available or not separately reported"
1980,352,"Iceland",2.3282,,,,,"Not available or not separately reported"
1980,356,"India",9.9027,,,,,"Not available or not separately reported"
1980,360,"Indonesia",,,"Not applicable",,,"Not applicable"
1980,960,"Indonesia (...2002)",5.554,,,,,"Not available or not separately reported"
1980,364,"Iran (Islamic Republic of)",0.5516,,,,,"Not available or not separately reported"
1980,372,"Ireland",29.8694,,,,,"Not available or not separately reported"
1980,376,"Israel",0.0501,,,,,"Not available or not separately reported"
1980,380,"Italy",21.9395,,,,,"Not available or not separately reported"
1980,388,"Jamaica",0.7426,,,,,"Not available or not separately reported"
1980,392,"Japan",77.1358,,,,,"Not available or not separately reported"
1980,400,"Jordan",24.0539,,,,,"Not available or not separately reported"
1980,398,"Kazakhstan",,,"Not applicable",,,"Not applicable"
1980,404,"Kenya",3.5188,,,,,"Not available or not separately reported"
1980,296,"Kiribati",38.5497,,,,,"Not available or not separately reported"
1980,410,"Korea, Republic of",24.2726,,,,,"Not available or not separately reported"
1980,414,"Kuwait",38.0249,,,,,"Not available or not separately reported"
1980,417,"Kyrgyzstan",,,"Not applicable",,,"Not applicable"
1980,418,"Lao People's Dem. Rep.",0.217,,,,,"Not available or not separately reported"
1980,428,"Latvia",,,"Not applicable",,,"Not applicable"
1980,426,"Lesotho",5.3034,,,,,"Not available or not separately reported"
1980,434,"Libya",26.6886,,,,,"Not available or not separately reported"
1980,440,"Lithuania",,,"Not applicable",,,"Not applicable"
1980,442,"Luxembourg",40.1724,,,,,"Not available or not separately reported"
1980,450,"Madagascar",1.6502,,,,,"Not available or not separately reported"
1980,454,"Malawi",0.4915,,,,,"Not available or not separately reported"
1980,458,"Malaysia",41.266,,,,,"Not available or not separately reported"
1980,462,"Maldives",19.1863,,,,,"Not available or not separately reported"
1980,466,"Mali",37.1126,,,,,"Not available or not separately reported"
1980,470,"Malta",46.3389,,,,,"Not available or not separately reported"
1980,584,"Marshall Islands",,,"Not applicable",,,"Not applicable"
1980,480,"Mauritius",11.5829,,,,,"Not available or not separately reported"
1980,484,"Mexico",0.0776,,,,,"Not available or not separately reported"
1980,583,"Micronesia (Federated States of)",,,"Not applicable",,,"Not applicable"
1980,498,"Moldova, Republic of",,,"Not applicable",,,"Not applicable"
1980,499,"Montenegro",,,"Not applicable",,,"Not applicable"
1980,504,"Morocco",27.8332,,,,,"Not available or not separately reported"
1980,508,"Mozambique",0.086,,,,,"Not available or not separately reported"
1980,104,"Myanmar",0.5672,,,,,"Not available or not separately reported"
1980,516,"Namibia",5.9133,,,,,"Not available or not separately reported"
1980,524,"Nepal",8.4375,,,,,"Not available or not separately reported"
1980,528,"Netherlands (Kingdom of the)",52.0311,,,,,"Not available or not separately reported"
1980,554,"New Zealand",23.4521,,,,,"Not available or not separately reported"
1980,562,"Niger",36.219,,,,,"Not available or not separately reported"
1980,566,"Nigeria",0.4131,,,,,"Not available or not separately reported"
1980,807,"North Macedonia",,,"Not applicable",,,"Not applicable"
1980,579,"Norway",31.174,,,,,"Not available or not separately reported"
1980,512,"Oman",59.9424,,,,,"Not available or not separately reported"
1980,586,"Pakistan",9.7982,,,,,"Not available or not separately reported"
1980,585,"Palau",,,"Not applicable",,,"Not applicable"
1980,591,"Panama",,,"Not applicable",,,"Not applicable"
1980,598,"Papua New Guinea",12.2545,,,,,"Not available or not separately reported"
1980,600,"Paraguay",1.9265,,,,,"Not available or not separately reported"
1980,608,"Philippines",7.9358,,,,,"Not available or not separately reported"
1980,616,"Poland",0.0218,,,,,"Not available or not separately reported"
1980,620,"Portugal",10.1337,,,,,"Not available or not separately reported"
1980,634,"Qatar",32.5163,,,,,"Not available or not separately reported"
1980,642,"Romania",0.01,,,,,"Not available or not separately reported"
1980,643,"Russian Federation",,,"Not applicable",,,"Not applicable"
1980,646,"Rwanda",8.0485,,,,,"Not available or not separately reported"
1980,659,"Saint Kitts and Nevis",38.006,,,,,"Not available or not separately reported"
1980,662,"Saint Lucia",37.5256,,,,,"Not available or not separately reported"
1980,670,"Saint Vincent and the Grenadines",36.4201,,,,,"Not available or not separately reported"
1980,882,"Samoa",14.0092,,,,,"Not available or not separately reported"
1980,678,"Sao Tome and Principe",0.2026,,,,,"Not available or not separately reported"
1980,682,"Saudi Arabia",78.0909,,,,,"Not available or not separately reported"
1980,686,"Senegal",30.9286,,,,,"Not available or not separately reported"
1980,688,"Serbia",,,"Not applicable",,,"Not applicable"
1980,690,"Seychelles",28.9086,,,,,"Not available or not separately reported"
1980,694,"Sierra Leone",0.0159,,,,,"Not available or not separately reported"
1980,702,"Singapore",57.5657,,,,,"Not available or not separately reported"
1980,534,"Sint Maarten (Dutch part)",,,"Not applicable",,,"Not applicable"
1980,703,"Slovakia",,,"Not applicable",,,"Not applicable"
1980,705,"Slovenia",,,"Not applicable",,,"Not applicable"
1980,090,"Solomon Islands",5.3447,,,,,"Not available or not separately reported"
1980,710,"South Africa",6.1054,,,,,"Not available or not separately reported"
1980,728,"South Sudan",,,"Not applicable",,,"Not applicable"
1980,724,"Spain",21.0247,,,,,"Not available or not separately reported"
1980,144,"Sri Lanka",4.9496,,,,,"Not available or not separately reported"
1980,729,"Sudan",,,"Not applicable",,,"Not applicable"
1980,736,"Sudan (...2011)",0.0111,,,,,"Not available or not separately reported"
1980,740,"Suriname",0.4759,,,,,"Not available or not separately reported"
1980,752,"Sweden",30.9019,,,,,"Not available or not separately reported"
1980,757,"Switzerland, Liechtenstein",54.2305,,,,,"Not available or not separately reported"
1980,438,"Liechtenstein",54.2305,,,,,"Not available or not separately reported"
1980,756,"Switzerland",54.2305,,,,,"Not available or not separately reported"
1980,760,"Syrian Arab Republic",4.674,,,,,"Not available or not separately reported"
1980,762,"Tajikistan",,,"Not applicable",,,"Not applicable"
1980,834,"Tanzania, United Republic of",0.6031,,,,,"Not available or not separately reported"
1980,764,"Thailand",32.3981,,,,,"Not available or not separately reported"
1980,626,"Timor-Leste",,,"Not applicable",,,"Not applicable"
1980,768,"Togo",29.9386,,,,,"Not available or not separately reported"
1980,776,"Tonga",11.5963,,,,,"Not available or not separately reported"
1980,780,"Trinidad and Tobago",10.5369,,,,,"Not available or not separately reported"
1980,788,"Tunisia",20.8874,,,,,"Not available or not separately reported"
1980,792,"Türkiye",0.0017,,,,,"Not available or not separately reported"
1980,795,"Turkmenistan",,,"Not applicable",,,"Not applicable"
1980,800,"Uganda",0.01,,,,,"Not available or not separately reported"
1980,804,"Ukraine",,,"Not applicable",,,"Not applicable"
1980,784,"United Arab Emirates",29.2698,,,,,"Not available or not separately reported"
1980,926,"United Kingdom",34.9664,,,,,"Not available or not separately reported"
1980,826,"United Kingdom excl. Channel Islands and Isle of Man",34.9664,,,,,"Not available or not separately reported"
1980,842,"United States of America",37.7772,,,,,"Not available or not separately reported"
1980,630,"Puerto Rico",49.7031,,,,,"Not available or not separately reported"
1980,840,"United States of America excluding Puerto Rico and United States Virgin Islands",37.7772,,,,,"Not available or not separately reported"
1980,858,"Uruguay",0.0188,,,,,"Not available or not separately reported"
1980,860,"Uzbekistan",,,"Not applicable",,,"Not applicable"
1980,548,"Vanuatu",25.4537,,,,,"Not available or not separately reported"
1980,862,"Venezuela (Bolivarian Rep. of)",0.046,,,,,"Not available or not separately reported"
1980,704,"Viet Nam",0.0024,,,,,"Not available or not separately reported"
1980,887,"Yemen",,,"Not applicable",,,"Not applicable"
1980,894,"Zambia",0.0104,,,,,"Not available or not separately reported"
1980,716,"Zimbabwe",285.223,,,,,"Not available or not separately reported"
1981,0001,"Individual economies",,,"Not applicable",,,"Not applicable"
1981,012,"Algeria",7.5505,,,14.60724,,
1981,028,"Antigua and Barbuda",44.5747,,,11.46539,,
1981,032,"Argentina",0,,,104.13433,,
1981,051,"Armenia",,,"Not applicable",,,"Not applicable"
1981,533,"Aruba",35.8832,,,12.18915,,
1981,036,"Australia",30.0208,,,9.48767,,
1981,040,"Austria",51.8879,,,6.80635,,
1981,031,"Azerbaijan",,,"Not applicable",,,"Not applicable"
1981,044,"Bahamas",40.7436,,,11.04419,,
1981,048,"Bahrain",68.5646,,,11.40063,,
1981,050,"Bangladesh",12.5051,,,14.93493,,
1981,052,"Barbados",33.0948,,,14.58848,,
1981,112,"Belarus",,,"Not applicable",,,"Not applicable"
1981,056,"Belgium",46.2891,,,7.62725,,
1981,084,"Belize",49.1231,,,11.22422,,
1981,204,"Benin",31.7357,,,0.79589,,
1981,064,"Bhutan",12.8733,,,4.96843,,
1981,070,"Bosnia and Herzegovina",,,"Not applicable",,,"Not applicable"
1981,072,"Botswana",6.8406,,,16.29996,,
1981,076,"Brazil",0,,,101.73691,,
1981,096,"Brunei Darussalam",67.905,,,,,"Not available or not separately reported"
1981,100,"Bulgaria",0.0238,,,0,,
1981,854,"Burkina Faso",37.3502,,,7.55653,,
1981,108,"Burundi",5.6941,,,12.16783,,
1981,132,"Cabo Verde",18.9536,,,20.68198,,
1981,120,"Cameroon",26.557,,,7.54646,,
1981,124,"Canada",42.5228,,,12.46225,,
1981,140,"Central African Republic",36.7096,,,14.66084,,
1981,148,"Chad",34.9897,,,8.12893,,
1981,152,"Chile",5.58,,,19.66942,,
1981,156,"China",20.9702,,,2.49775,,
1981,344,"China, Hong Kong SAR",28.9364,,,9.47584,,
1981,158,"China, Taiwan Province of",60.8259,,,15.65667,,
1981,170,"Colombia",1.4335,,,27.50611,,
1981,174,"Comoros",34.7206,,,6.50007,,
1981,178,"Congo",51.8642,,,0.78262,,
1981,188,"Costa Rica",1.2873,,,36.80556,,
1981,384,"Côte d'Ivoire",29.0246,,,8.68299,,
1981,191,"Croatia",,,"Not applicable",,,"Not applicable"
1981,531,"Curaçao",,,"Not applicable",,,"Not applicable"
1981,196,"Cyprus",37.4562,,,10.74527,,
1981,203,"Czechia",,,"Not applicable",,,"Not applicable"
1981,208,"Denmark",42.9552,,,11.71741,,
1981,212,"Dominica",47.0489,,,13.26683,,
1981,214,"Dominican Republic",1.5967,,,7.5188,,
1981,218,"Ecuador",0.0694,,,15.68627,,
1981,818,"Egypt",4.391,,,10.40119,,
1981,222,"El Salvador",6.2566,,,14.83297,,
1981,226,"Equatorial Guinea",6.0173,,,16.7015,,
1981,232,"Eritrea",,,"Not applicable",,,"Not applicable"
1981,233,"Estonia",,,"Not applicable",,,"Not applicable"
1981,748,"Eswatini",6.4892,,,20.05696,,
1981,231,"Ethiopia",,,"Not applicable",,,"Not applicable"
1981,230,"Ethiopia (...1991)",11.9943,,,1.94434,,
1981,242,"Fiji",28.6412,,,11.20043,,
1981,246,"Finland",40.6659,,,11.99854,,
1981,251,"France",42.8792,,,13.33539,"Estimated",
1981,250,"France, metropolitan",42.8792,,,13.33539,,
1981,492,"Monaco",42.8792,,,13.33539,"Estimated",
1981,258,"French Polynesia",43.0065,,,13.05813,,
1981,266,"Gabon",40.3882,,,8.60164,,
1981,270,"Gambia",7.3951,,,7.91575,,
1981,268,"Georgia",,,"Not applicable",,,"Not applicable"
1981,276,"Germany",,,"Not applicable",,,"Not applicable"
1981,288,"Ghana",0.1419,,,115.78947,,
1981,300,"Greece",6.5446,,,24.4466,,
1981,308,"Grenada",41.4398,,,18.78771,,
1981,320,"Guatemala",5.0106,,,11.39556,,
1981,324,"Guinea",0.9554,,,34.993,,
1981,624,"Guinea-Bissau",0.1016,,,41.79104,,
1981,328,"Guyana",0.9957,,,22.2488,,
1981,332,"Haiti",3.7083,,,10.86729,,
1981,340,"Honduras",4.664,,,9.40562,,
1981,348,"Hungary",3.5229,,,4.50905,,
1981,352,"Iceland",3.5128,,,50.88481,,
1981,356,"India",11.1561,,,12.65625,,
1981,360,"Indonesia",,,"Not applicable",,,"Not applicable"
1981,960,"Indonesia (...2002)",6.2349,,,12.25943,,
1981,364,"Iran (Islamic Republic of)",0.6873,,,24.59016,,
1981,372,"Ireland",35.9157,,,20.24224,,
1981,376,"Israel",0.1081,,,115.90909,,
1981,380,"Italy",26.2193,,,19.50751,,
1981,388,"Jamaica",0.8108,,,9.19037,,
1981,392,"Japan",80.9428,,,4.93547,,
1981,400,"Jordan",25.8936,,,7.64825,,
1981,398,"Kazakhstan",,,"Not applicable",,,"Not applicable"
1981,404,"Kenya",3.9273,,,11.60774,,
1981,296,"Kiribati",41.5184,,,7.70094,,
1981,410,"Korea, Republic of",29.456,,,21.35464,,
1981,414,"Kuwait",40.8287,,,7.37352,,
1981,417,"Kyrgyzstan",,,"Not applicable",,,"Not applicable"
1981,418,"Lao People's Dem. Rep.",0.2914,,,34.30233,,
1981,428,"Latvia",,,"Not applicable",,,"Not applicable"
1981,426,"Lesotho",5.9521,,,12.23187,,
1981,434,"Libya",30.21,,,13.1942,,
1981,440,"Lithuania",,,"Not applicable",,,"Not applicable"
1981,442,"Luxembourg",43.416,,,8.07426,,
1981,450,"Madagascar",2.1534,,,30.49327,,
1981,454,"Malawi",0.5499,,,11.88119,,
1981,458,"Malaysia",45.2683,,,9.69883,,
1981,462,"Maldives",21.3163,,,11.10208,,
1981,466,"Mali",41.8325,,,12.71766,,
1981,470,"Malta",51.7186,,,11.60954,,
1981,584,"Marshall Islands",,,"Not applicable",,,"Not applicable"
1981,480,"Mauritius",14.6463,,,26.44798,,
1981,484,"Mexico",0.0994,,,28.07018,,
1981,583,"Micronesia (Federated States of)",,,"Not applicable",,,"Not applicable"
1981,498,"Moldova, Republic of",,,"Not applicable",,,"Not applicable"
1981,499,"Montenegro",,,"Not applicable",,,"Not applicable"
1981,504,"Morocco",31.3103,,,12.49275,,
1981,508,"Mozambique",0.0905,,,5.17241,,
1981,104,"Myanmar",0.5693,,,0.38095,,
1981,516,"Namibia",6.7871,,,14.7767,,
1981,524,"Nepal",9.5714,,,13.43931,,
1981,528,"Netherlands (Kingdom of the)",55.5685,,,6.79863,,
1981,554,"New Zealand",27.0757,,,15.45078,,
1981,562,"Niger",45.0205,,,24.30101,,
1981,566,"Nigeria",0.5123,,,24,,
1981,807,"North Macedonia",,,"Not applicable",,,"Not applicable"
1981,579,"Norway",35.427,,,13.64278,,
1981,512,"Oman",63.7782,,,6.39917,,
1981,586,"Pakistan",10.9695,,,11.95479,,
1981,585,"Palau",,,"Not applicable",,,"Not applicable"
1981,591,"Panama",61.7285,,,,,"Not available or not separately reported"
1981,598,"Papua New Guinea",13.2415,,,8.05449,,
1981,600,"Paraguay",2.193,,,13.83738,,
1981,608,"Philippines",8.9731,,,13.07127,,
1981,616,"Poland",0.0263,,,20.58824,,
1981,620,"Portugal",12.2769,,,21.14957,,
1981,634,"Qatar",35.2669,,,8.45908,,
1981,642,"Romania",0.01,,,0,,
1981,643,"Russian Federation",,,"Not applicable",,,"Not applicable"
1981,646,"Rwanda",8.5672,,,6.44402,,
1981,659,"Saint Kitts and Nevis",41.2591,,,8.55929,,
1981,662,"Saint Lucia",43.201,,,15.12423,,
1981,670,"Saint Vincent and the Grenadines",42.7756,,,17.45058,,
1981,882,"Samoa",16.8828,,,20.51222,,
1981,678,"Sao Tome and Principe",0.2262,,,11.62791,,
1981,682,"Saudi Arabia",80.8946,,,3.5903,,
1981,686,"Senegal",32.717,,,5.78242,,
1981,688,"Serbia",,,"Not applicable",,,"Not applicable"
1981,690,"Seychelles",31.9474,,,10.51172,,
1981,694,"Sierra Leone",0.0191,,,20,,
1981,702,"Singapore",62.2792,,,8.18809,,
1981,534,"Sint Maarten (Dutch part)",,,"Not applicable",,,"Not applicable"
1981,703,"Slovakia",,,"Not applicable",,,"Not applicable"
1981,705,"Slovenia",,,"Not applicable",,,"Not applicable"
1981,090,"Solomon Islands",6.0475,,,13.14854,,
1981,710,"South Africa",7.0418,,,15.33813,,
1981,728,"South Sudan",,,"Not applicable",,,"Not applicable"
1981,724,"Spain",24.084,,,14.55079,,
1981,144,"Sri Lanka",5.8379,,,17.9481,,
1981,729,"Sudan",,,"Not applicable",,,"Not applicable"
1981,736,"Sudan (...2011)",0.0132,,,18.75,,
1981,740,"Suriname",0.5157,,,8.37004,,
1981,752,"Sweden",34.6434,,,12.10779,,
1981,757,"Switzerland, Liechtenstein",57.7475,,,6.48533,,
1981,438,"Liechtenstein",57.7475,,,6.48533,"Estimated",
1981,756,"Switzerland",57.7475,,,6.48533,"Estimated",
1981,760,"Syrian Arab Republic",5.533,,,18.37826,,
1981,762,"Tajikistan",,,"Not applicable",,,"Not applicable"
1981,834,"Tanzania, United Republic of",0.7579,,,25.67686,,
1981,764,"Thailand",36.5132,,,12.70146,,
1981,626,"Timor-Leste",,,"Not applicable",,,"Not applicable"
1981,768,"Togo",35.8413,,,19.71622,,
1981,776,"Tonga",13.3233,,,14.89289,,
1981,780,"Trinidad and Tobago",12.0459,,,14.32153,,
1981,788,"Tunisia",22.7467,,,8.90158,,
1981,792,"Türkiye",0.0022,,,33.33333,,
1981,795,"Turkmenistan",,,"Not applicable",,,"Not applicable"
1981,800,"Uganda",0.02,,,100,,
1981,804,"Ukraine",,,"Not applicable",,,"Not applicable"
1981,784,"United Arab Emirates",31.5956,,,7.94603,,
1981,926,"United Kingdom",39.2282,,,12.18818,,
1981,826,"United Kingdom excl. Channel Islands and Isle of Man",39.2282,,,12.18818,"Estimated",
1981,842,"United States of America",41.6978,,,10.37835,,
1981,630,"Puerto Rico",54.41,,,9.47004,,
1981,840,"United States of America excluding Puerto Rico and United States Virgin Islands",41.6978,,,10.37835,"Estimated",
1981,858,"Uruguay",0.0241,,,28.57143,,
1981,860,"Uzbekistan",,,"Not applicable",,,"Not applicable"
1981,548,"Vanuatu",32.2867,,,26.84472,,
1981,862,"Venezuela (Bolivarian Rep. of)",0.0534,,,16.09195,,
1981,704,"Viet Nam",0.0036,,,50,,
1981,887,"Yemen",,,"Not applicable",,,"Not applicable"
1981,894,"Zambia",0.0113,,,9.09091,,
1981,716,"Zimbabwe",301.0722,,,5.55677,,
1981,0000,"World",0.4496,,,,,"Not available or not separately reported"
1981,5100,"Africa",0.879,,,,,"Not available or not separately reported"
1981,5110,"Northern Africa",5.0354,,,,,"Not available or not separately reported"
1981,5120,"Sub-Saharan Africa",0.3771,,,,,"Not available or not separately reported"
1981,5121,"Eastern Africa",1.6844,,,,,"Not available or not separately reported"
1981,5122,"Middle Africa",0.0049,,,,,"Not available or not separately reported"
1981,5123,"Southern Africa",6.9639,,,,,"Not available or not separately reported"
1981,5124,"Western Africa",0.8841,,,,,"Not available or not separately reported"
1981,5200,"Americas",0.0322,,,,,"Not available or not separately reported"
1981,5210,"Northern America",41.7173,,,,,"Not available or not separately reported"
1981,5220,"Latin America and the Caribbean",0,,,,,"Not available or not separately reported"
1981,5221,"Caribbean",6.4835,,,,,"Not available or not separately reported"
1981,5222,"Central America",0.0812,,,,,"Not available or not separately reported"
1981,5223,"South America",0,,,,,"Not available or not separately reported"
1981,5300,"Asia",10.5362,,,,,"Not available or not separately reported"
1981,5330,"Eastern Asia",49.4255,,,,,"Not available or not separately reported"
1981,5350,"South-eastern Asia",6.133,,,,,"Not available or not separately reported"
1981,5320,"Southern Asia",5.9175,,,,,"Not available or not separately reported"
1981,5340,"Western Asia",0.274,,,,,"Not available or not separately reported"
1981,5400,"Europe",5.8192,,,,,"Not available or not separately reported"
1981,5410,"Eastern Europe",0.0005,,,,,"Not available or not separately reported"
1981,5420,"Northern Europe",37.4498,,,,,"Not available or not separately reported"
1981,5430,"Southern Europe",18.5401,,,,,"Not available or not separately reported"
1981,5440,"Western Europe",46.9466,,,,,"Not available or not separately reported"
1981,5500,"Oceania",29.1954,,,,,"Not available or not separately reported"
1981,5600,"Asia and Oceania",11.2911,,,,,"Not available or not separately reported"
1981,5702,"Northern America and Europe",13.8543,,,,,"Not available or not separately reported"
1981,5706,"Europe, Northern America, Australia and New Zealand",14.0901,,,,,"Not available or not separately reported"
1981,5703,"Central and Southern Asia",0.6723,,,,,"Not available or not separately reported"
1981,5704,"Eastern and South-Eastern Asia",37.7326,,,,,"Not available or not separately reported"
1981,5705,"Western Asia and Northern Africa",0.523,,,,,"Not available or not separately reported"
1981,1400,"Developing economies",0.0002,,,,,"Not available or not separately reported"
1981,1410,"Developing economies: Africa",0.879,,,,,"Not available or not separately reported"
1981,1420,"Developing economies: Americas",0,,,,,"Not available or not separately reported"
1981,1460,"Developing economies: Asia and Oceania",3.0852,,,,,"Not available or not separately reported"
1981,1430,"Developing economies: Asia",3.0604,,,,,"Not available or not separately reported"
1981,1450,"Developing economies: Oceania",22.4361,,,,,"Not available or not separately reported"
1981,1500,"Developed economies",16.7494,,,,,"Not available or not separately reported"
1981,1520,"Developed economies: Americas",41.7173,,,,,"Not available or not separately reported"
1981,1560,"Developed economies: Asia and Oceania",47.1965,,,,,"Not available or not separately reported"
1981,1530,"Developed economies: Asia",51.7588,,,,,"Not available or not separately reported"
1981,1550,"Developed economies: Oceania",29.4724,,,,,"Not available or not separately reported"
1981,1540,"Developed economies: Europe",5.8192,,,,,"Not available or not separately reported"
1981,1600,"Developing economies excluding China",0.0001,,,,,"Not available or not separately reported"
1981,1601,"Developing economies excluding LDCs",0.0002,,,,,"Not available or not separately reported"
1981,1610,"LDCs (Least developed countries)",0.0455,,,,,"Not available or not separately reported"
1981,1612,"LDCs: Asia",3.4307,,,,,"Not available or not separately reported"
1981,1614,"LDCs: Africa",0.0047,,,,,"Not available or not separately reported"
1981,1615,"LDCs: Islands and Haiti",4.3887,,,,,"Not available or not separately reported"
1981,1620,"LLDCs (Landlocked developing countries)",0.0002,,,,,"Not available or not separately reported"
1981,1640,"SIDS (Small island developing States) (UN-OHRLLS)",18.4034,,,,,"Not available or not separately reported"
1981,1641,"SIDS: Atlantic and Indian Ocean",30.097,,,,,"Not available or not separately reported"
1981,1642,"SIDS: Caribbean",5.8211,,,,,"Not available or not separately reported"
1981,1643,"SIDS: Pacific",50.6663,,,,,"Not available or not separately reported"
1981,2623,"Low-income developing economies",0.3016,,,,,"Not available or not separately reported"
1981,2622,"Middle-income developing economies",0.5444,,,,,"Not available or not separately reported"
1981,2621,"High-income developing economies",0,,,,,"Not available or not separately reported"
1981,2711,"BRICS",0,,,,,"Not available or not separately reported"
1981,3412,"European Union (2020 …)",17.0738,,,,,"Not available or not separately reported"
1981,3916,"G20 (Group of Twenty)",0.5723,,,,,"Not available or not separately reported"
1981,3919,"G-77 (Group of 77)",0.0001,,,,,"Not available or not separately reported"
1981,3905,"OECD (Organisation for Economic Cooperation and Development)",24.8936,,,,,"Not available or not separately reported"
1982,0001,"Individual economies",,,"Not applicable",,,"Not applicable"
1982,012,"Algeria",8.0482,,,6.59148,,
1982,028,"Antigua and Barbuda",46.4324,,,4.16773,,
1982,032,"Argentina",0,,,164.55684,,
1982,051,"Armenia",,,"Not applicable",,,"Not applicable"
1982,533,"Aruba",38.073,,,6.10262,,
1982,036,"Australia",33.4287,,,11.35182,,
1982,040,"Austria",54.7107,,,5.44012,,
1982,031,"Azerbaijan",,,"Not applicable",,,"Not applicable"
1982,044,"Bahamas",43.2299,,,6.10213,,
1982,048,"Bahrain",74.5298,,,8.70003,,
1982,050,"Bangladesh",14.2123,,,13.65226,,
1982,052,"Barbados",36.4995,,,10.28768,,
1982,112,"Belarus",,,"Not applicable",,,"Not applicable"
1982,056,"Belgium",50.3274,,,8.72411,,
1982,084,"Belize",52.4829,,,6.83947,,
1982,204,"Benin",33.0238,,,4.05887,,
1982,064,"Bhutan",14.1499,,,9.91624,,
1982,070,"Bosnia and Herzegovina",,,"Not applicable",,,"Not applicable"
1982,072,"Botswana",7.6065,,,11.19691,,
1982,076,"Brazil",0,,,100.57353,,
1982,096,"Brunei Darussalam",67.905,,,0,,
1982,100,"Bulgaria",0.0238,,,0,,
1982,854,"Burkina Faso",41.8539,,,12.05785,,
1982,108,"Burundi",6.0278,,,5.86035,,
1982,132,"Cabo Verde",22.9581,,,21.1279,,
1982,120,"Cameroon",30.627,,,15.32554,,
1982,124,"Canada",47.1172,,,10.80464,,
1982,140,"Central African Republic",41.571,,,13.2427,,
1982,148,"Chad",37.239,,,6.42832,,
1982,152,"Chile",6.135,,,9.94475,,
1982,156,"China",21.3892,,,1.9978,,
1982,344,"China, Hong Kong SAR",32.1249,,,11.01925,,
1982,158,"China, Taiwan Province of",62.6219,,,2.95277,,
1982,170,"Colombia",1.7895,,,24.83221,,
1982,174,"Comoros",40.0015,,,15.20957,,
1982,178,"Congo",53.6546,,,3.45209,,
1982,188,"Costa Rica",2.4492,,,90.25381,,
1982,384,"Côte d'Ivoire",31.1693,,,7.38924,,
1982,191,"Croatia",,,"Not applicable",,,"Not applicable"
1982,531,"Curaçao",,,"Not applicable",,,"Not applicable"
1982,196,"Cyprus",39.8654,,,6.43196,,
1982,203,"Czechia",,,"Not applicable",,,"Not applicable"
1982,208,"Denmark",47.3128,,,10.14468,,
1982,212,"Dominica",49.1257,,,4.41414,,
1982,214,"Dominican Republic",1.7195,,,7.69231,,
1982,218,"Ecuador",0.0812,,,16.94915,,
1982,818,"Egypt",5.044,,,14.87214,,
1982,222,"El Salvador",6.9886,,,11.6996,,
1982,226,"Equatorial Guinea",8.3188,,,38.24802,,
1982,232,"Eritrea",,,"Not applicable",,,"Not applicable"
1982,233,"Estonia",,,"Not applicable",,,"Not applicable"
1982,748,"Eswatini",7.1904,,,10.80585,,
1982,231,"Ethiopia",,,"Not applicable",,,"Not applicable"
1982,230,"Ethiopia (...1991)",12.9272,,,7.77861,,
1982,242,"Fiji",30.6506,,,7.01577,,
1982,246,"Finland",44.4477,,,9.29987,,
1982,251,"France",48.0148,,,11.97709,"Estimated",
1982,250,"France, metropolitan",48.0148,,,11.97709,,
1982,492,"Monaco",48.0148,,,11.97709,"Estimated",
1982,258,"French Polynesia",49.4254,,,14.92549,,
1982,266,"Gabon",47.1322,,,16.6978,,
1982,270,"Gambia",8.0044,,,8.23839,,
1982,268,"Georgia",,,"Not applicable",,,"Not applicable"
1982,276,"Germany",,,"Not applicable",,,"Not applicable"
1982,288,"Ghana",0.1742,,,22.76423,,
1982,300,"Greece",7.928,,,21.13737,,
1982,308,"Grenada",44.6774,,,7.81257,,
1982,320,"Guatemala",5.2562,,,4.90136,,
1982,324,"Guinea",1.2411,,,29.90668,,
1982,624,"Guinea-Bissau",0.1176,,,15.78947,,
1982,328,"Guyana",1.2002,,,20.54795,,
1982,332,"Haiti",3.9809,,,7.35156,,
1982,340,"Honduras",5.085,,,9.02541,,
1982,348,"Hungary",3.7699,,,7.01107,,
1982,352,"Iceland",5.3054,,,51.02899,,
1982,356,"India",12.0192,,,7.73727,,
1982,360,"Indonesia",,,"Not applicable",,,"Not applicable"
1982,960,"Indonesia (...2002)",6.825,,,9.46454,,
1982,364,"Iran (Islamic Republic of)",0.8139,,,18.42105,,
1982,372,"Ireland",42.0898,,,17.19058,,
1982,376,"Israel",0.2379,,,120,,
1982,380,"Italy",30.5348,,,16.45924,,
1982,388,"Jamaica",0.8661,,,6.81363,,
1982,392,"Japan",83.169,,,2.75035,,
1982,400,"Jordan",27.8647,,,7.61269,,
1982,398,"Kazakhstan",,,"Not applicable",,,"Not applicable"
1982,404,"Kenya",4.7391,,,20.66946,,
1982,296,"Kiribati",43.7959,,,5.48569,,
1982,410,"Korea, Republic of",31.5735,,,7.1889,,
1982,414,"Kuwait",44.0038,,,7.77671,,
1982,417,"Kyrgyzstan",,,"Not applicable",,,"Not applicable"
1982,418,"Lao People's Dem. Rep.",0.4958,,,70.12987,,
1982,428,"Latvia",,,"Not applicable",,,"Not applicable"
1982,426,"Lesotho",6.6901,,,12.40046,,
1982,434,"Libya",34.38,,,13.80339,,
1982,440,"Lithuania",,,"Not applicable",,,"Not applicable"
1982,442,"Luxembourg",47.4787,,,9.35768,,
1982,450,"Madagascar",2.8401,,,31.89003,,
1982,454,"Malawi",0.6034,,,9.73451,,
1982,458,"Malaysia",47.9089,,,5.83311,,
1982,462,"Maldives",21.1433,,,-0.81166,,
1982,466,"Mali",43.4435,,,3.851,,
1982,470,"Malta",54.7266,,,5.81606,,
1982,480,"Mauritius",16.6075,,,13.39041,,
1982,484,"Mexico",0.1594,,,60.27397,,
1982,498,"Moldova, Republic of",,,"Not applicable",,,"Not applicable"
1982,499,"Montenegro",,,"Not applicable",,,"Not applicable"
1982,504,"Morocco",34.6067,,,10.5283,,
1982,508,"Mozambique",0.1068,,,18.03279,,
1982,104,"Myanmar",0.5985,,,5.12334,,
1982,516,"Namibia",7.8411,,,15.53037,,
1982,524,"Nepal",10.5651,,,10.38217,,
1982,528,"Netherlands (Kingdom of the)",58.8473,,,5.90052,,
1982,554,"New Zealand",31.4423,,,16.12729,,
1982,562,"Niger",49.7023,,,10.39911,,
1982,566,"Nigeria",0.5508,,,7.52688,,
1982,807,"North Macedonia",,,"Not applicable",,,"Not applicable"
1982,579,"Norway",39.444,,,11.33881,,
1982,512,"Oman",65.3973,,,2.5387,,
1982,586,"Pakistan",11.6121,,,5.8581,,
1982,591,"Panama",64.3524,,,4.25074,,
1982,598,"Papua New Guinea",13.9742,,,5.53356,,
1982,600,"Paraguay",2.3112,,,5.38847,,
1982,608,"Philippines",9.7796,,,8.98813,,
1982,616,"Poland",0.0532,,,102.43902,,
1982,620,"Portugal",15.068,,,22.73482,,
1982,634,"Qatar",37.2774,,,5.70078,,
1982,642,"Romania",0.012,,,20,,
1982,643,"Russian Federation",,,"Not applicable",,,"Not applicable"
1982,646,"Rwanda",9.6471,,,12.60539,,
1982,659,"Saint Kitts and Nevis",43.7237,,,5.97357,,
1982,662,"Saint Lucia",45.1944,,,4.61427,,
1982,670,"Saint Vincent and the Grenadines",45.8679,,,7.22925,,
1982,882,"Samoa",19.9726,,,18.30116,,
1982,678,"Sao Tome and Principe",0.2262,,,0,,
1982,682,"Saudi Arabia",82.4037,,,1.86556,,
1982,686,"Senegal",38.404,,,17.38242,,
1982,688,"Serbia",,,"Not applicable",,,"Not applicable"
1982,690,"Seychelles",31.6743,,,-0.85479,,
1982,694,"Sierra Leone",0.0254,,,33.33333,,
1982,702,"Singapore",64.7195,,,3.91829,,
1982,534,"Sint Maarten (Dutch part)",,,"Not applicable",,,"Not applicable"
1982,703,"Slovakia",,,"Not applicable",,,"Not applicable"
1982,705,"Slovenia",,,"Not applicable",,,"Not applicable"
1982,090,"Solomon Islands",6.8338,,,13.00251,,
1982,710,"South Africa",8.0082,,,13.72255,,
1982,728,"South Sudan",,,"Not applicable",,,"Not applicable"
1982,724,"Spain",27.5557,,,14.41497,,
1982,144,"Sri Lanka",6.4706,,,10.83693,,
1982,729,"Sudan",,,"Not applicable",,,"Not applicable"
1982,736,"Sudan (...2011)",0.0174,,,31.57895,,
1982,740,"Suriname",0.5535,,,7.31707,,
1982,752,"Sweden",37.6155,,,8.57904,,
1982,757,"Switzerland, Liechtenstein",61.0224,,,5.67115,,
1982,438,"Liechtenstein",61.0224,,,5.67115,"Estimated",
1982,756,"Switzerland",61.0224,,,5.67115,"Estimated",
1982,760,"Syrian Arab Republic",6.325,,,14.31412,,
1982,762,"Tajikistan",,,"Not applicable",,,"Not applicable"
1982,834,"Tanzania, United Republic of",0.9771,,,28.90896,,
1982,764,"Thailand",38.4478,,,5.29842,,
1982,626,"Timor-Leste",,,"Not applicable",,,"Not applicable"
1982,768,"Togo",39.8303,,,11.12959,,
1982,776,"Tonga",14.774,,,10.88842,,
1982,780,"Trinidad and Tobago",13.4482,,,11.64077,,
1982,788,"Tunisia",25.8563,,,13.67064,,
1982,792,"Türkiye",0.0028,,,25,,
1982,795,"Turkmenistan",,,"Not applicable",,,"Not applicable"
1982,800,"Uganda",0.04,,,100,,
1982,804,"Ukraine",,,"Not applicable",,,"Not applicable"
1982,784,"United Arab Emirates",33.8336,,,7.08333,,
1982,926,"United Kingdom",42.5662,,,8.50936,,
1982,826,"United Kingdom excl. Channel Islands and Isle of Man",42.5662,,,8.50936,"Estimated",
1982,842,"United States of America",44.2658,,,6.15838,,
1982,630,"Puerto Rico",56.1751,,,3.24405,,
1982,840,"United States of America excluding Puerto Rico and United States Virgin Islands",44.2658,,,6.15838,"Estimated",
1982,858,"Uruguay",0.0295,,,22.22222,,
1982,860,"Uzbekistan",,,"Not applicable",,,"Not applicable"
1982,548,"Vanuatu",34.4411,,,6.67275,,
1982,862,"Venezuela (Bolivarian Rep. of)",0.0587,,,9.90099,,
1982,704,"Viet Nam",0.0078,,,116.66667,,
1982,887,"Yemen",,,"Not applicable",,,"Not applicable"
1982,894,"Zambia",0.0132,,,16.66667,,
1982,716,"Zimbabwe",302.8478,,,0.58978,,
1982,0000,"World",0.5211,,,15.90413,,
1982,5100,"Africa",0.9944,,,13.12907,,
1982,5110,"Northern Africa",5.7005,,,13.2075,,
1982,5120,"Sub-Saharan Africa",0.4265,,,13.09015,,
1982,5121,"Eastern Africa",2.0343,,,20.77272,,
1982,5122,"Middle Africa",0.0056,,,13.46388,,
1982,5123,"Southern Africa",7.9184,,,13.70746,,
1982,5124,"Western Africa",0.9677,,,9.44881,,
1982,5200,"Americas",0.0392,,,21.88008,,
1982,5210,"Northern America",44.4558,,,6.5646,,
1982,5220,"Latin America and the Caribbean",0,,,84.24037,,
1982,5221,"Caribbean",7.0122,,,8.1546,,
1982,5222,"Central America",0.127,,,56.47213,,
1982,5223,"South America",0,,,101.28494,,
1982,5300,"Asia",11.3244,,,7.48067,,
1982,5330,"Eastern Asia",50.9423,,,3.06894,,
1982,5350,"South-eastern Asia",6.9335,,,13.05193,,
1982,5320,"Southern Asia",6.5501,,,10.69101,,
1982,5340,"Western Asia",0.3265,,,19.15225,,
1982,5400,"Europe",6.6268,,,13.87793,,
1982,5410,"Eastern Europe",0.0008,,,52.82464,,
1982,5420,"Northern Europe",40.9332,,,9.30145,,
1982,5430,"Southern Europe",21.6045,,,16.5288,,
1982,5440,"Western Europe",51.3093,,,9.29299,,
1982,5500,"Oceania",32.6939,,,11.98303,,
1982,5600,"Asia and Oceania",12.1846,,,7.91364,,
1982,5702,"Northern America and Europe",15.2387,,,9.99274,,
1982,5706,"Europe, Northern America, Australia and New Zealand",15.5077,,,10.06069,,
1982,5703,"Central and Southern Asia",0.7442,,,10.69101,,
1982,5704,"Eastern and South-Eastern Asia",39.3561,,,4.30265,,
1982,5705,"Western Asia and Northern Africa",0.6165,,,17.87026,,
1982,1400,"Developing economies",0.0003,,,39.1791,,
1982,1410,"Developing economies: Africa",0.9944,,,13.12907,,
1982,1420,"Developing economies: Americas",0,,,84.24037,,
1982,1460,"Developing economies: Asia and Oceania",3.3539,,,8.70672,,
1982,1430,"Developing economies: Asia",3.3268,,,8.70796,,
1982,1450,"Developing economies: Oceania",24.3384,,,8.47851,,
1982,1500,"Developed economies",18.3466,,,9.53613,,
1982,1520,"Developed economies: Americas",44.4558,,,6.5646,,
1982,1560,"Developed economies: Asia and Oceania",50.6506,,,7.31853,,
1982,1530,"Developed economies: Asia",55.0634,,,6.38465,,
1982,1550,"Developed economies: Oceania",33.0295,,,12.06931,,
1982,1540,"Developed economies: Europe",6.6268,,,13.87793,,
1982,1600,"Developing economies excluding China",0.0001,,,42.82599,,
1982,1601,"Developing economies excluding LDCs",0.0003,,,39.78044,,
1982,1610,"LDCs (Least developed countries)",0.0545,,,19.58523,,
1982,1612,"LDCs: Asia",3.9151,,,14.11996,,
1982,1614,"LDCs: Africa",0.0058,,,23.50166,,
1982,1615,"LDCs: Islands and Haiti",4.7388,,,7.97789,,
1982,1620,"LLDCs (Landlocked developing countries)",0.0003,,,14.80575,,
1982,1640,"SIDS (Small island developing States) (UN-OHRLLS)",19.732,,,7.21918,,
1982,1641,"SIDS: Atlantic and Indian Ocean",32.9884,,,9.60702,,
1982,1642,"SIDS: Caribbean",6.3112,,,8.42013,,
1982,1643,"SIDS: Pacific",53.2336,,,5.0669,,
1982,2623,"Low-income developing economies",0.3492,,,15.77444,,
1982,2622,"Middle-income developing economies",0.6082,,,11.7123,,
1982,2621,"High-income developing economies",0.0001,,,49.78369,,
1982,2711,"BRICS",0,,,49.45142,,
1982,3412,"European Union (2020 …)",19.7916,,,15.91791,,
1982,3916,"G20 (Group of Twenty)",0.6637,,,15.98063,,
1982,3919,"G-77 (Group of 77)",0.0002,,,38.13421,,
1982,3905,"OECD (Organisation for Economic Cooperation and Development)",27.7011,,,11.27798,,
1983,0001,"Individual economies",,,"Not applicable",,,"Not applicable"
1983,012,"Algeria",8.6787,,,7.83473,,
1983,028,"Antigua and Barbuda",47.5224,,,2.34744,,
1983,032,"Argentina",0,,,346.4115,,
1983,051,"Armenia",,,"Not applicable",,,"Not applicable"
1983,533,"Aruba",39.1442,,,2.81351,,
1983,036,"Australia",36.7846,,,10.03891,,
1983,040,"Austria",56.5356,,,3.33561,,
1983,031,"Azerbaijan",,,"Not applicable",,,"Not applicable"
1983,044,"Bahamas",44.9592,,,4.0004,,
1983,048,"Bahrain",76.9139,,,3.19893,,
1983,050,"Bangladesh",15.7906,,,11.10474,,
1983,052,"Barbados",38.4246,,,5.27446,,
1983,112,"Belarus",,,"Not applicable",,,"Not applicable"
1983,056,"Belgium",54.1844,,,7.66376,,
1983,084,"Belize",55.105,,,4.99615,,
1983,204,"Benin",31.0202,,,-6.06716,,
1983,064,"Bhutan",15.8679,,,12.14136,,
1983,068,"Bolivia (Plurinational State of)",0.0029,,,,,"Not available or not separately reported"
1983,070,"Bosnia and Herzegovina",,,"Not applicable",,,"Not applicable"
1983,072,"Botswana",8.405,,,10.49769,,
1983,076,"Brazil",0,,,135.01979,,
1983,096,"Brunei Darussalam",68.697,,,1.16634,,
1983,100,"Bulgaria",0.0248,,,4.34783,,
1983,854,"Burkina Faso",45.3466,,,8.34505,,
1983,108,"Burundi",6.5191,,,8.15077,,
1983,132,"Cabo Verde",27.5856,,,20.15615,,
1983,120,"Cameroon",36.9081,,,20.50855,,
1983,124,"Canada",49.857,,,5.81493,,
1983,140,"Central African Republic",47.6226,,,14.55741,,
1983,148,"Chad",40.1713,,,7.87428,,
1983,152,"Chile",7.8074,,,27.26131,,
1983,156,"China",21.8173,,,2.00172,,
1983,344,"China, Hong Kong SAR",35.3122,,,9.92132,,
1983,158,"China, Taiwan Province of",63.4789,,,1.36851,,
1983,170,"Colombia",2.1386,,,19.50845,,
1983,174,"Comoros",43.6862,,,9.21142,,
1983,178,"Congo",55.5183,,,3.47338,,
1983,188,"Costa Rica",3.2451,,,32.49733,,
1983,384,"Côte d'Ivoire",33.0018,,,5.87925,,
1983,191,"Croatia",,,"Not applicable",,,"Not applicable"
1983,531,"Curaçao",,,"Not applicable",,,"Not applicable"
1983,196,"Cyprus",41.8792,,,5.05144,,
1983,203,"Czechia",,,"Not applicable",,,"Not applicable"
1983,208,"Denmark",50.5476,,,6.83701,,
1983,212,"Dominica",51.2025,,,4.22753,,
1983,214,"Dominican Republic",1.8158,,,5.60065,,
1983,218,"Ecuador",0.12,,,47.82609,,
1983,818,"Egypt",5.8507,,,15.99297,,
1983,222,"El Salvador",7.9056,,,13.12102,,
1983,226,"Equatorial Guinea",13.3151,,,60.06045,,
1983,232,"Eritrea",,,"Not applicable",,,"Not applicable"
1983,233,"Estonia",,,"Not applicable",,,"Not applicable"
1983,748,"Eswatini",8.0222,,,11.56848,,
1983,231,"Ethiopia",,,"Not applicable",,,"Not applicable"
1983,230,"Ethiopia (...1991)",13.387,,,3.55656,,
1983,242,"Fiji",32.7372,,,6.80784,,
1983,246,"Finland",48.1823,,,8.40207,,
1983,251,"France",52.5572,,,9.46033,"Estimated",
1983,250,"France, metropolitan",52.5572,,,9.46033,,
1983,492,"Monaco",52.5572,,,9.46033,"Estimated",
1983,258,"French Polynesia",56.2602,,,13.82857,,
1983,266,"Gabon",52.0344,,,10.40093,,
1983,270,"Gambia",8.8563,,,10.64329,,
1983,268,"Georgia",,,"Not applicable",,,"Not applicable"
1983,276,"Germany",,,"Not applicable",,,"Not applicable"
1983,288,"Ghana",0.3864,,,121.8543,,
1983,300,"Greece",9.5272,,,20.17149,,
1983,308,"Grenada",47.4012,,,6.09669,,
1983,320,"Guatemala",5.6088,,,6.70803,,
1983,324,"Guinea",1.6167,,,30.26226,,
1983,624,"Guinea-Bissau",0.1455,,,23.63636,,
1983,328,"Guyana",1.3844,,,15.34091,,
1983,332,"Haiti",4.3881,,,10.22827,,
1983,340,"Honduras",5.5028,,,8.21575,,
1983,348,"Hungary",4.0109,,,6.39257,,
1983,352,"Iceland",9.776,,,84.26374,,
1983,356,"India",13.529,,,12.56092,,
1983,360,"Indonesia",,,"Not applicable",,,"Not applicable"
1983,960,"Indonesia (...2002)",7.6304,,,11.80004,,
1983,364,"Iran (Islamic Republic of)",0.9766,,,20,,
1983,372,"Ireland",46.4654,,,10.39593,,
1983,376,"Israel",0.584,,,145.45455,,
1983,380,"Italy",35.0243,,,14.70276,,
1983,388,"Jamaica",1.0107,,,16.69794,,
1983,392,"Japan",84.7329,,,1.88043,,
1983,400,"Jordan",29.2448,,,4.95281,,
1983,398,"Kazakhstan",,,"Not applicable",,,"Not applicable"
1983,404,"Kenya",5.279,,,11.39291,,
1983,296,"Kiribati",46.5604,,,6.31217,,
1983,410,"Korea, Republic of",32.6537,,,3.42122,,
1983,414,"Kuwait",46.0801,,,4.71836,,
1983,417,"Kyrgyzstan",,,"Not applicable",,,"Not applicable"
1983,418,"Lao People's Dem. Rep.",0.8049,,,62.34097,,
1983,428,"Latvia",,,"Not applicable",,,"Not applicable"
1983,426,"Lesotho",7.8643,,,17.55061,,
1983,434,"Libya",37.9938,,,10.51134,,
1983,440,"Lithuania",,,"Not applicable",,,"Not applicable"
1983,442,"Luxembourg",51.595,,,8.66981,,
1983,450,"Madagascar",3.3922,,,19.43721,,
1983,454,"Malawi",0.6862,,,13.70968,,
1983,458,"Malaysia",49.6836,,,3.70432,,
1983,462,"Maldives",23.2351,,,9.89335,,
1983,466,"Mali",48.0052,,,10.5004,,
1983,470,"Malta",54.2211,,,-0.9237,,
1983,480,"Mauritius",17.8439,,,7.44488,,
1983,484,"Mexico",0.3215,,,101.7094,,
1983,498,"Moldova, Republic of",,,"Not applicable",,,"Not applicable"
1983,499,"Montenegro",,,"Not applicable",,,"Not applicable"
1983,504,"Morocco",36.7545,,,6.2063,,
1983,508,"Mozambique",0.1364,,,27.77778,,
1983,104,"Myanmar",0.6331,,,5.77617,,
1983,516,"Namibia",8.7815,,,11.99297,,
1983,524,"Nepal",12.0649,,,14.19504,,
1983,528,"Netherlands (Kingdom of the)",60.5541,,,2.90034,,
1983,554,"New Zealand",33.7822,,,7.44215,,
1983,562,"Niger",50.5084,,,1.62195,,
1983,566,"Nigeria",0.65,,,18,,
1983,807,"North Macedonia",,,"Not applicable",,,"Not applicable"
1983,579,"Norway",42.783,,,8.46517,,
1983,512,"Oman",64.0406,,,-2.07467,,
1983,586,"Pakistan",12.3608,,,6.44728,,
1983,591,"Panama",65.7051,,,2.10203,,
1983,598,"Papua New Guinea",15.0786,,,7.90294,,
1983,600,"Paraguay",2.6066,,,12.7824,,
1983,608,"Philippines",10.2932,,,5.25156,,
1983,616,"Poland",0.0648,,,21.68675,,
1983,620,"Portugal",18.8503,,,25.10145,,
1983,634,"Qatar",38.2821,,,2.6951,,
1983,642,"Romania",0.012,,,0,,
1983,643,"Russian Federation",,,"Not applicable",,,"Not applicable"
1983,646,"Rwanda",10.2866,,,6.62821,,
1983,659,"Saint Kitts and Nevis",44.6992,,,2.23088,,
1983,662,"Saint Lucia",45.8598,,,1.47234,,
1983,670,"Saint Vincent and the Grenadines",48.3714,,,5.45801,,
1983,882,"Samoa",23.2598,,,16.45883,,
1983,678,"Sao Tome and Principe",0.2419,,,6.94444,,
1983,682,"Saudi Arabia",82.8779,,,0.57546,,
1983,686,"Senegal",42.9001,,,11.70742,,
1983,688,"Serbia",,,"Not applicable",,,"Not applicable"
1983,690,"Seychelles",33.7579,,,6.57813,,
1983,694,"Sierra Leone",0.0413,,,62.5,,
1983,702,"Singapore",65.391,,,1.03765,,
1983,534,"Sint Maarten (Dutch part)",,,"Not applicable",,,"Not applicable"
1983,703,"Slovakia",,,"Not applicable",,,"Not applicable"
1983,705,"Slovenia",,,"Not applicable",,,"Not applicable"
1983,090,"Solomon Islands",7.3086,,,6.9483,,
1983,710,"South Africa",9.0342,,,12.81264,,
1983,728,"South Sudan",,,"Not applicable",,,"Not applicable"
1983,724,"Spain",30.9094,,,12.17066,,
1983,144,"Sri Lanka",7.3733,,,13.95176,,
1983,729,"Sudan",,,"Not applicable",,,"Not applicable"
1983,736,"Sudan (...2011)",0.0223,,,28,,
1983,740,"Suriname",0.5765,,,4.16667,,
1983,752,"Sweden",40.965,,,8.90469,,
1983,757,"Switzerland, Liechtenstein",62.8233,,,2.95109,,
1983,438,"Liechtenstein",62.8233,,,2.95109,"Estimated",
1983,756,"Switzerland",62.8233,,,2.95109,"Estimated",
1983,760,"Syrian Arab Republic",6.712,,,6.11858,,
1983,762,"Tajikistan",,,"Not applicable",,,"Not applicable"
1983,834,"Tanzania, United Republic of",1.242,,,27.1159,,
1983,764,"Thailand",39.8704,,,3.70021,,
1983,626,"Timor-Leste",,,"Not applicable",,,"Not applicable"
1983,768,"Togo",43.556,,,9.35383,,
1983,776,"Tonga",16.2114,,,9.72934,,
1983,780,"Trinidad and Tobago",15.4889,,,15.17506,,
1983,788,"Tunisia",28.1767,,,8.97424,,
1983,792,"Türkiye",0.0039,,,40,,
1983,795,"Turkmenistan",,,"Not applicable",,,"Not applicable"
1983,800,"Uganda",0.0984,,,145.83333,,
1983,804,"Ukraine",,,"Not applicable",,,"Not applicable"
1983,784,"United Arab Emirates",34.2724,,,1.29702,,
1983,926,"United Kingdom",44.7793,,,5.19914,,
1983,826,"United Kingdom excl. Channel Islands and Isle of Man",44.7793,,,5.19914,"Estimated",
1983,842,"United States of America",45.6644,,,3.15954,,
1983,630,"Puerto Rico",56.3652,,,0.33838,,
1983,840,"United States of America excluding Puerto Rico and United States Virgin Islands",45.6644,,,3.15954,"Estimated",
1983,858,"Uruguay",0.0456,,,54.54545,,
1983,860,"Uzbekistan",,,"Not applicable",,,"Not applicable"
1983,548,"Vanuatu",35.0105,,,1.65312,,
1983,862,"Venezuela (Bolivarian Rep. of)",0.0624,,,6.30631,,
1983,704,"Viet Nam",0.0114,,,46.15385,,
1983,887,"Yemen",,,"Not applicable",,,"Not applicable"
1983,894,"Zambia",0.016,,,21.42857,,
1983,716,"Zimbabwe",277.2512,,,-8.45198,,
1983,0000,"World",0.6146,,,17.93289,,
1983,5100,"Africa",1.1506,,,15.71399,,
1983,5110,"Northern Africa",6.3857,,,12.01994,,
1983,5120,"Sub-Saharan Africa",0.5019,,,17.6845,,
1983,5121,"Eastern Africa",2.414,,,18.66539,,
1983,5122,"Middle Africa",0.0064,,,14.29404,,
1983,5123,"Southern Africa",8.93,,,12.77524,,
1983,5124,"Western Africa",1.1828,,,22.22786,,
1983,5200,"Americas",0.051,,,30.07017,,
1983,5210,"Northern America",45.9623,,,3.38873,,
1983,5220,"Latin America and the Caribbean",0,,,137.58879,,
1983,5221,"Caribbean",7.6692,,,9.37021,,
1983,5222,"Central America",0.2443,,,92.35982,,
1983,5223,"South America",0,,,165.69295,,
1983,5300,"Asia",12.1892,,,7.6362,,
1983,5330,"Eastern Asia",52.0364,,,2.14763,,
1983,5350,"South-eastern Asia",7.5533,,,8.93901,,
1983,5320,"Southern Asia",7.4653,,,13.97249,,
1983,5340,"Western Asia",0.4109,,,25.87693,,
1983,5400,"Europe",7.2466,,,9.35288,,
1983,5410,"Eastern Europe",0.0008,,,11.00904,,
1983,5420,"Northern Europe",43.6353,,,6.60117,,
1983,5430,"Southern Europe",24.8241,,,14.90249,,
1983,5440,"Western Europe",54.8492,,,6.89909,,
1983,5500,"Oceania",35.841,,,9.62598,,
1983,5600,"Asia and Oceania",13.1375,,,7.82042,,
1983,5702,"Northern America and Europe",16.1881,,,6.23053,,
1983,5706,"Europe, Northern America, Australia and New Zealand",16.491,,,6.34065,,
1983,5703,"Central and Southern Asia",0.8481,,,13.97249,,
1983,5704,"Eastern and South-Eastern Asia",40.5311,,,2.98557,,
1983,5705,"Western Asia and Northern Africa",0.7552,,,22.50158,,
1983,1400,"Developing economies",0.0004,,,60.30721,,
1983,1410,"Developing economies: Africa",1.1506,,,15.71399,,
1983,1420,"Developing economies: Americas",0,,,137.58879,,
1983,1460,"Developing economies: Asia and Oceania",3.6717,,,9.47631,,
1983,1430,"Developing economies: Asia",3.6422,,,9.47808,,
1983,1450,"Developing economies: Oceania",26.5661,,,9.15311,,
1983,1500,"Developed economies",19.5014,,,6.29421,,
1983,1520,"Developed economies: Americas",45.9623,,,3.38873,,
1983,1560,"Developed economies: Asia and Oceania",53.9904,,,6.59381,,
1983,1530,"Developed economies: Asia",58.3817,,,6.02628,,
1983,1550,"Developed economies: Oceania",36.2129,,,9.63811,,
1983,1540,"Developed economies: Europe",7.2466,,,9.35288,,
1983,1600,"Developing economies excluding China",0.0001,,,66.56608,,
1983,1601,"Developing economies excluding LDCs",0.0005,,,61.58776,,
1983,1610,"LDCs (Least developed countries)",0.065,,,19.30882,,
1983,1612,"LDCs: Asia",4.4052,,,12.51807,,
1983,1614,"LDCs: Africa",0.0071,,,23.73569,,
1983,1615,"LDCs: Islands and Haiti",5.2057,,,9.85085,,
1983,1620,"LLDCs (Landlocked developing countries)",0.0003,,,17.35108,,
1983,1640,"SIDS (Small island developing States) (UN-OHRLLS)",20.9842,,,6.34579,,
1983,1641,"SIDS: Atlantic and Indian Ocean",34.8572,,,5.66494,,
1983,1642,"SIDS: Caribbean",6.8966,,,9.27574,,
1983,1643,"SIDS: Pacific",54.8381,,,3.01416,,
1983,2623,"Low-income developing economies",0.4038,,,15.63204,,
1983,2622,"Middle-income developing economies",0.6893,,,13.34353,,
1983,2621,"High-income developing economies",0.0001,,,79.09105,,
1983,2711,"BRICS",0,,,64.51618,,
1983,3412,"European Union (2020 …)",21.9355,,,10.83231,,
1983,3916,"G20 (Group of Twenty)",0.7847,,,18.2329,,
1983,3919,"G-77 (Group of 77)",0.0003,,,57.76099,,
1983,3905,"OECD (Organisation for Economic Cooperation and Development)",30.3631,,,9.60996,,
1984,0001,"Individual economies",,,"Not applicable",,,"Not applicable"
1984,012,"Algeria",9.2263,,,6.30974,,
1984,028,"Antigua and Barbuda",49.3493,,,3.8443,,
1984,032,"Argentina",0.0001,,,624.54466,,
1984,051,"Armenia",,,"Not applicable",,,"Not applicable"
1984,533,"Aruba",39.9748,,,2.12214,,
1984,036,"Australia",38.2414,,,3.9604,,
1984,040,"Austria",59.7382,,,5.66464,,
1984,031,"Azerbaijan",,,"Not applicable",,,"Not applicable"
1984,044,"Bahamas",46.742,,,3.96524,,
1984,048,"Bahrain",76.9139,,,0,,
1984,050,"Bangladesh",17.3681,,,9.99014,,
1984,052,"Barbados",40.2106,,,4.6479,,
1984,112,"Belarus",,,"Not applicable",,,"Not applicable"
1984,056,"Belgium",57.6233,,,6.34669,,
1984,084,"Belize",56.9693,,,3.38316,,
1984,204,"Benin",34.2042,,,10.26431,,
1984,064,"Bhutan",17.9375,,,13.04328,,
1984,068,"Bolivia (Plurinational State of)",0.033,,,1050,,
1984,070,"Bosnia and Herzegovina",,,"Not applicable",,,"Not applicable"
1984,072,"Botswana",9.1282,,,8.6048,,
1984,076,"Brazil",0,,,192.12089,,
1984,096,"Brunei Darussalam",70.825,,,3.09766,,
1984,100,"Bulgaria",0.0259,,,4.16667,,
1984,854,"Burkina Faso",47.5449,,,4.84784,,
1984,108,"Burundi",7.452,,,14.31061,,
1984,132,"Cabo Verde",30.2545,,,9.67512,,
1984,120,"Cameroon",41.3721,,,12.09495,,
1984,124,"Canada",52.0207,,,4.33981,,
1984,140,"Central African Republic",48.863,,,2.60456,,
1984,148,"Chad",48.3265,,,20.30111,,
1984,152,"Chile",9.3579,,,19.85851,,
1984,156,"China",22.4066,,,2.70099,,
1984,344,"China, Hong Kong SAR",38.3304,,,8.54737,,
1984,158,"China, Taiwan Province of",63.4586,,,-0.0319,,
1984,170,"Colombia",2.4863,,,16.25964,,
1984,174,"Comoros",46.3309,,,6.05397,,
1984,178,"Congo",57.4539,,,3.48648,,
1984,188,"Costa Rica",3.6359,,,12.04188,,
1984,384,"Côte d'Ivoire",34.4148,,,4.28159,,
1984,191,"Croatia",,,"Not applicable",,,"Not applicable"
1984,531,"Curaçao",,,"Not applicable",,,"Not applicable"
1984,196,"Cyprus",44.3882,,,5.99121,,
1984,203,"Czechia",,,"Not applicable",,,"Not applicable"
1984,208,"Denmark",53.7537,,,6.34273,,
1984,212,"Dominica",52.2935,,,2.13065,,
1984,214,"Dominican Republic",2.1815,,,20.13836,,
1984,218,"Ecuador",0.1577,,,31.37255,,
1984,818,"Egypt",6.8495,,,17.07071,,
1984,222,"El Salvador",8.8305,,,11.6992,,
1984,226,"Equatorial Guinea",21.2406,,,59.52252,,
1984,232,"Eritrea",,,"Not applicable",,,"Not applicable"
1984,233,"Estonia",,,"Not applicable",,,"Not applicable"
1984,748,"Eswatini",9.0607,,,12.94416,,
1984,231,"Ethiopia",,,"Not applicable",,,"Not applicable"
1984,230,"Ethiopia (...1991)",13.3444,,,-0.31831,,
1984,242,"Fiji",34.4623,,,5.26954,,
1984,246,"Finland",51.5546,,,6.99906,,
1984,251,"France",56.5903,,,7.67363,"Estimated",
1984,250,"France, metropolitan",56.5903,,,7.67363,,
1984,492,"Monaco",56.5903,,,7.67363,"Estimated",
1984,258,"French Polynesia",63.2058,,,12.34541,,
1984,266,"Gabon",55.1046,,,5.90031,,
1984,270,"Gambia",10.8142,,,22.1081,,
1984,268,"Georgia",,,"Not applicable",,,"Not applicable"
1984,276,"Germany",,,"Not applicable",,,"Not applicable"
1984,288,"Ghana",0.5409,,,40,,
1984,300,"Greece",11.2862,,,18.46236,,
1984,308,"Grenada",50.0835,,,5.65876,,
1984,320,"Guatemala",5.7892,,,3.21584,,
1984,324,"Guinea",2.0373,,,26.01541,,
1984,624,"Guinea-Bissau",0.2396,,,64.70588,,
1984,328,"Guyana",1.7322,,,25.12315,,
1984,332,"Haiti",4.6695,,,6.41179,,
1984,340,"Honduras",5.763,,,4.7285,,
1984,348,"Hungary",4.3579,,,8.65121,,
1984,352,"Iceland",12.6273,,,29.16667,,
1984,356,"India",14.4098,,,6.51091,,
1984,360,"Indonesia",,,"Not applicable",,,"Not applicable"
1984,960,"Indonesia (...2002)",8.4299,,,10.47784,,
1984,364,"Iran (Islamic Republic of)",1.1002,,,12.65432,,
1984,372,"Ireland",50.4782,,,8.63612,,
1984,376,"Israel",2.7652,,,373.48928,,
1984,380,"Italy",38.7855,,,10.73886,,
1984,388,"Jamaica",1.3259,,,31.18971,,
1984,392,"Japan",86.6407,,,2.25146,,
1984,400,"Jordan",30.4283,,,4.04676,,
1984,398,"Kazakhstan",,,"Not applicable",,,"Not applicable"
1984,404,"Kenya",5.8217,,,10.28104,,
1984,296,"Kiribati",49.0943,,,5.44204,,
1984,410,"Korea, Republic of",33.3959,,,2.27273,,
1984,414,"Kuwait",46.6226,,,1.17737,,
1984,417,"Kyrgyzstan",,,"Not applicable",,,"Not applicable"
1984,418,"Lao People's Dem. Rep.",1.0245,,,27.27273,,
1984,428,"Latvia",,,"Not applicable",,,"Not applicable"
1984,426,"Lesotho",8.7148,,,10.81453,,
1984,434,"Libya",42.72,,,12.43942,,
1984,440,"Lithuania",,,"Not applicable",,,"Not applicable"
1984,442,"Luxembourg",54.5029,,,5.63598,,
1984,450,"Madagascar",3.7222,,,9.72949,,
1984,454,"Malawi",0.8224,,,19.85816,,
1984,458,"Malaysia",51.6232,,,3.90405,,
1984,462,"Maldives",23.4663,,,0.99487,,
1984,466,"Mali",53.1482,,,10.71349,,
1984,470,"Malta",53.9814,,,-0.44204,,
1984,480,"Mauritius",18.8308,,,5.53057,,
1984,484,"Mexico",0.5313,,,65.25424,,
1984,498,"Moldova, Republic of",,,"Not applicable",,,"Not applicable"
1984,499,"Montenegro",,,"Not applicable",,,"Not applicable"
1984,504,"Morocco",41.3298,,,12.44806,,
1984,508,"Mozambique",0.1765,,,29.34783,,
1984,104,"Myanmar",0.6644,,,4.94881,,
1984,516,"Namibia",9.5807,,,9.10042,,
1984,524,"Nepal",12.8147,,,6.21526,,
1984,528,"Netherlands (Kingdom of the)",62.6129,,,3.3999,,
1984,554,"New Zealand",35.8535,,,6.13119,,
1984,562,"Niger",54.7572,,,8.41203,,
1984,566,"Nigeria",0.8951,,,37.71186,,
1984,807,"North Macedonia",,,"Not applicable",,,"Not applicable"
1984,579,"Norway",45.444,,,6.21976,,
1984,512,"Oman",59.3288,,,-7.35749,,
1984,586,"Pakistan",13.1095,,,6.05678,,
1984,591,"Panama",66.7447,,,1.58216,,
1984,598,"Papua New Guinea",16.1975,,,7.41996,,
1984,600,"Paraguay",3.1521,,,20.92778,,
1984,608,"Philippines",15.0968,,,46.66749,,
1984,616,"Poland",0.1141,,,76.23762,,
1984,620,"Portugal",24.3736,,,29.30063,,
1984,634,"Qatar",38.7191,,,1.14169,,
1984,642,"Romania",0.012,,,0,,
1984,643,"Russian Federation",,,"Not applicable",,,"Not applicable"
1984,646,"Rwanda",10.8384,,,5.36434,,
1984,659,"Saint Kitts and Nevis",45.9187,,,2.72829,,
1984,662,"Saint Lucia",46.7998,,,2.04954,,
1984,670,"Saint Vincent and the Grenadines",49.6783,,,2.7017,,
1984,882,"Samoa",26.0182,,,11.85905,,
1984,678,"Sao Tome and Principe",0.2498,,,3.24675,,
1984,682,"Saudi Arabia",82.3172,,,-0.67658,,
1984,686,"Senegal",47.9374,,,11.74179,,
1984,688,"Serbia",,,"Not applicable",,,"Not applicable"
1984,690,"Seychelles",34.1553,,,1.17728,,
1984,694,"Sierra Leone",0.0668,,,61.53846,,
1984,702,"Singapore",67.0934,,,2.60336,,
1984,534,"Sint Maarten (Dutch part)",,,"Not applicable",,,"Not applicable"
1984,703,"Slovakia",,,"Not applicable",,,"Not applicable"
1984,705,"Slovenia",,,"Not applicable",,,"Not applicable"
1984,090,"Solomon Islands",8.1064,,,10.91476,,
1984,710,"South Africa",10.0585,,,11.338,,
1984,728,"South Sudan",,,"Not applicable",,,"Not applicable"
1984,724,"Spain",34.397,,,11.28344,,
1984,144,"Sri Lanka",8.6002,,,16.63953,,
1984,729,"Sudan",,,"Not applicable",,,"Not applicable"
1984,736,"Sudan (...2011)",0.0299,,,34.375,,
1984,740,"Suriname",0.5975,,,3.63636,,
1984,752,"Sweden",44.2513,,,8.02218,,
1984,757,"Switzerland, Liechtenstein",64.6674,,,2.93542,,
1984,438,"Liechtenstein",64.6674,,,2.93542,"Estimated",
1984,756,"Switzerland",64.6674,,,2.93542,"Estimated",
1984,760,"Syrian Arab Republic",7.332,,,9.23719,,
1984,762,"Tajikistan",,,"Not applicable",,,"Not applicable"
1984,834,"Tanzania, United Republic of",1.6902,,,36.08991,,
1984,764,"Thailand",40.1876,,,0.79545,,
1984,626,"Timor-Leste",,,"Not applicable",,,"Not applicable"
1984,768,"Togo",42.0204,,,-3.52549,,
1984,776,"Tonga",17.4934,,,7.90789,,
1984,780,"Trinidad and Tobago",17.5538,,,13.33136,,
1984,788,"Tunisia",30.5991,,,8.59689,,
1984,792,"Türkiye",0.0056,,,42.85714,,
1984,795,"Turkmenistan",,,"Not applicable",,,"Not applicable"
1984,800,"Uganda",0.1151,,,16.94915,,
1984,804,"Ukraine",,,"Not applicable",,,"Not applicable"
1984,784,"United Arab Emirates",35.1062,,,2.43278,,
1984,926,"United Kingdom",46.771,,,4.44772,,
1984,826,"United Kingdom excl. Channel Islands and Isle of Man",46.771,,,4.44772,"Estimated",
1984,842,"United States of America",47.6591,,,4.36822,,
1984,630,"Puerto Rico",57.3428,,,1.73438,,
1984,840,"United States of America excluding Puerto Rico and United States Virgin Islands",47.6591,,,4.36822,"Estimated",
1984,858,"Uruguay",0.0698,,,52.94118,,
1984,860,"Uzbekistan",,,"Not applicable",,,"Not applicable"
1984,548,"Vanuatu",36.9417,,,5.51617,,
1984,862,"Venezuela (Bolivarian Rep. of)",0.0698,,,11.86441,,
1984,704,"Viet Nam",0.0185,,,63.15789,,
1984,887,"Yemen",,,"Not applicable",,,"Not applicable"
1984,894,"Zambia",0.0189,,,17.64706,,
1984,716,"Zimbabwe",272.1023,,,-1.85712,,
1984,0000,"World",0.7592,,,23.53088,,
1984,5100,"Africa",1.3468,,,17.04832,,
1984,5110,"Northern Africa",7.2456,,,13.466,,
1984,5120,"Sub-Saharan Africa",0.5979,,,19.11949,,
1984,5121,"Eastern Africa",2.7044,,,12.02986,,
1984,5122,"Middle Africa",0.007,,,9.57785,,
1984,5123,"Southern Africa",9.9354,,,11.25855,,
1984,5124,"Western Africa",1.5599,,,31.88466,,
1984,5200,"Americas",0.0721,,,41.48243,,
1984,5210,"Northern America",47.9689,,,4.36581,,
1984,5220,"Latin America and the Caribbean",0,,,199.69982,,
1984,5221,"Caribbean",8.8061,,,14.82391,,
1984,5222,"Central America",0.3881,,,58.87489,,
1984,5223,"South America",0,,,274.65847,,
1984,5300,"Asia",13.5831,,,11.43623,,
1984,5330,"Eastern Asia",53.2868,,,2.40294,,
1984,5350,"South-eastern Asia",8.8638,,,17.34943,,
1984,5320,"Southern Asia",8.1159,,,8.71537,,
1984,5340,"Western Asia",0.6309,,,53.52776,,
1984,5400,"Europe",7.9245,,,9.35383,,
1984,5410,"Eastern Europe",0.0011,,,35.15516,,
1984,5420,"Northern Europe",46.022,,,5.4697,,
1984,5430,"Southern Europe",27.8916,,,12.35679,,
1984,5440,"Western Europe",58.1718,,,6.05768,,
1984,5500,"Oceania",37.4153,,,4.3925,,
1984,5600,"Asia and Oceania",14.5542,,,10.78357,,
1984,5702,"Northern America and Europe",17.2752,,,6.71522,,
1984,5706,"Europe, Northern America, Australia and New Zealand",17.5853,,,6.63611,,
1984,5703,"Central and Southern Asia",0.922,,,8.71537,,
1984,5704,"Eastern and South-Eastern Asia",42.2576,,,4.25987,,
1984,5705,"Western Asia and Northern Africa",1.0805,,,43.07953,,
1984,1400,"Developing economies",0.0008,,,82.93351,,
1984,1410,"Developing economies: Africa",1.3468,,,17.04832,,
1984,1420,"Developing economies: Americas",0,,,199.69982,,
1984,1460,"Developing economies: Asia and Oceania",4.0415,,,10.07054,,
1984,1430,"Developing economies: Asia",4.0093,,,10.07982,,
1984,1450,"Developing economies: Oceania",28.7842,,,8.34932,,
1984,1500,"Developed economies",20.9693,,,7.52691,,
1984,1520,"Developed economies: Americas",47.9689,,,4.36581,,
1984,1560,"Developed economies: Asia and Oceania",60.0982,,,11.31274,,
1984,1530,"Developed economies: Asia",65.7521,,,12.62457,,
1984,1550,"Developed economies: Oceania",37.7673,,,4.29246,,
1984,1540,"Developed economies: Europe",7.9245,,,9.35383,,
1984,1600,"Developing economies excluding China",0.0002,,,92.42671,,
1984,1601,"Developing economies excluding LDCs",0.0008,,,85.02645,,
1984,1610,"LDCs (Least developed countries)",0.0751,,,15.63449,,
1984,1612,"LDCs: Asia",4.8273,,,9.5823,,
1984,1614,"LDCs: Africa",0.0086,,,19.79279,,
1984,1615,"LDCs: Islands and Haiti",5.5463,,,6.54304,,
1984,1620,"LLDCs (Landlocked developing countries)",0.0008,,,151.67997,,
1984,1640,"SIDS (Small island developing States) (UN-OHRLLS)",22.8558,,,8.9191,,
1984,1641,"SIDS: Atlantic and Indian Ocean",36.1083,,,3.58934,,
1984,1642,"SIDS: Caribbean",7.9006,,,14.5569,,
1984,1643,"SIDS: Pacific",57.0023,,,3.94656,,
1984,2623,"Low-income developing economies",0.457,,,13.18414,,
1984,2622,"Middle-income developing economies",0.8592,,,24.65381,,
1984,2621,"High-income developing economies",0.0002,,,107.68363,,
1984,2711,"BRICS",0,,,84.32438,,
1984,3412,"European Union (2020 …)",24.395,,,11.21227,,
1984,3916,"G20 (Group of Twenty)",0.9659,,,23.07973,,
1984,3919,"G-77 (Group of 77)",0.0005,,,90.34556,,
1984,3905,"OECD (Organisation for Economic Cooperation and Development)",33.273,,,9.58372,,
1985,0001,"Individual economies",,,"Not applicable",,,"Not applicable"
1985,012,"Algeria",10.1887,,,10.43042,,
1985,028,"Antigua and Barbuda",49.8406,,,0.99553,,
1985,032,"Argentina",0.0007,,,675.48066,,
1985,051,"Armenia",,,"Not applicable",,,"Not applicable"
1985,533,"Aruba",41.452,,,3.69522,,
1985,036,"Australia",40.8169,,,6.73469,,
1985,040,"Austria",61.6434,,,3.18938,,
1985,031,"Azerbaijan",,,"Not applicable",,,"Not applicable"
1985,044,"Bahamas",48.9037,,,4.62477,,
1985,048,"Bahrain",75.0687,,,-2.39907,,
1985,050,"Bangladesh",19.1813,,,10.44005,,
1985,052,"Barbados",42.1644,,,4.859,,
1985,112,"Belarus",,,"Not applicable",,,"Not applicable"
1985,056,"Belgium",60.428,,,4.86743,,
1985,084,"Belize",59.3353,,,4.15306,,
1985,204,"Benin",34.5987,,,1.15356,,
1985,064,"Bhutan",19.3726,,,8.00016,,
1985,068,"Bolivia (Plurinational State of)",3.9772,,,11960.86957,,
1985,070,"Bosnia and Herzegovina",,,"Not applicable",,,"Not applicable"
1985,072,"Botswana",9.8673,,,8.09664,,
1985,076,"Brazil",0,,,226.02924,,
1985,096,"Brunei Darussalam",72.335,,,2.13202,,
1985,100,"Bulgaria",0.0259,,,0,,
1985,854,"Burkina Faso",50.8986,,,7.05366,,
1985,108,"Burundi",7.736,,,3.81098,,
1985,132,"Cabo Verde",32.0338,,,5.88108,,
1985,120,"Cameroon",43.1104,,,4.20168,,
1985,124,"Canada",54.0754,,,3.94969,,
1985,140,"Central African Republic",53.9724,,,10.45662,,
1985,148,"Chad",50.777,,,5.07067,,
1985,152,"Chile",12.2314,,,30.70693,,
1985,156,"China",24.491,,,9.30245,,
1985,344,"China, Hong Kong SAR",39.6943,,,3.55808,,
1985,158,"China, Taiwan Province of",63.3595,,,-0.15621,,
1985,170,"Colombia",3.0814,,,23.93588,,
1985,174,"Comoros",50.2143,,,8.38186,,
1985,178,"Congo",59.4689,,,3.50709,,
1985,188,"Costa Rica",4.1861,,,15.133,,
1985,384,"Côte d'Ivoire",35.0173,,,1.75053,,
1985,191,"Croatia",,,"Not applicable",,,"Not applicable"
1985,531,"Curaçao",,,"Not applicable",,,"Not applicable"
1985,196,"Cyprus",46.6229,,,5.03423,,
1985,203,"Czechia",,,"Not applicable",,,"Not applicable"
1985,208,"Denmark",56.2598,,,4.66206,,
1985,212,"Dominica",53.3844,,,2.0862,,
1985,214,"Dominican Republic",3.1711,,,45.36148,,
1985,218,"Ecuador",0.2024,,,28.35821,,
1985,818,"Egypt",7.6798,,,12.12252,,
1985,222,"El Salvador",10.8019,,,22.32553,,
1985,226,"Equatorial Guinea",39.0816,,,83.99425,,
1985,232,"Eritrea",,,"Not applicable",,,"Not applicable"
1985,233,"Estonia",,,"Not applicable",,,"Not applicable"
1985,748,"Eswatini",10.9145,,,20.4604,,
1985,231,"Ethiopia",,,"Not applicable",,,"Not applicable"
1985,230,"Ethiopia (...1991)",15.798,,,18.38655,,
1985,242,"Fiji",35.9825,,,4.41117,,
1985,246,"Finland",54.5548,,,5.81942,,
1985,251,"France",59.8896,,,5.8303,"Estimated",
1985,250,"France, metropolitan",59.8896,,,5.8303,,
1985,492,"Monaco",59.8896,,,5.8303,"Estimated",
1985,258,"French Polynesia",69.9125,,,10.61083,,
1985,266,"Gabon",59.1271,,,7.2999,,
1985,270,"Gambia",12.7953,,,18.31952,,
1985,268,"Georgia",,,"Not applicable",,,"Not applicable"
1985,276,"Germany",,,"Not applicable",,,"Not applicable"
1985,288,"Ghana",0.5974,,,10.44776,,
1985,300,"Greece",13.4657,,,19.31185,,
1985,308,"Grenada",51.3368,,,2.50241,,
1985,320,"Guatemala",6.8989,,,19.16916,,
1985,324,"Guinea",2.425,,,19.03306,,
1985,624,"Guinea-Bissau",0.5102,,,112.94643,,
1985,328,"Guyana",1.9923,,,15.01687,,
1985,332,"Haiti",5.1675,,,10.66617,,
1985,340,"Honduras",5.9564,,,3.35671,,
1985,348,"Hungary",4.6639,,,7.02157,,
1985,352,"Iceland",16.7162,,,32.38119,,
1985,356,"India",15.3106,,,6.25096,,
1985,360,"Indonesia",,,"Not applicable",,,"Not applicable"
1985,960,"Indonesia (...2002)",8.8267,,,4.70731,,
1985,364,"Iran (Islamic Republic of)",1.1454,,,4.10959,,
1985,372,"Ireland",53.2383,,,5.46791,,
1985,376,"Israel",11.1883,,,304.61095,,
1985,380,"Italy",42.2647,,,8.97036,,
1985,388,"Jamaica",1.7191,,,29.65686,,
1985,392,"Japan",88.406,,,2.03756,,
1985,400,"Jordan",31.2824,,,2.80693,,
1985,398,"Kazakhstan",,,"Not applicable",,,"Not applicable"
1985,404,"Kenya",6.579,,,13.00806,,
1985,296,"Kiribati",51.299,,,4.49073,,
1985,410,"Korea, Republic of",34.2179,,,2.46143,,
1985,414,"Kuwait",47.3177,,,1.49086,,
1985,417,"Kyrgyzstan",,,"Not applicable",,,"Not applicable"
1985,418,"Lao People's Dem. Rep.",2.1991,,,114.65517,,
1985,428,"Latvia",,,"Not applicable",,,"Not applicable"
1985,426,"Lesotho",9.8686,,,13.24009,,
1985,434,"Libya",46.6119,,,9.11025,,
1985,440,"Lithuania",,,"Not applicable",,,"Not applicable"
1985,442,"Luxembourg",56.7339,,,4.09326,,
1985,450,"Madagascar",4.1159,,,10.57654,,
1985,454,"Malawi",0.91,,,10.65089,,
1985,458,"Malaysia",52.959,,,2.58754,,
1985,462,"Maldives",21.3163,,,-9.16178,,
1985,466,"Mali",57.9727,,,9.07745,,
1985,470,"Malta",53.8539,,,-0.23613,,
1985,478,"Mauritania",21.453,,,,,"Not available or not separately reported"
1985,480,"Mauritius",20.397,,,8.31724,,
1985,484,"Mexico",0.8377,,,57.69231,,
1985,498,"Moldova, Republic of",,,"Not applicable",,,"Not applicable"
1985,499,"Montenegro",,,"Not applicable",,,"Not applicable"
1985,504,"Morocco",44.524,,,7.72874,,
1985,508,"Mozambique",0.2313,,,31.09244,,
1985,104,"Myanmar",0.7098,,,6.82927,,
1985,516,"Namibia",10.7254,,,11.94871,,
1985,524,"Nepal",13.3436,,,4.12702,,
1985,528,"Netherlands (Kingdom of the)",64.0524,,,2.29907,,
1985,554,"New Zealand",41.3673,,,15.37883,,
1985,562,"Niger",54.1712,,,-1.07018,,
1985,566,"Nigeria",0.9483,,,5.94872,,
1985,807,"North Macedonia",,,"Not applicable",,,"Not applicable"
1985,579,"Norway",48.041,,,5.71473,,
1985,512,"Oman",56.9729,,,-3.9709,,
1985,586,"Pakistan",13.8394,,,5.56811,,
1985,591,"Panama",67.4303,,,1.0273,,
1985,598,"Papua New Guinea",16.7986,,,3.7114,,
1985,600,"Paraguay",3.9354,,,24.84743,,
1985,608,"Philippines",18.6018,,,23.21714,,
1985,616,"Poland",0.1314,,,15.16854,,
1985,620,"Portugal",29.0869,,,19.33809,,
1985,634,"Qatar",39.1562,,,1.1288,,
1985,642,"Romania",0.012,,,0,,
1985,643,"Russian Federation",,,"Not applicable",,,"Not applicable"
1985,646,"Rwanda",11.0255,,,1.72621,,
1985,659,"Saint Kitts and Nevis",47.1421,,,2.66441,,
1985,662,"Saint Lucia",47.0345,,,0.50159,,
1985,670,"Saint Vincent and the Grenadines",50.711,,,2.07892,,
1985,882,"Samoa",28.3838,,,9.09206,,
1985,678,"Sao Tome and Principe",0.2498,,,0,,
1985,682,"Saudi Arabia",80.4156,,,-2.31001,,
1985,686,"Senegal",54.1885,,,13.04016,,
1985,688,"Serbia",,,"Not applicable",,,"Not applicable"
1985,690,"Seychelles",34.3552,,,0.58519,,
1985,694,"Sierra Leone",0.1208,,,80.95238,,
1985,702,"Singapore",67.4229,,,0.49109,,
1985,534,"Sint Maarten (Dutch part)",,,"Not applicable",,,"Not applicable"
1985,703,"Slovakia",,,"Not applicable",,,"Not applicable"
1985,705,"Slovenia",,,"Not applicable",,,"Not applicable"
1985,090,"Solomon Islands",8.8699,,,9.41893,,
1985,710,"South Africa",11.7276,,,16.59389,,
1985,728,"South Sudan",,,"Not applicable",,,"Not applicable"
1985,724,"Spain",37.4286,,,8.81362,,
1985,144,"Sri Lanka",8.7287,,,1.49358,,
1985,729,"Sudan",,,"Not applicable",,,"Not applicable"
1985,736,"Sudan (...2011)",0.0432,,,44.18605,,
1985,740,"Suriname",0.6625,,,10.87719,,
1985,752,"Sweden",47.5117,,,7.36783,,
1985,757,"Switzerland, Liechtenstein",66.8835,,,3.42692,,
1985,438,"Liechtenstein",66.8835,,,3.42692,"Estimated",
1985,756,"Switzerland",66.8835,,,3.42692,"Estimated",
1985,760,"Syrian Arab Republic",8.597,,,17.25314,,
1985,762,"Tajikistan",,,"Not applicable",,,"Not applicable"
1985,834,"Tanzania, United Republic of",2.2533,,,33.31256,,
1985,764,"Thailand",41.1685,,,2.44081,,
1985,626,"Timor-Leste",,,"Not applicable",,,"Not applicable"
1985,768,"Togo",41.2575,,,-1.81556,,
1985,776,"Tonga",18.4034,,,5.202,,
1985,780,"Trinidad and Tobago",18.8918,,,7.62185,,
1985,788,"Tunisia",32.9095,,,7.55077,,
1985,792,"Türkiye",0.0084,,,50,,
1985,795,"Turkmenistan",,,"Not applicable",,,"Not applicable"
1985,800,"Uganda",0.2301,,,100,,
1985,804,"Ukraine",,,"Not applicable",,,"Not applicable"
1985,784,"United Arab Emirates",36.3349,,,3.5,,
1985,926,"United Kingdom",49.1842,,,5.15972,,
1985,826,"United Kingdom excl. Channel Islands and Isle of Man",49.1842,,,5.15972,"Estimated",
1985,842,"United States of America",49.3406,,,3.52823,,
1985,630,"Puerto Rico",57.4641,,,0.21152,,
1985,840,"United States of America excluding Puerto Rico and United States Virgin Islands",49.3406,,,3.52823,"Estimated",
1985,858,"Uruguay",0.1181,,,69.23077,,
1985,860,"Uzbekistan",,,"Not applicable",,,"Not applicable"
1985,548,"Vanuatu",37.3357,,,1.06669,,
1985,862,"Venezuela (Bolivarian Rep. of)",0.0777,,,11.36364,,
1985,704,"Viet Nam",0.0353,,,90.32258,,
1985,887,"Yemen",,,"Not applicable",,,"Not applicable"
1985,894,"Zambia",0.0264,,,40,,
1985,716,"Zimbabwe",228.5389,,,-16.00995,,
1985,0000,"World",0.9733,,,28.19686,,
1985,5100,"Africa",1.5196,,,12.83477,,
1985,5110,"Northern Africa",8.1553,,,12.55619,,
1985,5120,"Sub-Saharan Africa",0.6756,,,12.99839,,
1985,5121,"Eastern Africa",3.2393,,,19.77924,,
1985,5122,"Middle Africa",0.0075,,,6.14612,,
1985,5123,"Southern Africa",11.5626,,,16.37745,,
1985,5124,"Western Africa",1.68,,,7.69983,,
1985,5200,"Americas",0.1114,,,54.41637,,
1985,5210,"Northern America",49.6783,,,3.56358,,
1985,5220,"Latin America and the Caribbean",0,,,277.93487,,
1985,5221,"Caribbean",10.6527,,,20.96973,,
1985,5222,"Central America",0.5937,,,52.966,,
1985,5223,"South America",0,,,394.89154,,
1985,5300,"Asia",14.9695,,,10.2068,,
1985,5330,"Eastern Asia",55.0279,,,3.26743,,
1985,5350,"South-eastern Asia",9.9312,,,12.043,,
1985,5320,"Southern Asia",8.5798,,,5.71506,,
1985,5340,"Western Asia",0.9347,,,48.15661,,
1985,5400,"Europe",8.4542,,,6.68482,,
1985,5410,"Eastern Europe",0.0012,,,8.01389,,
1985,5420,"Northern Europe",48.5757,,,5.54887,,
1985,5430,"Southern Europe",30.7157,,,10.12511,,
1985,5440,"Western Europe",60.8763,,,4.64921,,
1985,5500,"Oceania",40.407,,,7.99588,,
1985,5600,"Asia and Oceania",16.0099,,,10.002,,
1985,5702,"Northern America and Europe",18.139,,,5.00034,,
1985,5706,"Europe, Northern America, Australia and New Zealand",18.4822,,,5.10017,,
1985,5703,"Central and Southern Asia",0.9747,,,5.71506,,
1985,5704,"Eastern and South-Eastern Asia",44.0888,,,4.33333,,
1985,5705,"Western Asia and Northern Africa",1.4991,,,38.74106,,
1985,1400,"Developing economies",0.0017,,,111.47346,,
1985,1410,"Developing economies: Africa",1.5196,,,12.83477,,
1985,1420,"Developing economies: Americas",0,,,277.93487,,
1985,1460,"Developing economies: Asia and Oceania",4.453,,,10.18197,,
1985,1430,"Developing economies: Asia",4.4185,,,10.20531,,
1985,1450,"Developing economies: Oceania",30.4323,,,5.72596,,
1985,1500,"Developed economies",22.1979,,,5.85896,,
1985,1520,"Developed economies: Americas",49.6783,,,3.56358,,
1985,1560,"Developed economies: Asia and Oceania",66.0285,,,9.86764,,
1985,1530,"Developed economies: Asia",72.4641,,,10.20812,,
1985,1550,"Developed economies: Oceania",40.8083,,,8.05182,,
1985,1540,"Developed economies: Europe",8.4542,,,6.68482,,
1985,1600,"Developing economies excluding China",0.0005,,,124.95922,,
1985,1601,"Developing economies excluding LDCs",0.0018,,,114.1487,,
1985,1610,"LDCs (Least developed countries)",0.0918,,,22.21464,,
1985,1612,"LDCs: Asia",5.4644,,,13.19814,,
1985,1614,"LDCs: Africa",0.011,,,28.72388,,
1985,1615,"LDCs: Islands and Haiti",6.1091,,,10.14746,,
1985,1620,"LLDCs (Landlocked developing countries)",0.0135,,,1639.54383,,
1985,1640,"SIDS (Small island developing States) (UN-OHRLLS)",25.2415,,,10.43801,,
1985,1641,"SIDS: Atlantic and Indian Ocean",37.4048,,,3.59042,,
1985,1642,"SIDS: Caribbean",9.5125,,,20.40255,,
1985,1643,"SIDS: Pacific",57.9487,,,1.66033,,
1985,2623,"Low-income developing economies",0.5386,,,17.86548,,
1985,2622,"Middle-income developing economies",1.7781,,,106.94348,,
1985,2621,"High-income developing economies",0.0004,,,117.59641,,
1985,2711,"BRICS",0,,,98.83396,,
1985,3412,"European Union (2020 …)",26.1826,,,7.32774,,
1985,3916,"G20 (Group of Twenty)",1.1931,,,23.52209,,
1985,3919,"G-77 (Group of 77)",0.0011,,,126.03427,,
1985,3905,"OECD (Organisation for Economic Cooperation and Development)",35.9031,,,7.90451,,
1986,0001,"Individual economies",,,"Not applicable",,,"Not applicable"
1986,012,"Algeria",11.6157,,,14.00576,,
1986,028,"Antigua and Barbuda",50.0897,,,0.49974,,
1986,032,"Argentina",0.0013,,,89.54254,,
1986,051,"Armenia",,,"Not applicable",,,"Not applicable"
1986,533,"Aruba",41.9153,,,1.11776,,
1986,036,"Australia",44.5109,,,9.05035,,
1986,040,"Austria",62.7143,,,1.73719,,
1986,031,"Azerbaijan",,,"Not applicable",,,"Not applicable"
1986,044,"Bahamas",51.5511,,,5.41355,,
1986,048,"Bahrain",73.1914,,,-2.50083,,
1986,050,"Bangladesh",21.1598,,,10.31498,,
1986,052,"Barbados",42.2476,,,0.19743,,
1986,112,"Belarus",,,"Not applicable",,,"Not applicable"
1986,056,"Belgium",61.2109,,,1.2956,,
1986,084,"Belize",59.8072,,,0.79534,,
1986,204,"Benin",34.7416,,,0.41296,,
1986,064,"Bhutan",20.3756,,,5.17744,,
1986,068,"Bolivia (Plurinational State of)",14.8494,,,273.35977,,
1986,070,"Bosnia and Herzegovina",,,"Not applicable",,,"Not applicable"
1986,072,"Botswana",10.8542,,,10.00178,,
1986,076,"Brazil",0,,,147.13718,,
1986,096,"Brunei Darussalam",73.623,,,1.7806,,
1986,100,"Bulgaria",0.0269,,,4,,
1986,854,"Burkina Faso",49.524,,,-2.70071,,
1986,108,"Burundi",7.8652,,,1.67034,,
1986,132,"Cabo Verde",35.5935,,,11.11225,,
1986,116,"Cambodia",1.0113,,,,,"Not available or not separately reported"
1986,120,"Cameroon",44.9647,,,4.30108,,
1986,124,"Canada",56.3327,,,4.17434,,
1986,140,"Central African Republic",55.2737,,,2.41103,,
1986,148,"Chad",44.1488,,,-13.05343,,
1986,152,"Chile",14.6142,,,19.4812,,
1986,156,"China",26.0828,,,6.49937,,
1986,344,"China, Hong Kong SAR",41.1135,,,3.57544,,
1986,158,"China, Taiwan Province of",63.7987,,,0.69311,,
1986,170,"Colombia",3.6615,,,18.82248,,
1986,174,"Comoros",44.546,,,-11.28815,,
1986,178,"Congo",61.5619,,,3.51961,,
1986,188,"Costa Rica",4.6788,,,11.77022,,
1986,384,"Côte d'Ivoire",37.4117,,,6.83787,,
1986,191,"Croatia",,,"Not applicable",,,"Not applicable"
1986,531,"Curaçao",,,"Not applicable",,,"Not applicable"
1986,196,"Cyprus",47.1907,,,1.21797,,
1986,203,"Czechia",,,"Not applicable",,,"Not applicable"
1986,208,"Denmark",58.3515,,,3.71797,,
1986,212,"Dominica",54.9938,,,3.01474,,
1986,214,"Dominican Republic",3.414,,,7.65845,,
1986,218,"Ecuador",0.2483,,,22.67442,,
1986,818,"Egypt",9.5148,,,23.89381,,
1986,222,"El Salvador",14.2522,,,31.94139,,
1986,226,"Equatorial Guinea",32.1878,,,-17.63935,,
1986,232,"Eritrea",,,"Not applicable",,,"Not applicable"
1986,233,"Estonia",,,"Not applicable",,,"Not applicable"
1986,748,"Eswatini",12.4138,,,13.73646,,
1986,231,"Ethiopia",,,"Not applicable",,,"Not applicable"
1986,230,"Ethiopia (...1991)",16.6749,,,5.55082,,
1986,242,"Fiji",36.6262,,,1.78891,,
1986,246,"Finland",56.1369,,,2.90004,,
1986,251,"France",61.4101,,,2.53884,"Estimated",
1986,250,"France, metropolitan",61.4101,,,2.53884,,
1986,492,"Monaco",61.4101,,,2.53884,"Estimated",
1986,258,"French Polynesia",70.7634,,,1.2172,,
1986,266,"Gabon",62.911,,,6.39946,,
1986,270,"Gambia",20.0317,,,56.55447,,
1986,268,"Georgia",,,"Not applicable",,,"Not applicable"
1986,276,"Germany",,,"Not applicable",,,"Not applicable"
1986,288,"Ghana",0.7439,,,24.51737,,
1986,300,"Greece",16.5647,,,23.01382,,
1986,308,"Grenada",51.6226,,,0.55673,,
1986,320,"Guatemala",9.1612,,,32.79173,,
1986,324,"Guinea",3.9942,,,64.70588,,
1986,624,"Guinea-Bissau",0.646,,,26.62474,,
1986,328,"Guyana",2.1501,,,7.92176,,
1986,332,"Haiti",5.337,,,3.28035,,
1986,340,"Honduras",6.2157,,,4.35313,,
1986,348,"Hungary",4.9109,,,5.29588,,
1986,352,"Iceland",20.2718,,,21.27046,,
1986,356,"India",16.6722,,,8.89338,,
1986,360,"Indonesia",,,"Not applicable",,,"Not applicable"
1986,960,"Indonesia (...2002)",9.3392,,,5.80624,,
1986,364,"Iran (Islamic Republic of)",1.4197,,,23.94737,,
1986,372,"Ireland",54.858,,,3.04232,,
1986,376,"Israel",16.5752,,,48.14815,,
1986,380,"Italy",44.7239,,,5.81859,,
1986,388,"Jamaica",2.1383,,,24.38563,,
1986,392,"Japan",88.9428,,,0.60717,,
1986,400,"Jordan",31.2824,,,0,,
1986,398,"Kazakhstan",,,"Not applicable",,,"Not applicable"
1986,404,"Kenya",6.7457,,,2.53336,,
1986,296,"Kiribati",54.6881,,,6.60662,,
1986,410,"Korea, Republic of",35.1591,,,2.7508,,
1986,414,"Kuwait",47.7691,,,0.95402,,
1986,417,"Kyrgyzstan",,,"Not applicable",,,"Not applicable"
1986,418,"Lao People's Dem. Rep.",2.9687,,,34.99713,,
1986,428,"Latvia",,,"Not applicable",,,"Not applicable"
1986,426,"Lesotho",11.6603,,,18.15562,,
1986,434,"Libya",48.1873,,,3.37983,,
1986,440,"Lithuania",,,"Not applicable",,,"Not applicable"
1986,442,"Luxembourg",56.9045,,,0.30071,,
1986,450,"Madagascar",4.7124,,,14.49119,,
1986,454,"Malawi",1.0414,,,14.4385,,
1986,458,"Malaysia",53.144,,,0.34927,,
1986,462,"Maldives",23.2564,,,9.10119,,
1986,466,"Mali",57.1692,,,-1.38613,,
1986,470,"Malta",54.9478,,,2.03107,,
1986,478,"Mauritania",22.444,,,4.6194,,
1986,480,"Mauritius",21.2823,,,4.34034,,
1986,484,"Mexico",1.5624,,,86.50407,,
1986,498,"Moldova, Republic of",,,"Not applicable",,,"Not applicable"
1986,499,"Montenegro",,,"Not applicable",,,"Not applicable"
1986,504,"Morocco",48.4131,,,8.73472,,
1986,508,"Mozambique",0.3248,,,40.38462,,
1986,104,"Myanmar",0.7746,,,9.13242,,
1986,516,"Namibia",12.1607,,,13.38186,,
1986,524,"Nepal",15.4591,,,15.8538,,
1986,528,"Netherlands (Kingdom of the)",64.0524,,,0,,
1986,554,"New Zealand",46.8365,,,13.22103,,
1986,562,"Niger",52.4132,,,-3.24528,,
1986,566,"Nigeria",1.0172,,,7.26041,,
1986,807,"North Macedonia",,,"Not applicable",,,"Not applicable"
1986,579,"Norway",51.489,,,7.1772,,
1986,512,"Oman",61.3281,,,7.64431,,
1986,586,"Pakistan",14.3182,,,3.45993,,
1986,591,"Panama",67.3849,,,-0.06733,,
1986,598,"Papua New Guinea",17.7147,,,5.45326,,
1986,600,"Paraguay",5.183,,,31.70391,,
1986,608,"Philippines",18.5409,,,-0.32722,,
1986,616,"Poland",0.1545,,,17.56098,,
1986,620,"Portugal",32.4798,,,11.6647,,
1986,634,"Qatar",39.8998,,,1.89904,,
1986,642,"Romania",0.012,,,0,,
1986,643,"Russian Federation",,,"Not applicable",,,"Not applicable"
1986,646,"Rwanda",10.9047,,,-1.09548,,
1986,659,"Saint Kitts and Nevis",47.1284,,,-0.02923,,
1986,662,"Saint Lucia",48.0577,,,2.17544,,
1986,670,"Saint Vincent and the Grenadines",51.2959,,,1.15341,,
1986,882,"Samoa",29.1453,,,2.68275,,
1986,678,"Sao Tome and Principe",0.2859,,,14.46541,,
1986,682,"Saudi Arabia",77.9059,,,-3.1209,,
1986,686,"Senegal",57.5062,,,6.12265,,
1986,688,"Serbia",,,"Not applicable",,,"Not applicable"
1986,690,"Seychelles",35.1791,,,2.39819,,
1986,694,"Sierra Leone",0.2194,,,81.57895,,
1986,702,"Singapore",66.4928,,,-1.37953,,
1986,534,"Sint Maarten (Dutch part)",,,"Not applicable",,,"Not applicable"
1986,703,"Slovakia",,,"Not applicable",,,"Not applicable"
1986,705,"Slovenia",,,"Not applicable",,,"Not applicable"
1986,090,"Solomon Islands",10.031,,,13.09065,,
1986,710,"South Africa",13.85,,,18.09738,,
1986,728,"South Sudan",,,"Not applicable",,,"Not applicable"
1986,724,"Spain",40.7207,,,8.79555,,
1986,144,"Sri Lanka",9.4238,,,7.96314,,
1986,729,"Sudan",,,"Not applicable",,,"Not applicable"
1986,736,"Sudan (...2011)",0.0696,,,61.29032,,
1986,740,"Suriname",0.7862,,,18.67089,,
1986,752,"Sweden",49.5225,,,4.23215,,
1986,757,"Switzerland, Liechtenstein",67.3804,,,0.74301,,
1986,438,"Liechtenstein",67.3804,,,0.74301,"Estimated",
1986,756,"Switzerland",67.3804,,,0.74301,"Estimated",
1986,760,"Syrian Arab Republic",11.697,,,36.05909,,
1986,762,"Tajikistan",,,"Not applicable",,,"Not applicable"
1986,834,"Tanzania, United Republic of",2.9833,,,32.39832,,
1986,764,"Thailand",41.9296,,,1.8489,,
1986,626,"Timor-Leste",,,"Not applicable",,,"Not applicable"
1986,768,"Togo",42.9599,,,4.12639,,
1986,776,"Tonga",23.8994,,,29.86357,,
1986,780,"Trinidad and Tobago",20.3457,,,7.69605,,
1986,788,"Tunisia",34.9366,,,6.1596,,
1986,792,"Türkiye",0.0112,,,33.33333,,
1986,795,"Turkmenistan",,,"Not applicable",,,"Not applicable"
1986,800,"Uganda",0.5619,,,144.2029,,
1986,804,"Ukraine",,,"Not applicable",,,"Not applicable"
1986,784,"United Arab Emirates",38.3096,,,5.43478,,
1986,926,"United Kingdom",50.9679,,,3.62648,,
1986,826,"United Kingdom excl. Channel Islands and Isle of Man",50.9679,,,3.62648,"Estimated",
1986,842,"United States of America",50.2999,,,1.94424,,
1986,630,"Puerto Rico",57.3283,,,-0.23628,,
1986,840,"United States of America excluding Puerto Rico and United States Virgin Islands",50.2999,,,1.94424,"Estimated",
1986,858,"Uruguay",0.2093,,,77.27273,,
1986,860,"Uzbekistan",,,"Not applicable",,,"Not applicable"
1986,548,"Vanuatu",39.1153,,,4.76623,,
1986,862,"Venezuela (Bolivarian Rep. of)",0.0867,,,11.56463,,
1986,704,"Viet Nam",0.1963,,,455.9322,,
1986,887,"Yemen",,,"Not applicable",,,"Not applicable"
1986,894,"Zambia",0.0387,,,46.42857,,
1986,716,"Zimbabwe",252.9137,,,10.66552,,
1986,0000,"World",1.0942,,,12.43084,,
1986,5100,"Africa",1.752,,,15.29284,,
1986,5110,"Northern Africa",9.5585,,,17.20592,,
1986,5120,"Sub-Saharan Africa",0.7711,,,14.13394,,
1986,5121,"Eastern Africa",3.8921,,,20.1528,,
1986,5122,"Middle Africa",0.0077,,,3.28973,,
1986,5123,"Southern Africa",13.6239,,,17.82794,,
1986,5124,"Western Africa",1.8479,,,9.99193,,
1986,5200,"Americas",0.1341,,,20.42774,,
1986,5210,"Northern America",50.7376,,,2.13223,,
1986,5220,"Latin America and the Caribbean",0,,,101.69696,,
1986,5221,"Caribbean",11.5385,,,8.31513,,
1986,5222,"Central America",1.0644,,,79.27358,,
1986,5223,"South America",0,,,116.14329,,
1986,5300,"Asia",16.0505,,,7.22084,,
1986,5330,"Eastern Asia",56.0547,,,1.86598,,
1986,5350,"South-eastern Asia",12.7262,,,28.14323,,
1986,5320,"Southern Asia",9.6368,,,12.32035,,
1986,5340,"Western Asia",1.0923,,,16.8625,,
1986,5400,"Europe",8.8475,,,4.65251,,
1986,5410,"Eastern Europe",0.0013,,,9.16011,,
1986,5420,"Northern Europe",50.5154,,,3.99317,,
1986,5430,"Southern Europe",33.1911,,,8.05913,,
1986,5440,"Western Europe",61.9112,,,1.70002,,
1986,5500,"Oceania",44.2656,,,9.54923,,
1986,5600,"Asia and Oceania",17.2001,,,7.43432,,
1986,5702,"Northern America and Europe",18.7347,,,3.28399,,
1986,5706,"Europe, Northern America, Australia and New Zealand",19.1278,,,3.4931,,
1986,5703,"Central and Southern Asia",1.0948,,,12.32035,,
1986,5704,"Eastern and South-Eastern Asia",46.2472,,,4.89567,,
1986,5705,"Western Asia and Northern Africa",1.7533,,,16.95842,,
1986,1400,"Developing economies",0.0025,,,46.62559,,
1986,1410,"Developing economies: Africa",1.752,,,15.29284,,
1986,1420,"Developing economies: Americas",0,,,101.69696,,
1986,1460,"Developing economies: Asia and Oceania",5.0376,,,13.13038,,
1986,1430,"Developing economies: Asia",5.0006,,,13.17522,,
1986,1450,"Developing economies: Oceania",31.7875,,,4.45294,,
1986,1500,"Developed economies",22.9245,,,3.27362,,
1986,1520,"Developed economies: Americas",50.7376,,,2.13223,,
1986,1560,"Developed economies: Asia and Oceania",68.1585,,,3.22592,,
1986,1530,"Developed economies: Asia",73.9406,,,2.0375,,
1986,1550,"Developed economies: Oceania",44.7559,,,9.67362,,
1986,1540,"Developed economies: Europe",8.8475,,,4.65251,,
1986,1600,"Developing economies excluding China",0.0008,,,52.4935,,
1986,1601,"Developing economies excluding LDCs",0.0026,,,47.32317,,
1986,1610,"LDCs (Least developed countries)",0.1134,,,23.50596,,
1986,1612,"LDCs: Asia",6.0982,,,11.5986,,
1986,1614,"LDCs: Africa",0.0146,,,32.22478,,
1986,1615,"LDCs: Islands and Haiti",6.294,,,3.0271,,
1986,1620,"LLDCs (Landlocked developing countries)",0.021,,,55.318,,
1986,1640,"SIDS (Small island developing States) (UN-OHRLLS)",26.2658,,,4.05816,,
1986,1641,"SIDS: Atlantic and Indian Ocean",37.735,,,0.88285,,
1986,1642,"SIDS: Caribbean",10.3378,,,8.67659,,
1986,1643,"SIDS: Pacific",57.9231,,,-0.04416,,
1986,2623,"Low-income developing economies",0.652,,,21.03957,,
1986,2622,"Middle-income developing economies",2.1656,,,21.79,,
1986,2621,"High-income developing economies",0.0007,,,56.72174,,
1986,2711,"BRICS",0.0001,,,65.53355,,
1986,3412,"European Union (2020 …)",27.5204,,,5.10945,,
1986,3916,"G20 (Group of Twenty)",1.3355,,,11.93842,,
1986,3919,"G-77 (Group of 77)",0.0016,,,44.18813,,
1986,3905,"OECD (Organisation for Economic Cooperation and Development)",38.0335,,,5.93376,,
1987,0001,"Individual economies",,,"Not applicable",,,"Not applicable"
1987,012,"Algeria",12.2961,,,5.85819,,
1987,028,"Antigua and Barbuda",51.8937,,,3.60165,,
1987,032,"Argentina",0.0029,,,131.55165,,
1987,051,"Armenia",,,"Not applicable",,,"Not applicable"
1987,533,"Aruba",43.441,,,3.63995,,
1987,036,"Australia",48.3091,,,8.53302,,
1987,040,"Austria",63.5971,,,1.40765,,
1987,031,"Azerbaijan",,,"Not applicable",,,"Not applicable"
1987,044,"Bahamas",54.6415,,,5.99491,,
1987,048,"Bahrain",71.9469,,,-1.70023,,
1987,050,"Bangladesh",23.3852,,,10.5171,,
1987,052,"Barbados",43.7545,,,3.56664,,
1987,112,"Belarus",,,"Not applicable",,,"Not applicable"
1987,056,"Belgium",62.1622,,,1.55399,,
1987,084,"Belize",61.0157,,,2.02065,,
1987,204,"Benin",34.2767,,,-1.33818,,
1987,064,"Bhutan",21.8106,,,7.0429,,
1987,068,"Bolivia (Plurinational State of)",17.0144,,,14.57951,,
1987,070,"Bosnia and Herzegovina",,,"Not applicable",,,"Not applicable"
1987,072,"Botswana",11.9177,,,9.79804,,
1987,076,"Brazil",0,,,228.32696,,
1987,096,"Brunei Darussalam",74.541,,,1.24689,,
1987,100,"Bulgaria",0.0279,,,3.84615,,
1987,854,"Burkina Faso",48.113,,,-2.84912,,
1987,108,"Burundi",8.4247,,,7.1132,,
1987,132,"Cabo Verde",36.928,,,3.74919,,
1987,116,"Cambodia",0.6952,,,-31.25453,,
1987,120,"Cameroon",46.2209,,,2.79381,,
1987,124,"Canada",58.7918,,,4.36525,,
1987,140,"Central African Republic",51.4119,,,-6.98669,,
1987,148,"Chad",42.9426,,,-2.7322,,
1987,152,"Chile",17.5198,,,19.88222,,
1987,156,"China",27.9864,,,7.29856,,
1987,344,"China, Hong Kong SAR",43.4451,,,5.67117,,
1987,158,"China, Taiwan Province of",64.127,,,0.51459,,
1987,170,"Colombia",4.5163,,,23.34835,,
1987,174,"Comoros",46.0159,,,3.29972,,
1987,178,"Congo",63.7392,,,3.53674,,
1987,188,"Costa Rica",5.4656,,,16.81564,,
1987,384,"Côte d'Ivoire",40.023,,,6.97994,,
1987,191,"Croatia",,,"Not applicable",,,"Not applicable"
1987,531,"Curaçao",,,"Not applicable",,,"Not applicable"
1987,196,"Cyprus",48.4558,,,2.68072,,
1987,203,"Czechia",,,"Not applicable",,,"Not applicable"
1987,208,"Denmark",60.6737,,,3.97976,,
1987,212,"Dominica",57.6421,,,4.81564,,
1987,214,"Dominican Republic",3.8759,,,13.5323,,
1987,218,"Ecuador",0.3213,,,29.38389,,
1987,818,"Egypt",11.9112,,,25.18634,,
1987,222,"El Salvador",17.7935,,,24.84731,,
1987,226,"Equatorial Guinea",27.9476,,,-13.17339,,
1987,232,"Eritrea",,,"Not applicable",,,"Not applicable"
1987,233,"Estonia",,,"Not applicable",,,"Not applicable"
1987,748,"Eswatini",14.0744,,,13.37761,,
1987,231,"Ethiopia",,,"Not applicable",,,"Not applicable"
1987,230,"Ethiopia (...1991)",15.1498,,,-9.14593,,
1987,242,"Fiji",38.701,,,5.66491,,
1987,246,"Finland",58.4291,,,4.08331,,
1987,251,"France",63.4304,,,3.28976,"Estimated",
1987,250,"France, metropolitan",63.4304,,,3.28976,,
1987,492,"Monaco",63.4304,,,3.28976,"Estimated",
1987,258,"French Polynesia",71.6484,,,1.25062,,
1987,266,"Gabon",62.2817,,,-1.00031,,
1987,270,"Gambia",24.7814,,,23.71098,,
1987,268,"Georgia",,,"Not applicable",,,"Not applicable"
1987,276,"Germany",,,"Not applicable",,,"Not applicable"
1987,288,"Ghana",1.0392,,,39.68992,,
1987,300,"Greece",19.2813,,,16.39992,,
1987,308,"Grenada",51.1717,,,-0.87348,,
1987,320,"Guatemala",10.1548,,,10.84538,,
1987,324,"Guinea",5.4677,,,36.89059,,
1987,624,"Guinea-Bissau",1.2064,,,86.75497,,
1987,328,"Guyana",2.7668,,,28.68147,,
1987,332,"Haiti",4.7254,,,-11.46038,,
1987,340,"Honduras",6.3705,,,2.49123,,
1987,348,"Hungary",5.3368,,,8.6744,,
1987,352,"Iceland",24.0753,,,18.76294,,
1987,356,"India",18.1819,,,9.05535,,
1987,360,"Indonesia",,,"Not applicable",,,"Not applicable"
1987,960,"Indonesia (...2002)",10.2031,,,9.25055,,
1987,364,"Iran (Islamic Republic of)",1.8116,,,27.60085,,
1987,372,"Ireland",56.5879,,,3.15337,,
1987,376,"Israel",19.8664,,,19.85577,,
1987,380,"Italy",46.8352,,,4.72072,,
1987,388,"Jamaica",2.3788,,,11.2462,,
1987,392,"Japan",89.0567,,,0.12805,,
1987,400,"Jordan",31.216,,,-0.21218,,
1987,398,"Kazakhstan",,,"Not applicable",,,"Not applicable"
1987,404,"Kenya",7.3288,,,8.64421,,
1987,296,"Kiribati",49.1039,,,-10.21101,,
1987,410,"Korea, Republic of",36.2301,,,3.04597,,
1987,414,"Kuwait",48.0818,,,0.65457,,
1987,417,"Kyrgyzstan",,,"Not applicable",,,"Not applicable"
1987,418,"Lao People's Dem. Rep.",3.1491,,,6.07735,,
1987,428,"Latvia",,,"Not applicable",,,"Not applicable"
1987,426,"Lesotho",13.0173,,,11.63763,,
1987,434,"Libya",50.3189,,,4.42359,,
1987,440,"Lithuania",,,"Not applicable",,,"Not applicable"
1987,442,"Luxembourg",56.8476,,,-0.09993,,
1987,450,"Madagascar",5.4405,,,15.45226,,
1987,454,"Malawi",1.2993,,,24.76636,,
1987,458,"Malaysia",53.5359,,,0.73749,,
1987,462,"Maldives",25.9778,,,11.70193,,
1987,466,"Mali",48.63,,,-14.9366,,
1987,470,"Malta",55.1755,,,0.41439,,
1987,478,"Mauritania",24.273,,,8.14917,,
1987,480,"Mauritius",21.4353,,,0.71883,,
1987,484,"Mexico",3.6248,,,131.99651,,
1987,498,"Moldova, Republic of",,,"Not applicable",,,"Not applicable"
1987,499,"Montenegro",,,"Not applicable",,,"Not applicable"
1987,504,"Morocco",49.7188,,,2.69694,,
1987,508,"Mozambique",0.8586,,,164.38356,,
1987,104,"Myanmar",0.955,,,23.29149,,
1987,516,"Namibia",13.6947,,,12.61448,,
1987,524,"Nepal",17.5136,,,13.28995,,
1987,528,"Netherlands (Kingdom of the)",63.4125,,,-0.99903,,
1987,554,"New Zealand",54.2191,,,15.76248,,
1987,562,"Niger",48.9339,,,-6.63827,,
1987,566,"Nigeria",1.1319,,,11.28159,,
1987,807,"North Macedonia",,,"Not applicable",,,"Not applicable"
1987,579,"Norway",55.977,,,8.71642,,
1987,512,"Oman",62.898,,,2.5598,,
1987,586,"Pakistan",14.9905,,,4.69499,,
1987,591,"Panama",68.0566,,,0.9968,,
1987,598,"Papua New Guinea",18.3059,,,3.33751,,
1987,600,"Paraguay",6.3057,,,21.6596,,
1987,608,"Philippines",19.1052,,,3.04357,,
1987,616,"Poland",0.1936,,,25.3112,,
1987,620,"Portugal",35.5338,,,9.40256,,
1987,634,"Qatar",41.6911,,,4.48969,,
1987,642,"Romania",0.013,,,8.33333,,
1987,643,"Russian Federation",,,"Not applicable",,,"Not applicable"
1987,646,"Rwanda",11.3558,,,4.13726,,
1987,659,"Saint Kitts and Nevis",47.5703,,,0.93774,,
1987,662,"Saint Lucia",51.4397,,,7.03734,,
1987,670,"Saint Vincent and the Grenadines",52.8034,,,2.93873,,
1987,882,"Samoa",32.3974,,,11.15838,,
1987,678,"Sao Tome and Principe",0.3566,,,24.72527,,
1987,682,"Saudi Arabia",76.0412,,,-2.39363,,
1987,686,"Senegal",55.1307,,,-4.13087,,
1987,688,"Serbia",,,"Not applicable",,,"Not applicable"
1987,690,"Seychelles",35.9681,,,2.24292,,
1987,694,"Sierra Leone",0.6073,,,176.81159,,
1987,702,"Singapore",66.8143,,,0.48348,,
1987,534,"Sint Maarten (Dutch part)",,,"Not applicable",,,"Not applicable"
1987,703,"Slovakia",,,"Not applicable",,,"Not applicable"
1987,705,"Slovenia",,,"Not applicable",,,"Not applicable"
1987,090,"Solomon Islands",11.1846,,,11.49962,,
1987,710,"South Africa",16.134,,,16.49118,,
1987,728,"South Sudan",,,"Not applicable",,,"Not applicable"
1987,724,"Spain",42.8573,,,5.24695,,
1987,144,"Sri Lanka",10.1513,,,7.71975,,
1987,729,"Sudan",,,"Not applicable",,,"Not applicable"
1987,736,"Sudan (...2011)",0.0877,,,26,,
1987,740,"Suriname",1.2076,,,53.6,,
1987,752,"Sweden",51.6141,,,4.22364,,
1987,757,"Switzerland, Liechtenstein",68.3478,,,1.43562,,
1987,438,"Liechtenstein",68.3478,,,1.43562,"Estimated",
1987,756,"Switzerland",68.3478,,,1.43562,"Estimated",
1987,760,"Syrian Arab Republic",18.655,,,59.48534,,
1987,762,"Tajikistan",,,"Not applicable",,,"Not applicable"
1987,834,"Tanzania, United Republic of",3.8751,,,29.89054,,
1987,764,"Thailand",42.957,,,2.45016,,
1987,626,"Timor-Leste",,,"Not applicable",,,"Not applicable"
1987,768,"Togo",42.9827,,,0.05297,,
1987,776,"Tonga",25.7393,,,7.69872,,
1987,780,"Trinidad and Tobago",22.5334,,,10.75299,,
1987,788,"Tunisia",37.8088,,,8.22127,,
1987,792,"Türkiye",0.0151,,,35,,
1987,795,"Turkmenistan",,,"Not applicable",,,"Not applicable"
1987,800,"Uganda",1.7726,,,215.43027,,
1987,804,"Ukraine",,,"Not applicable",,,"Not applicable"
1987,784,"United Arab Emirates",40.416,,,5.49828,,
1987,926,"United Kingdom",53.04,,,4.06565,,
1987,826,"United Kingdom excl. Channel Islands and Isle of Man",53.04,,,4.06565,"Estimated",
1987,842,"United States of America",52.0997,,,3.5782,,
1987,630,"Puerto Rico",58.5195,,,2.07787,,
1987,840,"United States of America excluding Puerto Rico and United States Virgin Islands",52.0997,,,3.5782,"Estimated",
1987,858,"Uruguay",0.3435,,,64.10256,,
1987,860,"Uzbekistan",,,"Not applicable",,,"Not applicable"
1987,548,"Vanuatu",45.3892,,,16.03962,,
1987,862,"Venezuela (Bolivarian Rep. of)",0.111,,,28.04878,,
1987,704,"Viet Nam",0.9035,,,360.36585,,
1987,887,"Yemen",,,"Not applicable",,,"Not applicable"
1987,894,"Zambia",0.0547,,,41.46341,,
1987,716,"Zimbabwe",285.2479,,,12.78467,,
1987,0000,"World",1.2797,,,16.95062,,
1987,5100,"Africa",2.014,,,14.94943,,
1987,5110,"Northern Africa",10.7801,,,12.78023,,
1987,5120,"Sub-Saharan Africa",0.8964,,,16.25352,,
1987,5121,"Eastern Africa",4.9214,,,26.4465,,
1987,5122,"Middle Africa",0.0078,,,0.99286,,
1987,5123,"Southern Africa",15.8361,,,16.23716,,
1987,5124,"Western Africa",2.1121,,,14.29584,,
1987,5200,"Americas",0.176,,,31.24047,,
1987,5210,"Northern America",52.5864,,,3.64376,,
1987,5220,"Latin America and the Caribbean",0,,,153.44095,,
1987,5221,"Caribbean",12.4186,,,7.62734,,
1987,5222,"Central America",2.325,,,118.43499,,
1987,5223,"South America",0,,,174.14073,,
1987,5300,"Asia",17.1111,,,6.60806,,
1987,5330,"Eastern Asia",57.0591,,,1.79171,,
1987,5350,"South-eastern Asia",15.8744,,,24.73819,,
1987,5320,"Southern Asia",10.8844,,,12.94563,,
1987,5340,"Western Asia",1.2502,,,14.452,,
1987,5400,"Europe",9.2619,,,4.68341,,
1987,5410,"Eastern Europe",0.0015,,,15.66578,,
1987,5420,"Northern Europe",52.7819,,,4.48674,,
1987,5430,"Southern Europe",35.1367,,,5.86186,,
1987,5440,"Western Europe",63.1782,,,2.04641,,
1987,5500,"Oceania",48.4356,,,9.42043,,
1987,5600,"Asia and Oceania",18.3799,,,6.85942,,
1987,5702,"Northern America and Europe",19.5061,,,4.11743,,
1987,5706,"Europe, Northern America, Australia and New Zealand",19.949,,,4.29314,,
1987,5703,"Central and Southern Asia",1.2366,,,12.94563,,
1987,5704,"Eastern and South-Eastern Asia",48.29,,,4.41702,,
1987,5705,"Western Asia and Northern Africa",1.9988,,,14.00132,,
1987,1400,"Developing economies",0.0042,,,65.67132,,
1987,1410,"Developing economies: Africa",2.014,,,14.94943,,
1987,1420,"Developing economies: Americas",0,,,153.44095,,
1987,1460,"Developing economies: Asia and Oceania",5.6939,,,13.027,,
1987,1430,"Developing economies: Asia",5.6544,,,13.07419,,
1987,1450,"Developing economies: Oceania",33.04,,,3.94042,,
1987,1500,"Developed economies",23.7905,,,3.77738,,
1987,1520,"Developed economies: Americas",52.5864,,,3.64376,,
1987,1560,"Developed economies: Asia and Oceania",69.6722,,,2.22076,,
1987,1530,"Developed economies: Asia",74.6046,,,0.89801,,
1987,1550,"Developed economies: Oceania",49.0345,,,9.55987,,
1987,1540,"Developed economies: Europe",9.2619,,,4.68341,,
1987,1600,"Developing economies excluding China",0.0014,,,74.6562,,
1987,1601,"Developing economies excluding LDCs",0.0044,,,67.03123,,
1987,1610,"LDCs (Least developed countries)",0.1376,,,21.35713,,
1987,1612,"LDCs: Asia",6.7526,,,10.72971,,
1987,1614,"LDCs: Africa",0.0189,,,29.95326,,
1987,1615,"LDCs: Islands and Haiti",5.7666,,,-8.37928,,
1987,1620,"LLDCs (Landlocked developing countries)",0.0252,,,20.05607,,
1987,1640,"SIDS (Small island developing States) (UN-OHRLLS)",27.6759,,,5.36868,,
1987,1641,"SIDS: Atlantic and Indian Ocean",38.9652,,,3.26004,,
1987,1642,"SIDS: Caribbean",11.3486,,,9.77705,,
1987,1643,"SIDS: Pacific",58.6777,,,1.30267,,
1987,2623,"Low-income developing economies",0.8003,,,22.74451,,
1987,2622,"Middle-income developing economies",2.5474,,,17.63032,,
1987,2621,"High-income developing economies",0.0012,,,84.66021,,
1987,2711,"BRICS",0.0001,,,99.44985,,
1987,3412,"European Union (2020 …)",28.8764,,,4.92746,,
1987,3916,"G20 (Group of Twenty)",1.5657,,,17.23592,,
1987,3919,"G-77 (Group of 77)",0.0025,,,62.41194,,
1987,3905,"OECD (Organisation for Economic Cooperation and Development)",40.8527,,,7.41246,,
1988,0001,"Individual economies",,,"Not applicable",,,"Not applicable"
1988,012,"Algeria",13.0265,,,5.93994,,
1988,028,"Antigua and Barbuda",55.423,,,6.80097,,
1988,032,"Argentina",0.0131,,,343.33588,,
1988,051,"Armenia",,,"Not applicable",,,"Not applicable"
1988,533,"Aruba",44.7968,,,3.12103,,
1988,036,"Australia",51.821,,,7.26979,,
1988,040,"Austria",64.7848,,,1.86756,,
1988,031,"Azerbaijan",,,"Not applicable",,,"Not applicable"
1988,044,"Bahamas",56.8545,,,4.04994,,
1988,048,"Bahrain",72.0909,,,0.20008,,
1988,050,"Bangladesh",25.7752,,,10.22,,
1988,052,"Barbados",45.8195,,,4.71965,,
1988,112,"Belarus",,,"Not applicable",,,"Not applicable"
1988,056,"Belgium",62.8853,,,1.16338,,
1988,084,"Belize",64.2617,,,5.32,,
1988,204,"Benin",35.4571,,,3.44374,,
1988,064,"Bhutan",23.5959,,,8.18541,,
1988,068,"Bolivia (Plurinational State of)",19.737,,,16.00236,,
1988,070,"Bosnia and Herzegovina",,,"Not applicable",,,"Not applicable"
1988,072,"Botswana",12.9192,,,8.4029,,
1988,076,"Brazil",0,,,629.11816,,
1988,096,"Brunei Darussalam",75.431,,,1.19397,,
1988,100,"Bulgaria",0.0279,,,0,,
1988,854,"Burkina Faso",50.1294,,,4.19112,,
1988,108,"Burundi",8.8024,,,4.4834,,
1988,132,"Cabo Verde",38.2635,,,3.61667,,
1988,116,"Cambodia",0.8551,,,22.99578,,
1988,120,"Cameroon",47.0089,,,1.70494,,
1988,124,"Canada",61.1615,,,4.03079,,
1988,140,"Central African Republic",49.3896,,,-3.93352,,
1988,148,"Chad",49.3415,,,14.90121,,
1988,152,"Chile",20.0915,,,14.6785,,
1988,156,"China",33.2474,,,18.79832,,
1988,344,"China, Hong Kong SAR",46.8459,,,7.82776,,
1988,446,"China, Macao SAR",54.3768,,,,,"Not available or not separately reported"
1988,158,"China, Taiwan Province of",64.953,,,1.28819,,
1988,170,"Colombia",5.7849,,,28.08886,,
1988,174,"Comoros",46.1495,,,0.29026,,
1988,178,"Congo",55.445,,,-13.01268,,
1988,188,"Costa Rica",6.6039,,,20.82736,,
1988,384,"Côte d'Ivoire",42.7975,,,6.93232,,
1988,191,"Croatia",,,"Not applicable",,,"Not applicable"
1988,531,"Curaçao",,,"Not applicable",,,"Not applicable"
1988,196,"Cyprus",50.1183,,,3.43106,,
1988,203,"Czechia",,,"Not applicable",,,"Not applicable"
1988,208,"Denmark",63.4188,,,4.52428,,
1988,212,"Dominica",58.9403,,,2.25205,,
1988,214,"Dominican Republic",5.5759,,,43.86028,,
1988,218,"Ecuador",0.5084,,,58.24176,,
1988,818,"Egypt",13.7196,,,15.18234,,
1988,222,"El Salvador",21.3121,,,19.77429,,
1988,226,"Equatorial Guinea",28.6525,,,2.52225,,
1988,232,"Eritrea",,,"Not applicable",,,"Not applicable"
1988,233,"Estonia",,,"Not applicable",,,"Not applicable"
1988,748,"Eswatini",16.9449,,,20.39448,,
1988,231,"Ethiopia",,,"Not applicable",,,"Not applicable"
1988,230,"Ethiopia (...1991)",15.484,,,2.20577,,
1988,242,"Fiji",43.2509,,,11.75639,,
1988,246,"Finland",61.4293,,,5.13473,,
1988,251,"France",65.1433,,,2.70053,"Estimated",
1988,250,"France, metropolitan",65.1433,,,2.70053,,
1988,492,"Monaco",65.1433,,,2.70053,"Estimated",
1988,258,"French Polynesia",73.0792,,,1.99696,,
1988,266,"Gabon",56.1785,,,-9.7992,,
1988,270,"Gambia",27.6436,,,11.54997,,
1988,268,"Georgia",,,"Not applicable",,,"Not applicable"
1988,276,"Germany",,,"Not applicable",,,"Not applicable"
1988,288,"Ghana",1.3656,,,31.40954,,
1988,300,"Greece",21.8874,,,13.51637,,
1988,308,"Grenada",53.2187,,,4.00023,,
1988,320,"Guatemala",11.2003,,,10.29604,,
1988,324,"Guinea",6.9598,,,27.29061,,
1988,624,"Guinea-Bissau",1.9348,,,60.37234,,
1988,328,"Guyana",3.8706,,,39.89437,,
1988,332,"Haiti",4.9194,,,4.10503,,
1988,340,"Honduras",6.6566,,,4.4907,,
1988,348,"Hungary",6.1788,,,15.77665,,
1988,352,"Iceland",30.204,,,25.45607,,
1988,356,"India",19.4938,,,7.21537,,
1988,360,"Indonesia",,,"Not applicable",,,"Not applicable"
1988,960,"Indonesia (...2002)",11.0275,,,8.07979,,
1988,364,"Iran (Islamic Republic of)",2.3361,,,28.95175,,
1988,372,"Ireland",57.8135,,,2.16597,,
1988,376,"Israel",23.0903,,,16.2283,,
1988,380,"Italy",49.2188,,,5.08928,,
1988,388,"Jamaica",2.5738,,,8.19672,,
1988,392,"Japan",89.6399,,,0.65484,,
1988,400,"Jordan",33.31,,,6.70786,,
1988,398,"Kazakhstan",,,"Not applicable",,,"Not applicable"
1988,404,"Kenya",8.2274,,,12.26137,,
1988,296,"Kiribati",49.6612,,,1.1351,,
1988,410,"Korea, Republic of",38.82,,,7.14856,,
1988,414,"Kuwait",48.7879,,,1.46858,,
1988,417,"Kyrgyzstan",,,"Not applicable",,,"Not applicable"
1988,418,"Lao People's Dem. Rep.",3.6159,,,14.82372,,
1988,428,"Latvia",,,"Not applicable",,,"Not applicable"
1988,426,"Lesotho",14.5246,,,11.57928,,
1988,434,"Libya",51.8943,,,3.13084,,
1988,440,"Lithuania",,,"Not applicable",,,"Not applicable"
1988,442,"Luxembourg",57.6426,,,1.39856,,
1988,450,"Madagascar",6.8732,,,26.33297,,
1988,454,"Malawi",1.7422,,,34.0824,,
1988,458,"Malaysia",53.6909,,,0.28948,,
1988,462,"Maldives",27.6626,,,6.48542,,
1988,466,"Mali",52.9817,,,8.94854,,
1988,470,"Malta",55.6973,,,0.9458,,
1988,478,"Mauritania",24.594,,,1.32246,,
1988,480,"Mauritius",22.2065,,,3.59775,,
1988,484,"Mexico",7.74,,,113.52875,,
1988,498,"Moldova, Republic of",,,"Not applicable",,,"Not applicable"
1988,499,"Montenegro",,,"Not applicable",,,"Not applicable"
1988,504,"Morocco",50.8975,,,2.37086,,
1988,508,"Mozambique",1.3613,,,58.54922,,
1988,104,"Myanmar",1.1203,,,17.30769,,
1988,516,"Namibia",15.4538,,,12.84481,,
1988,524,"Nepal",19.4446,,,11.02602,,
1988,528,"Netherlands (Kingdom of the)",63.7297,,,0.50027,,
1988,554,"New Zealand",57.6625,,,6.35083,,
1988,558,"Nicaragua",0.0036,,,,,"Not available or not separately reported"
1988,562,"Niger",49.2264,,,0.5977,,
1988,566,"Nigeria",1.4918,,,31.79238,,
1988,807,"North Macedonia",,,"Not applicable",,,"Not applicable"
1988,579,"Norway",59.714,,,6.67596,,
1988,512,"Oman",63.8981,,,1.59017,,
1988,586,"Pakistan",16.3147,,,8.83363,,
1988,591,"Panama",68.3011,,,0.35921,,
1988,598,"Papua New Guinea",19.3026,,,5.44493,,
1988,600,"Paraguay",7.7306,,,22.59752,,
1988,604,"Peru",0.001,,,,,"Not available or not separately reported"
1988,608,"Philippines",21.4423,,,12.23284,,
1988,616,"Poland",0.3103,,,60.2649,,
1988,620,"Portugal",38.9374,,,9.57858,,
1988,634,"Qatar",43.7016,,,4.82234,,
1988,642,"Romania",0.013,,,0,,
1988,643,"Russian Federation",,,"Not applicable",,,"Not applicable"
1988,646,"Rwanda",11.6874,,,2.91971,,
1988,659,"Saint Kitts and Nevis",47.6796,,,0.22967,,
1988,662,"Saint Lucia",51.8666,,,0.82988,,
1988,670,"Saint Vincent and the Grenadines",52.9613,,,0.29902,,
1988,882,"Samoa",33.4321,,,3.19369,,
1988,678,"Sao Tome and Principe",0.5153,,,44.49339,,
1988,682,"Saudi Arabia",75.7744,,,-0.35078,,
1988,686,"Senegal",54.1258,,,-1.82283,,
1988,688,"Serbia",,,"Not applicable",,,"Not applicable"
1988,690,"Seychelles",36.1401,,,0.47816,,
1988,694,"Sierra Leone",0.8172,,,34.55497,,
1988,702,"Singapore",67.8313,,,1.52223,,
1988,534,"Sint Maarten (Dutch part)",,,"Not applicable",,,"Not applicable"
1988,703,"Slovakia",,,"Not applicable",,,"Not applicable"
1988,705,"Slovenia",,,"Not applicable",,,"Not applicable"
1988,090,"Solomon Islands",13.0649,,,16.81196,,
1988,710,"South Africa",18.1984,,,12.79538,,
1988,728,"South Sudan",,,"Not applicable",,,"Not applicable"
1988,724,"Spain",44.9301,,,4.83655,,
1988,144,"Sri Lanka",11.5714,,,13.99007,,
1988,729,"Sudan",,,"Not applicable",,,"Not applicable"
1988,736,"Sudan (...2011)",0.1434,,,63.49206,,
1988,740,"Suriname",1.2957,,,7.29167,,
1988,752,"Sweden",54.6059,,,5.79643,,
1988,757,"Switzerland, Liechtenstein",69.627,,,1.87172,,
1988,438,"Liechtenstein",69.627,,,1.87172,"Estimated",
1988,756,"Switzerland",69.627,,,1.87172,"Estimated",
1988,760,"Syrian Arab Republic",23.399,,,25.43018,,
1988,762,"Tajikistan",,,"Not applicable",,,"Not applicable"
1988,834,"Tanzania, United Republic of",5.0839,,,31.19478,,
1988,764,"Thailand",44.6254,,,3.88398,,
1988,626,"Timor-Leste",,,"Not applicable",,,"Not applicable"
1988,768,"Togo",42.9177,,,-0.15127,,
1988,776,"Tonga",28.3976,,,10.32774,,
1988,780,"Trinidad and Tobago",24.2814,,,7.757,,
1988,788,"Tunisia",40.5145,,,7.15624,,
1988,792,"Türkiye",0.0263,,,74.07407,,
1988,795,"Turkmenistan",,,"Not applicable",,,"Not applicable"
1988,800,"Uganda",4.7274,,,166.69802,,
1988,804,"Ukraine",,,"Not applicable",,,"Not applicable"
1988,784,"United Arab Emirates",42.4346,,,4.99457,,
1988,926,"United Kingdom",55.4868,,,4.61311,,
1988,826,"United Kingdom excl. Channel Islands and Isle of Man",55.4868,,,4.61311,"Estimated",
1988,842,"United States of America",54.2357,,,4.09974,,
1988,630,"Puerto Rico",60.0275,,,2.57695,,
1988,840,"United States of America excluding Puerto Rico and United States Virgin Islands",54.2357,,,4.09974,"Estimated",
1988,858,"Uruguay",0.5554,,,61.71875,,
1988,860,"Uzbekistan",,,"Not applicable",,,"Not applicable"
1988,548,"Vanuatu",49.3651,,,8.75957,,
1988,862,"Venezuela (Bolivarian Rep. of)",0.1438,,,29.52381,,
1988,704,"Viet Nam",4.2872,,,374.50331,,
1988,887,"Yemen",,,"Not applicable",,,"Not applicable"
1988,894,"Zambia",0.0802,,,46.55172,,
1988,716,"Zimbabwe",282.2327,,,-1.05706,,
1988,0000,"World",1.7111,,,33.70948,,
1988,5100,"Africa",2.3489,,,16.63123,,
1988,5110,"Northern Africa",12.1482,,,12.69077,,
1988,5120,"Sub-Saharan Africa",1.0661,,,18.93937,,
1988,5121,"Eastern Africa",6.0976,,,23.89917,,
1988,5122,"Middle Africa",0.0076,,,-2.68832,,
1988,5123,"Southern Africa",17.8584,,,12.77052,,
1988,5124,"Western Africa",2.6602,,,25.95126,,
1988,5200,"Americas",0.2953,,,67.79236,,
1988,5210,"Northern America",54.7392,,,4.09396,,
1988,5220,"Latin America and the Caribbean",0.0001,,,350.93152,,
1988,5221,"Caribbean",14.5622,,,17.26173,,
1988,5222,"Central America",4.6928,,,101.84629,,
1988,5223,"South America",0,,,468.04889,,
1988,5300,"Asia",18.8811,,,10.34444,,
1988,5330,"Eastern Asia",59.8106,,,4.8223,,
1988,5350,"South-eastern Asia",20.0616,,,26.37671,,
1988,5320,"Southern Asia",12.2665,,,12.69884,,
1988,5340,"Western Asia",1.6011,,,28.06439,,
1988,5400,"Europe",9.7834,,,5.6301,,
1988,5410,"Eastern Europe",0.002,,,30.03687,,
1988,5420,"Northern Europe",55.3889,,,4.93917,,
1988,5430,"Southern Europe",37.1638,,,5.76908,,
1988,5440,"Western Europe",64.4646,,,2.03617,,
1988,5500,"Oceania",51.8812,,,7.11368,,
1988,5600,"Asia and Oceania",20.2286,,,10.05777,,
1988,5702,"Northern America and Europe",20.441,,,4.793,,
1988,5706,"Europe, Northern America, Australia and New Zealand",20.9205,,,4.87014,,
1988,5703,"Central and Southern Asia",1.3936,,,12.69884,,
1988,5704,"Eastern and South-Eastern Asia",51.7985,,,7.26555,,
1988,5705,"Western Asia and Northern Africa",2.4788,,,24.01219,,
1988,1400,"Developing economies",0.0101,,,141.39617,,
1988,1410,"Developing economies: Africa",2.3489,,,16.63123,,
1988,1420,"Developing economies: Americas",0.0001,,,350.93152,,
1988,1460,"Developing economies: Asia and Oceania",6.8336,,,20.0168,,
1988,1430,"Developing economies: Asia",6.7902,,,20.08712,,
1988,1450,"Developing economies: Oceania",34.9901,,,5.90207,,
1988,1500,"Developed economies",24.8311,,,4.37435,,
1988,1520,"Developed economies: Americas",54.7392,,,4.09396,,
1988,1560,"Developed economies: Asia and Oceania",71.4101,,,2.49445,,
1988,1530,"Developed economies: Asia",75.8421,,,1.65882,,
1988,1550,"Developed economies: Oceania",52.5373,,,7.14363,,
1988,1540,"Developed economies: Europe",9.7834,,,5.6301,,
1988,1600,"Developing economies excluding China",0.0038,,,161.76196,,
1988,1601,"Developing economies excluding LDCs",0.0108,,,144.93174,,
1988,1610,"LDCs (Least developed countries)",0.1706,,,23.96137,,
1988,1612,"LDCs: Asia",7.5461,,,11.75086,,
1988,1614,"LDCs: Africa",0.0251,,,32.75243,,
1988,1615,"LDCs: Islands and Haiti",6.0685,,,5.23506,,
1988,1620,"LLDCs (Landlocked developing countries)",0.0304,,,20.64798,,
1988,1640,"SIDS (Small island developing States) (UN-OHRLLS)",30.2323,,,9.23674,,
1988,1641,"SIDS: Atlantic and Indian Ocean",40.4906,,,3.91492,,
1988,1642,"SIDS: Caribbean",13.3055,,,17.24403,,
1988,1643,"SIDS: Pacific",60.143,,,2.49712,,
1988,2623,"Low-income developing economies",0.9838,,,22.93177,,
1988,2622,"Middle-income developing economies",3.0231,,,18.67198,,
1988,2621,"High-income developing economies",0.0035,,,189.63848,,
1988,2711,"BRICS",0.0005,,,261.68291,,
1988,3412,"European Union (2020 …)",30.6437,,,6.12019,,
1988,3916,"G20 (Group of Twenty)",2.1258,,,35.77384,,
1988,3919,"G-77 (Group of 77)",0.0064,,,154.81957,,
1988,3905,"OECD (Organisation for Economic Cooperation and Development)",44.1235,,,8.00634,,
1989,0001,"Individual economies",,,"Not applicable",,,"Not applicable"
1989,008,"Albania",3.7762,,,,,"Not available or not separately reported"
1989,012,"Algeria",14.2208,,,9.16826,,
1989,028,"Antigua and Barbuda",57.8406,,,4.36208,,
1989,032,"Argentina",0.4139,,,3068.59251,,
1989,051,"Armenia",,,"Not applicable",,,"Not applicable"
1989,533,"Aruba",46.584,,,3.98946,,
1989,036,"Australia",55.7492,,,7.58032,,
1989,040,"Austria",66.2428,,,2.25044,,
1989,031,"Azerbaijan",,,"Not applicable",,,"Not applicable"
1989,044,"Bahamas",59.9278,,,5.40566,,
1989,048,"Bahrain",72.957,,,1.2014,,
1989,050,"Bangladesh",28.1422,,,9.1832,,
1989,052,"Barbados",48.7219,,,6.33445,,
1989,112,"Belarus",,,"Not applicable",,,"Not applicable"
1989,056,"Belgium",64.8377,,,3.10466,,
1989,084,"Belize",64.2617,,,0,,
1989,204,"Benin",35.3857,,,-0.20148,,
1989,064,"Bhutan",25.6873,,,8.8634,,
1989,068,"Bolivia (Plurinational State of)",22.7322,,,15.17507,,
1989,070,"Bosnia and Herzegovina",,,"Not applicable",,,"Not applicable"
1989,072,"Botswana",14.4176,,,11.59835,,
1989,076,"Brazil",0,,,1430.72387,,
1989,096,"Brunei Darussalam",76.414,,,1.30318,,
1989,100,"Bulgaria",0.03,,,7.40741,,
1989,854,"Burkina Faso",49.9679,,,-0.32223,,
1989,108,"Burundi",9.829,,,11.66317,,
1989,132,"Cabo Verde",40.0428,,,4.6501,,
1989,116,"Cambodia",1.4014,,,63.89365,,
1989,120,"Cameroon",47.7599,,,1.59748,,
1989,124,"Canada",64.2096,,,4.98365,,
1989,140,"Central African Republic",49.708,,,0.64473,,
1989,148,"Chad",46.9235,,,-4.90065,,
1989,152,"Chile",23.5135,,,17.03216,,
1989,156,"China",39.2323,,,18.00118,,
1989,344,"China, Hong Kong SAR",51.6335,,,10.21986,,
1989,446,"China, Macao SAR",59.1449,,,8.76864,,
1989,158,"China, Taiwan Province of",67.8214,,,4.41604,,
1989,170,"Colombia",7.2858,,,25.9444,,
1989,174,"Comoros",48.1982,,,4.43923,,
1989,178,"Congo",50.1324,,,-9.58177,,
1989,188,"Costa Rica",7.6939,,,16.50505,,
1989,384,"Côte d'Ivoire",43.2203,,,0.98792,,
1989,191,"Croatia",,,"Not applicable",,,"Not applicable"
1989,531,"Curaçao",,,"Not applicable",,,"Not applicable"
1989,196,"Cyprus",52.0059,,,3.76626,,
1989,203,"Czechia",,,"Not applicable",,,"Not applicable"
1989,208,"Denmark",66.4507,,,4.78073,,
1989,212,"Dominica",63.4582,,,7.66527,,
1989,214,"Dominican Republic",7.8426,,,40.65081,,
1989,218,"Ecuador",0.8944,,,75.92593,,
1989,818,"Egypt",16.4825,,,20.13784,,
1989,222,"El Salvador",25.0739,,,17.65143,,
1989,226,"Equatorial Guinea",30.3901,,,6.06431,,
1989,232,"Eritrea",,,"Not applicable",,,"Not applicable"
1989,233,"Estonia",,,"Not applicable",,,"Not applicable"
1989,748,"Eswatini",18.2236,,,7.54667,,
1989,231,"Ethiopia",,,"Not applicable",,,"Not applicable"
1989,230,"Ethiopia (...1991)",16.9754,,,9.6321,,
1989,242,"Fiji",45.9276,,,6.18876,,
1989,246,"Finland",65.4666,,,6.57227,,
1989,251,"France",69.4231,,,6.56971,"Estimated",
1989,250,"France, metropolitan",69.4231,,,6.56971,,
1989,492,"Monaco",69.4231,,,6.56971,"Estimated",
1989,258,"French Polynesia",75.2808,,,3.01255,,
1989,266,"Gabon",60.0565,,,6.90282,,
1989,270,"Gambia",29.9255,,,8.25461,,
1989,268,"Georgia",,,"Not applicable",,,"Not applicable"
1989,276,"Germany",,,"Not applicable",,,"Not applicable"
1989,288,"Ghana",1.7105,,,25.25338,,
1989,300,"Greece",24.887,,,13.70448,,
1989,308,"Grenada",56.1955,,,5.59356,,
1989,320,"Guatemala",12.6545,,,12.98335,,
1989,324,"Guinea",8.9264,,,28.25539,,
1989,624,"Guinea-Bissau",3.4974,,,80.76285,,
1989,328,"Guyana",7.3349,,,89.50415,,
1989,332,"Haiti",5.2601,,,6.92718,,
1989,340,"Honduras",7.3123,,,9.8506,,
1989,348,"Hungary",7.2268,,,16.96067,,
1989,352,"Iceland",34.5844,,,14.50264,,
1989,356,"India",20.3846,,,4.56968,,
1989,360,"Indonesia",,,"Not applicable",,,"Not applicable"
1989,960,"Indonesia (...2002)",11.7333,,,6.40021,,
1989,364,"Iran (Islamic Republic of)",2.743,,,17.41935,,
1989,368,"Iraq",0,,,,,"Not available or not separately reported"
1989,372,"Ireland",60.1193,,,3.98835,,
1989,376,"Israel",27.7669,,,20.25341,,
1989,380,"Italy",52.2928,,,6.24561,,
1989,388,"Jamaica",2.9882,,,16.09848,,
1989,392,"Japan",91.6952,,,2.29291,,
1989,400,"Jordan",41.8597,,,25.66734,,
1989,398,"Kazakhstan",,,"Not applicable",,,"Not applicable"
1989,404,"Kenya",9.3617,,,13.78681,,
1989,296,"Kiribati",52.4465,,,5.60859,,
1989,410,"Korea, Republic of",41.0325,,,5.69937,,
1989,414,"Kuwait",50.4183,,,3.34173,,
1989,417,"Kyrgyzstan",,,"Not applicable",,,"Not applicable"
1989,418,"Lao People's Dem. Rep.",5.7747,,,59.69993,,
1989,428,"Latvia",,,"Not applicable",,,"Not applicable"
1989,426,"Lesotho",16.6807,,,14.84382,,
1989,434,"Libya",54.2108,,,4.46387,,
1989,440,"Lithuania",,,"Not applicable",,,"Not applicable"
1989,442,"Luxembourg",59.6035,,,3.4017,,
1989,450,"Madagascar",7.4933,,,9.02239,,
1989,454,"Malawi",1.9563,,,12.2905,,
1989,458,"Malaysia",55.0636,,,2.5568,,
1989,462,"Maldives",29.6438,,,7.1619,,
1989,466,"Mali",52.8977,,,-0.15859,,
1989,470,"Malta",56.1799,,,0.86652,,
1989,478,"Mauritania",27.774,,,12.92998,,
1989,480,"Mauritius",25.2285,,,13.6089,,
1989,484,"Mexico",9.282,,,19.92256,,
1989,498,"Moldova, Republic of",,,"Not applicable",,,"Not applicable"
1989,499,"Montenegro",,,"Not applicable",,,"Not applicable"
1989,504,"Morocco",52.4946,,,3.13794,,
1989,508,"Mozambique",1.9352,,,42.15686,,
1989,104,"Myanmar",1.4282,,,27.48312,,
1989,516,"Namibia",17.7927,,,15.13485,,
1989,524,"Nepal",21.0144,,,8.07337,,
1989,528,"Netherlands (Kingdom of the)",64.4304,,,1.09956,,
1989,554,"New Zealand",60.958,,,5.7152,,
1989,558,"Nicaragua",0.2459,,,6740,,
1989,562,"Niger",48.8238,,,-0.81775,,
1989,566,"Nigeria",2.2565,,,51.26154,,
1989,807,"North Macedonia",,,"Not applicable",,,"Not applicable"
1989,579,"Norway",62.429,,,4.54667,,
1989,512,"Oman",64.8973,,,1.5636,,
1989,586,"Pakistan",17.6015,,,7.88719,,
1989,591,"Panama",68.3802,,,0.1159,,
1989,598,"Papua New Guinea",20.1676,,,4.481,,
1989,600,"Paraguay",9.7079,,,25.57768,,
1989,604,"Peru",0.0414,,,4100,,
1989,608,"Philippines",23.8796,,,11.36673,,
1989,616,"Poland",1.0899,,,251.23967,,
1989,620,"Portugal",43.8482,,,12.61192,,
1989,634,"Qatar",45.1434,,,3.29902,,
1989,642,"Romania",0.013,,,0,,
1989,643,"Russian Federation",,,"Not applicable",,,"Not applicable"
1989,646,"Rwanda",11.8082,,,1.03343,,
1989,659,"Saint Kitts and Nevis",50.1275,,,5.13408,,
1989,662,"Saint Lucia",54.1458,,,4.39448,,
1989,670,"Saint Vincent and the Grenadines",54.3615,,,2.64382,,
1989,882,"Samoa",37.5269,,,12.24811,,
1989,678,"Sao Tome and Principe",0.7352,,,42.68293,,
1989,682,"Saudi Arabia",76.6932,,,1.21249,,
1989,686,"Senegal",54.3692,,,0.44969,,
1989,688,"Serbia",,,"Not applicable",,,"Not applicable"
1989,690,"Seychelles",37.3417,,,3.32476,,
1989,694,"Sierra Leone",1.3132,,,60.70039,,
1989,702,"Singapore",69.3872,,,2.29381,,
1989,534,"Sint Maarten (Dutch part)",,,"Not applicable",,,"Not applicable"
1989,703,"Slovakia",,,"Not applicable",,,"Not applicable"
1989,705,"Slovenia",,,"Not applicable",,,"Not applicable"
1989,090,"Solomon Islands",15.0161,,,14.93506,,
1989,710,"South Africa",20.8637,,,14.64568,,
1989,728,"South Sudan",,,"Not applicable",,,"Not applicable"
1989,724,"Spain",47.9819,,,6.79237,,
1989,144,"Sri Lanka",12.9112,,,11.57796,,
1989,729,"Sudan",,,"Not applicable",,,"Not applicable"
1989,736,"Sudan (...2011)",0.2367,,,65.04854,,
1989,740,"Suriname",1.3061,,,0.80906,,
1989,752,"Sweden",58.1214,,,6.43789,,
1989,757,"Switzerland, Liechtenstein",71.8235,,,3.15455,,
1989,438,"Liechtenstein",71.8235,,,3.15455,"Estimated",
1989,756,"Switzerland",71.8235,,,3.15455,"Estimated",
1989,760,"Syrian Arab Republic",34.396,,,46.99773,,
1989,762,"Tajikistan",,,"Not applicable",,,"Not applicable"
1989,834,"Tanzania, United Republic of",6.3959,,,25.80812,,
1989,764,"Thailand",47.0267,,,5.38098,,
1989,626,"Timor-Leste",,,"Not applicable",,,"Not applicable"
1989,768,"Togo",42.5102,,,-0.9494,,
1989,776,"Tonga",29.5241,,,3.96707,,
1989,780,"Trinidad and Tobago",27.0571,,,11.43168,,
1989,788,"Tunisia",43.6428,,,7.72133,,
1989,792,"Türkiye",0.0432,,,63.82979,,
1989,795,"Turkmenistan",,,"Not applicable",,,"Not applicable"
1989,800,"Uganda",10.9105,,,130.79365,,
1989,804,"Ukraine",,,"Not applicable",,,"Not applicable"
1989,784,"United Arab Emirates",43.6194,,,2.79214,,
1989,926,"United Kingdom",58.381,,,5.21585,,
1989,826,"United Kingdom excl. Channel Islands and Isle of Man",58.381,,,5.21585,"Estimated",
1989,842,"United States of America",56.8343,,,4.79138,,
1989,630,"Puerto Rico",61.7274,,,2.8319,,
1989,840,"United States of America excluding Puerto Rico and United States Virgin Islands",56.8343,,,4.79138,"Estimated",
1989,858,"Uruguay",1.0035,,,80.67633,,
1989,860,"Uzbekistan",,,"Not applicable",,,"Not applicable"
1989,548,"Vanuatu",53.19,,,7.7482,,
1989,862,"Venezuela (Bolivarian Rep. of)",0.2659,,,84.92647,,
1989,704,"Viet Nam",8.3931,,,95.77111,,
1989,887,"Yemen",,,"Not applicable",,,"Not applicable"
1989,894,"Zambia",0.1708,,,112.94118,,
1989,716,"Zimbabwe",271.3757,,,-3.84683,,
1989,0000,"World",3.3903,,,98.13522,,
1989,5100,"Africa",2.8643,,,21.94267,,
1989,5110,"Northern Africa",14.0679,,,15.80256,,
1989,5120,"Sub-Saharan Africa",1.3383,,,25.52405,,
1989,5121,"Eastern Africa",7.6883,,,26.08778,,
1989,5122,"Middle Africa",0.0076,,,0.55845,,
1989,5123,"Southern Africa",20.453,,,14.52848,,
1989,5124,"Western Africa",3.7071,,,39.35644,,
1989,5200,"Americas",0.932,,,215.56385,,
1989,5210,"Northern America",57.3708,,,4.80751,,
1989,5220,"Latin America and the Caribbean",0.0012,,,1152.81346,,
1989,5221,"Caribbean",17.2814,,,18.67281,,
1989,5222,"Central America",8.2157,,,75.07009,,
1989,5223,"South America",0.0002,,,1632.79616,,
1989,5300,"Asia",20.57,,,8.94447,,
1989,5330,"Eastern Asia",63.3624,,,5.93834,,
1989,5350,"South-eastern Asia",22.3763,,,11.53835,,
1989,5320,"Southern Asia",13.2561,,,8.06733,,
1989,5340,"Western Asia",2.0109,,,25.5978,,
1989,5400,"Europe",10.9594,,,12.02123,,
1989,5410,"Eastern Europe",0.0044,,,117.98139,,
1989,5420,"Northern Europe",58.345,,,5.33709,,
1989,5430,"Southern Europe",39.8344,,,7.18606,,
1989,5440,"Western Europe",67.4217,,,4.58716,,
1989,5500,"Oceania",55.654,,,7.27208,,
1989,5600,"Asia and Oceania",22.0089,,,8.80102,,
1989,5702,"Northern America and Europe",22.0951,,,8.09192,,
1989,5706,"Europe, Northern America, Australia and New Zealand",22.6082,,,8.06701,,
1989,5703,"Central and Southern Asia",1.506,,,8.06733,,
1989,5704,"Eastern and South-Eastern Asia",55.2021,,,6.57082,,
1989,5705,"Western Asia and Northern Africa",3.0493,,,23.01714,,
1989,1400,"Developing economies",0.0533,,,427.18769,,
1989,1410,"Developing economies: Africa",2.8643,,,21.94267,,
1989,1420,"Developing economies: Americas",0.0012,,,1152.81346,,
1989,1460,"Developing economies: Asia and Oceania",7.8882,,,15.43135,,
1989,1430,"Developing economies: Asia",7.8413,,,15.48048,,
1989,1450,"Developing economies: Oceania",36.7228,,,4.95217,,
1989,1500,"Developed economies",26.6386,,,7.27878,,
1989,1520,"Developed economies: Americas",57.3708,,,4.80751,,
1989,1560,"Developed economies: Asia and Oceania",74.058,,,3.70805,,
1989,1530,"Developed economies: Asia",78.1772,,,3.0788,,
1989,1550,"Developed economies: Oceania",56.3874,,,7.32825,,
1989,1540,"Developed economies: Europe",10.9594,,,12.02123,,
1989,1600,"Developing economies excluding China",0.0227,,,499.0119,,
1989,1601,"Developing economies excluding LDCs",0.0581,,,439.03053,,
1989,1610,"LDCs (Least developed countries)",0.2166,,,26.93387,,
1989,1612,"LDCs: Asia",8.6908,,,15.16989,,
1989,1614,"LDCs: Africa",0.034,,,35.35751,,
1989,1615,"LDCs: Islands and Haiti",6.5417,,,7.79823,,
1989,1620,"LLDCs (Landlocked developing countries)",0.0379,,,24.67727,,
1989,1640,"SIDS (Small island developing States) (UN-OHRLLS)",33.3661,,,10.36584,,
1989,1641,"SIDS: Atlantic and Indian Ocean",43.6249,,,7.74083,,
1989,1642,"SIDS: Caribbean",15.8444,,,19.08132,,
1989,1643,"SIDS: Pacific",61.8537,,,2.84439,,
1989,2623,"Low-income developing economies",1.233,,,25.3306,,
1989,2622,"Middle-income developing economies",4.1519,,,37.3398,,
1989,2621,"High-income developing economies",0.0239,,,582.23694,,
1989,2711,"BRICS",0.0033,,,550.90839,,
1989,3412,"European Union (2020 …)",35.1913,,,14.84026,,
1989,3916,"G20 (Group of Twenty)",4.156,,,95.50417,,
1989,3919,"G-77 (Group of 77)",0.0394,,,510.71314,,
1989,3905,"OECD (Organisation for Economic Cooperation and Development)",47.8133,,,8.36238,,
1990,0001,"Individual economies",,,"Not applicable",,,"Not applicable"
1990,008,"Albania",3.7695,,,-0.17694,,
1990,012,"Algeria",15.5399,,,9.2758,,
1990,660,"Anguilla",51.5,,,,,"Not available or not separately reported"
1990,028,"Antigua and Barbuda",61.6521,,,6.58963,,
1990,032,"Argentina",9.9949,,,2314.63389,,
1990,051,"Armenia",,,"Not applicable",,,"Not applicable"
1990,533,"Aruba",49.3033,,,5.8375,,
1990,036,"Australia",59.7815,,,7.23285,,
1990,040,"Austria",68.0814,,,2.7756,,
1990,031,"Azerbaijan",,,"Not applicable",,,"Not applicable"
1990,044,"Bahamas",62.7012,,,4.62788,,
1990,048,"Bahrain",73.904,,,1.29802,,
1990,050,"Bangladesh",30.8621,,,9.66467,,
1990,052,"Barbados",50.2008,,,3.03526,,
1990,112,"Belarus",,,"Not applicable",,,"Not applicable"
1990,056,"Belgium",67.0768,,,3.4533,,
1990,084,"Belize",65.5776,,,2.04763,,
1990,204,"Benin",35.7791,,,1.11194,,
1990,064,"Bhutan",28.1044,,,9.40951,,
1990,068,"Bolivia (Plurinational State of)",26.6234,,,17.11763,,
1990,070,"Bosnia and Herzegovina",,,"Not applicable",,,"Not applicable"
1990,072,"Botswana",16.0613,,,11.40048,,
1990,076,"Brazil",0.0009,,,2947.73306,,
1990,096,"Brunei Darussalam",78.049,,,2.13966,,
1990,100,"Bulgaria",0.0372,,,24.13793,,
1990,854,"Burkina Faso",49.5646,,,-0.80711,,
1990,108,"Burundi",10.5177,,,7.00665,,
1990,132,"Cabo Verde",44.4922,,,11.11141,,
1990,116,"Cambodia",3.388,,,141.75824,,
1990,120,"Cameroon",48.4784,,,1.50442,,
1990,124,"Canada",67.2791,,,4.7805,,
1990,140,"Central African Republic",49.6072,,,-0.20283,,
1990,148,"Chad",47.1583,,,0.50031,,
1990,152,"Chile",29.6343,,,26.03114,,
1990,156,"China",40.4489,,,3.10089,,
1990,344,"China, Hong Kong SAR",56.9617,,,10.31937,,
1990,446,"China, Macao SAR",63.8592,,,7.97081,,
1990,158,"China, Taiwan Province of",70.6194,,,4.12554,,
1990,170,"Colombia",9.4065,,,29.10772,,
1990,174,"Comoros",44.6364,,,-7.38984,,
1990,178,"Congo",50.3045,,,0.34326,,
1990,188,"Costa Rica",9.1603,,,19.05894,,
1990,384,"Côte d'Ivoire",42.9355,,,-0.65893,,
1990,191,"Croatia",,,"Not applicable",,,"Not applicable"
1990,531,"Curaçao",,,"Not applicable",,,"Not applicable"
1990,196,"Cyprus",54.3478,,,4.50308,,
1990,203,"Czechia",,,"Not applicable",,,"Not applicable"
1990,208,"Denmark",68.2099,,,2.6474,,
1990,212,"Dominica",65.485,,,3.19386,,
1990,214,"Dominican Republic",11.8009,,,50.47161,,
1990,218,"Ecuador",1.3275,,,48.42105,,
1990,818,"Egypt",19.9781,,,21.20832,,
1990,222,"El Salvador",32.1684,,,28.29415,,
1990,226,"Equatorial Guinea",30.6702,,,0.9219,,
1990,232,"Eritrea",,,"Not applicable",,,"Not applicable"
1990,233,"Estonia",,,"Not applicable",,,"Not applicable"
1990,748,"Eswatini",20.6093,,,13.09135,,
1990,231,"Ethiopia",,,"Not applicable",,,"Not applicable"
1990,230,"Ethiopia (...1991)",17.8613,,,5.21866,,
1990,242,"Fiji",49.69,,,8.19201,,
1990,246,"Finland",68.7112,,,4.95611,,
1990,251,"France",69.6474,,,0.32317,"Estimated",
1990,250,"France, metropolitan",69.6474,,,0.32317,,
1990,492,"Monaco",69.6474,,,0.32317,"Estimated",
1990,258,"French Polynesia",76.3235,,,1.38521,,
1990,266,"Gabon",69.2866,,,15.36904,,
1990,270,"Gambia",33.5668,,,12.16798,,
1990,268,"Georgia",,,"Not applicable",,,"Not applicable"
1990,276,"Germany",68.0162,,,,,"Not available or not separately reported"
1990,288,"Ghana",2.3471,,,37.22185,,
1990,300,"Greece",29.9718,,,20.43158,,
1990,308,"Grenada",57.7269,,,2.72509,,
1990,320,"Guatemala",17.4603,,,37.97713,,
1990,324,"Guinea",11.2199,,,25.6944,,
1990,624,"Guinea-Bissau",4.6514,,,32.99694,,
1990,328,"Guyana",12.0511,,,64.29805,,
1990,332,"Haiti",6.3786,,,21.26246,,
1990,340,"Honduras",9.0175,,,23.31864,,
1990,348,"Hungary",9.3197,,,28.96084,,
1990,352,"Iceland",39.9496,,,15.5136,,
1990,356,"India",22.6669,,,11.19605,,
1990,360,"Indonesia",,,"Not applicable",,,"Not applicable"
1990,960,"Indonesia (...2002)",12.6484,,,7.79983,,
1990,364,"Iran (Islamic Republic of)",2.9902,,,9.01099,,
1990,368,"Iraq",0,,,,,"Not available or not separately reported"
1990,372,"Ireland",62.1382,,,3.35812,,
1990,376,"Israel",32.5346,,,17.17027,,
1990,380,"Italy",55.637,,,6.39502,,
1990,388,"Jamaica",3.7291,,,24.79608,,
1990,392,"Japan",94.5109,,,3.07073,,
1990,400,"Jordan",48.6374,,,16.19147,,
1990,398,"Kazakhstan",,,"Not applicable",,,"Not applicable"
1990,404,"Kenya",11.0265,,,17.78335,,
1990,296,"Kiribati",54.5191,,,3.95175,,
1990,410,"Korea, Republic of",44.551,,,8.57481,,
1990,414,"Kuwait",58.383,,,15.79733,,
1990,417,"Kyrgyzstan",,,"Not applicable",,,"Not applicable"
1990,418,"Lao People's Dem. Rep.",4.2544,,,-26.32729,,
1990,428,"Latvia",,,"Not applicable",,,"Not applicable"
1990,426,"Lesotho",18.5943,,,11.47195,,
1990,434,"Libya",54.6014,,,0.72048,,
1990,440,"Lithuania",,,"Not applicable",,,"Not applicable"
1990,442,"Luxembourg",61.8082,,,3.69895,,
1990,450,"Madagascar",8.3828,,,11.87043,,
1990,454,"Malawi",2.1899,,,11.9403,,
1990,458,"Malaysia",56.7394,,,3.04323,,
1990,462,"Maldives",34.2514,,,15.54322,,
1990,466,"Mali",53.7486,,,1.60864,,
1990,470,"Malta",57.8512,,,2.97477,,
1990,478,"Mauritania",29.607,,,6.5997,,
1990,480,"Mauritius",27.9296,,,10.7063,,
1990,484,"Mexico",11.7557,,,26.65101,,
1990,498,"Moldova, Republic of",,,"Not applicable",,,"Not applicable"
1990,496,"Mongolia",0.2352,,,,,"Not available or not separately reported"
1990,499,"Montenegro",,,"Not applicable",,,"Not applicable"
1990,504,"Morocco",55.6577,,,6.02553,,
1990,508,"Mozambique",2.7819,,,43.75479,,
1990,104,"Myanmar",1.6799,,,17.62481,,
1990,516,"Namibia",19.9306,,,12.016,,
1990,524,"Nepal",22.8906,,,8.92805,,
1990,528,"Netherlands (Kingdom of the)",66.0416,,,2.50063,,
1990,554,"New Zealand",64.6755,,,6.09842,,
1990,558,"Nicaragua",7.6443,,,3008.18713,,
1990,562,"Niger",47.8352,,,-2.02473,,
1990,566,"Nigeria",2.4328,,,7.81123,,
1990,807,"North Macedonia",,,"Not applicable",,,"Not applicable"
1990,579,"Norway",65.008,,,4.13109,,
1990,512,"Oman",71.3942,,,10.01106,,
1990,586,"Pakistan",19.1939,,,9.04741,,
1990,591,"Panama",68.9064,,,0.76949,,
1990,598,"Papua New Guinea",21.5699,,,6.95302,,
1990,600,"Paraguay",13.4124,,,38.15994,,
1990,604,"Peru",3.1429,,,7497.61905,,
1990,608,"Philippines",27.0321,,,13.20164,,
1990,616,"Poland",7.473,,,585.64706,,
1990,620,"Portugal",49.7114,,,13.37182,,
1990,634,"Qatar",46.5035,,,3.01293,,
1990,642,"Romania",0.03,,,130.76923,,
1990,643,"Russian Federation",,,"Not applicable",,,"Not applicable"
1990,646,"Rwanda",12.3043,,,4.20176,,
1990,659,"Saint Kitts and Nevis",52.2328,,,4.20005,,
1990,662,"Saint Lucia",56.4914,,,4.33186,,
1990,670,"Saint Vincent and the Grenadines",58.3029,,,7.25037,,
1990,882,"Samoa",40.711,,,8.48488,,
1990,678,"Sao Tome and Principe",1.0462,,,42.30769,,
1990,682,"Saudi Arabia",75.8835,,,-1.05576,,
1990,686,"Senegal",54.5457,,,0.32471,,
1990,688,"Serbia",,,"Not applicable",,,"Not applicable"
1990,690,"Seychelles",38.8175,,,3.9522,,
1990,694,"Sierra Leone",2.7696,,,110.89588,,
1990,702,"Singapore",71.7818,,,3.45095,,
1990,534,"Sint Maarten (Dutch part)",,,"Not applicable",,,"Not applicable"
1990,703,"Slovakia",,,"Not applicable",,,"Not applicable"
1990,705,"Slovenia",,,"Not applicable",,,"Not applicable"
1990,090,"Solomon Islands",16.3229,,,8.70225,,
1990,710,"South Africa",23.8646,,,14.38316,,
1990,728,"South Sudan",,,"Not applicable",,,"Not applicable"
1990,724,"Spain",51.207,,,6.72146,,
1990,144,"Sri Lanka",15.6855,,,21.48768,,
1990,729,"Sudan",,,"Not applicable",,,"Not applicable"
1990,736,"Sudan (...2011)",0.2346,,,-0.88235,,
1990,740,"Suriname",1.5913,,,21.82986,,
1990,752,"Sweden",64.2065,,,10.46978,,
1990,757,"Switzerland, Liechtenstein",75.7046,,,5.4037,,
1990,438,"Liechtenstein",75.7046,,,5.4037,"Estimated",
1990,756,"Switzerland",75.7046,,,5.4037,"Estimated",
1990,760,"Syrian Arab Republic",34.116,,,-0.81405,,
1990,762,"Tajikistan",,,"Not applicable",,,"Not applicable"
1990,834,"Tanzania, United Republic of",8.724,,,36.39957,,
1990,764,"Thailand",49.7463,,,5.78303,,
1990,626,"Timor-Leste",,,"Not applicable",,,"Not applicable"
1990,768,"Togo",42.9903,,,1.1293,,
1990,776,"Tonga",31.1874,,,5.63355,,
1990,780,"Trinidad and Tobago",30.0511,,,11.06537,,
1990,788,"Tunisia",46.4815,,,6.50434,,
1990,792,"Türkiye",0.0695,,,61.03896,,
1990,795,"Turkmenistan",,,"Not applicable",,,"Not applicable"
1990,800,"Uganda",15.8646,,,45.40731,,
1990,804,"Ukraine",,,"Not applicable",,,"Not applicable"
1990,784,"United Arab Emirates",43.8827,,,0.60362,,
1990,926,"United Kingdom",62.4672,,,6.9992,,
1990,826,"United Kingdom excl. Channel Islands and Isle of Man",62.4672,,,6.9992,"Estimated",
1990,842,"United States of America",59.914,,,5.41866,,
1990,630,"Puerto Rico",64.4239,,,4.36842,,
1990,840,"United States of America excluding Puerto Rico and United States Virgin Islands",59.914,,,5.41866,"Estimated",
1990,858,"Uruguay",2.1359,,,112.83422,,
1990,860,"Uzbekistan",,,"Not applicable",,,"Not applicable"
1990,548,"Vanuatu",55.7215,,,4.7594,,
1990,862,"Venezuela (Bolivarian Rep. of)",0.3737,,,40.55666,,
1990,704,"Viet Nam",11.4171,,,36.03051,,
1990,887,"Yemen",1.8366,,,,,"Not available or not separately reported"
1990,894,"Zambia",0.3313,,,93.92265,,
1990,716,"Zimbabwe",275.0249,,,1.34474,,
1990,0000,"World",8.2404,,,143.05887,,
1990,5100,"Africa",3.2242,,,12.56329,,
1990,5110,"Northern Africa",15.5748,,,10.71108,,
1990,5120,"Sub-Saharan Africa",1.521,,,13.65453,,
1990,5121,"Eastern Africa",9.4364,,,22.73713,,
1990,5122,"Middle Africa",0.008,,,4.86814,,
1990,5123,"Southern Africa",23.3626,,,14.22588,,
1990,5124,"Western Africa",4.0852,,,10.19914,,
1990,5200,"Americas",3.8902,,,317.41097,,
1990,5210,"Northern America",60.4492,,,5.36577,,
1990,5220,"Latin America and the Caribbean",0.0216,,,1729.56508,,
1990,5221,"Caribbean",21.4451,,,24.09323,,
1990,5222,"Central America",12.3093,,,49.82568,,
1990,5223,"South America",0.0062,,,2500.10077,,
1990,5300,"Asia",22.0329,,,7.11182,,
1990,5330,"Eastern Asia",65.7017,,,3.69201,,
1990,5350,"South-eastern Asia",24.4511,,,9.27191,,
1990,5320,"Southern Asia",14.6684,,,10.6535,,
1990,5340,"Western Asia",2.4693,,,22.79813,,
1990,5400,"Europe",13.3531,,,21.84107,,
1990,5410,"Eastern Europe",0.0179,,,311.89803,,
1990,5420,"Northern Europe",62.2253,,,6.65055,,
1990,5430,"Southern Europe",42.9059,,,7.71081,,
1990,5440,"Western Europe",68.7051,,,1.90359,,
1990,5500,"Oceania",59.5787,,,7.05194,,
1990,5600,"Asia and Oceania",23.573,,,7.10677,,
1990,5702,"Northern America and Europe",24.9365,,,12.85997,,
1990,5706,"Europe, Northern America, Australia and New Zealand",25.4731,,,12.6721,,
1990,5703,"Central and Southern Asia",1.6665,,,10.6535,,
1990,5704,"Eastern and South-Eastern Asia",57.5996,,,4.34319,,
1990,5705,"Western Asia and Northern Africa",3.6461,,,19.57116,,
1990,1400,"Developing economies",0.3842,,,620.2867,,
1990,1410,"Developing economies: Africa",3.2242,,,12.56329,,
1990,1420,"Developing economies: Americas",0.0216,,,1729.56508,,
1990,1460,"Developing economies: Asia and Oceania",8.725,,,10.60831,,
1990,1430,"Developing economies: Asia",8.6749,,,10.63043,,
1990,1450,"Developing economies: Oceania",38.8278,,,5.73212,,
1990,1500,"Developed economies",29.6426,,,11.27704,,
1990,1520,"Developed economies: Americas",60.4492,,,5.36577,,
1990,1560,"Developed economies: Asia and Oceania",77.3209,,,4.40588,,
1990,1530,"Developed economies: Asia",81.2639,,,3.94842,,
1990,1550,"Developed economies: Oceania",60.3816,,,7.08346,,
1990,1540,"Developed economies: Europe",13.3531,,,21.84107,,
1990,1600,"Developing economies excluding China",0.1879,,,729.22123,,
1990,1601,"Developing economies excluding LDCs",0.4286,,,637.76915,,
1990,1610,"LDCs (Least developed countries)",0.2543,,,17.40494,,
1990,1612,"LDCs: Asia",9.9903,,,14.95277,,
1990,1614,"LDCs: Africa",0.0404,,,18.83447,,
1990,1615,"LDCs: Islands and Haiti",7.7593,,,18.61267,,
1990,1620,"LLDCs (Landlocked developing countries)",0.045,,,18.94361,,
1990,1640,"SIDS (Small island developing States) (UN-OHRLLS)",37.6457,,,12.82608,,
1990,1641,"SIDS: Atlantic and Indian Ocean",46.1471,,,5.78144,,
1990,1642,"SIDS: Caribbean",19.7162,,,24.4363,,
1990,1643,"SIDS: Pacific",64.2625,,,3.89438,,
1990,2623,"Low-income developing economies",1.4044,,,13.90065,,
1990,2622,"Middle-income developing economies",5.0819,,,22.40182,,
1990,2621,"High-income developing economies",0.2299,,,860.12764,,
1990,2711,"BRICS",0.0403,,,1112.43596,,
1990,3412,"European Union (2020 …)",44.982,,,27.82137,,
1990,3916,"G20 (Group of Twenty)",10.0101,,,140.86142,,
1990,3919,"G-77 (Group of 77)",0.3323,,,743.55852,,
1990,3905,"OECD (Organisation for Economic Cooperation and Development)",53.4068,,,11.69865,,
1991,0001,"Individual economies",,,"Not applicable",,,"Not applicable"
1991,008,"Albania",5.1158,,,35.7164,,
1991,012,"Algeria",19.564,,,25.89513,,
1991,660,"Anguilla",53.9,,,4.66019,,
1991,028,"Antigua and Barbuda",64.4387,,,4.51993,,
1991,032,"Argentina",27.154,,,171.67757,,
1991,051,"Armenia",,,"Not applicable",,,"Not applicable"
1991,533,"Aruba",52.0403,,,5.55133,,
1991,036,"Australia",61.7586,,,3.30722,,
1991,040,"Austria",70.203,,,3.11633,,
1991,031,"Azerbaijan",,,"Not applicable",,,"Not applicable"
1991,044,"Bahamas",67.2808,,,7.30387,,
1991,048,"Bahrain",74.5678,,,0.89826,,
1991,050,"Bangladesh",33.7472,,,9.34858,,
1991,052,"Barbados",53.3634,,,6.29999,,
1991,112,"Belarus",,,"Not applicable",,,"Not applicable"
1991,056,"Belgium",69.2007,,,3.16643,,
1991,084,"Belize",67.055,,,2.25291,,
1991,204,"Benin",36.5298,,,2.09805,,
1991,064,"Bhutan",31.0113,,,10.3435,,
1991,068,"Bolivia (Plurinational State of)",32.3326,,,21.44434,,
1991,070,"Bosnia and Herzegovina",,,"Not applicable",,,"Not applicable"
1991,072,"Botswana",18.0848,,,12.59901,,
1991,076,"Brazil",0.0048,,,432.77247,,
1991,092,"British Virgin Islands",53.7216,,,,,"Not available or not separately reported"
1991,096,"Brunei Darussalam",79.297,,,1.599,,
1991,100,"Bulgaria",0.1614,,,333.33333,,
1991,854,"Burkina Faso",50.8045,,,2.50146,,
1991,108,"Burundi",11.4634,,,8.99149,,
1991,132,"Cabo Verde",47.8682,,,7.588,,
1991,116,"Cambodia",9.8588,,,190.99567,,
1991,120,"Cameroon",48.1863,,,-0.60241,,
1991,124,"Canada",71.0648,,,5.62674,,
1991,140,"Central African Republic",48.1942,,,-2.84837,,
1991,148,"Chad",49.1392,,,4.20064,,
1991,152,"Chile",36.0994,,,21.81621,,
1991,156,"China",41.8243,,,3.4003,,
1991,344,"China, Hong Kong SAR",63.3362,,,11.19074,,
1991,446,"China, Macao SAR",69.9704,,,9.56982,,
1991,158,"China, Taiwan Province of",73.1776,,,3.62248,,
1991,170,"Colombia",12.2584,,,30.31853,,
1991,174,"Comoros",45.3953,,,1.70011,,
1991,178,"Congo",55.0118,,,9.35756,,
1991,188,"Costa Rica",11.0109,,,20.2026,,
1991,384,"Côte d'Ivoire",43.6114,,,1.57406,,
1991,191,"Croatia",,,"Not applicable",,,"Not applicable"
1991,531,"Curaçao",,,"Not applicable",,,"Not applicable"
1991,196,"Cyprus",57.0861,,,5.0385,,
1991,203,"Czechia",,,"Not applicable",,,"Not applicable"
1991,208,"Denmark",69.6886,,,2.16795,,
1991,262,"Djibouti",52.9832,,,,,"Not available or not separately reported"
1991,212,"Dominica",69.1241,,,5.55725,,
1991,214,"Dominican Republic",17.3573,,,47.08457,,
1991,218,"Ecuador",1.9759,,,48.84752,,
1991,818,"Egypt",22.9212,,,14.73155,,
1991,222,"El Salvador",36.8037,,,14.40959,,
1991,226,"Equatorial Guinea",29.6196,,,-3.42556,,
1991,232,"Eritrea",,,"Not applicable",,,"Not applicable"
1991,233,"Estonia",,,"Not applicable",,,"Not applicable"
1991,748,"Eswatini",22.4508,,,8.93494,,
1991,231,"Ethiopia",,,"Not applicable",,,"Not applicable"
1991,230,"Ethiopia (...1991)",21.5865,,,20.85635,,
1991,242,"Fiji",52.9192,,,6.49869,,
1991,246,"Finland",71.8347,,,4.54582,,
1991,251,"France",72.0196,,,3.406,"Estimated",
1991,250,"France, metropolitan",72.0196,,,3.406,,
1991,492,"Monaco",72.0196,,,3.406,"Estimated",
1991,258,"French Polynesia",76.8188,,,0.64887,,
1991,266,"Gabon",62.4751,,,-9.83077,,
1991,270,"Gambia",36.4677,,,8.642,,
1991,268,"Georgia",,,"Not applicable",,,"Not applicable"
1991,276,"Germany",70.3788,,,3.47367,,
1991,288,"Ghana",2.7716,,,18.08354,,
1991,300,"Greece",35.8035,,,19.45736,,
1991,308,"Grenada",59.2534,,,2.64443,,
1991,320,"Guatemala",23.5909,,,35.11147,,
1991,324,"Guinea",13.4283,,,19.68266,,
1991,624,"Guinea-Bissau",7.3306,,,57.59945,,
1991,328,"Guyana",24.4764,,,103.10428,,
1991,332,"Haiti",7.3624,,,15.42466,,
1991,340,"Honduras",12.079,,,33.95105,,
1991,348,"Hungary",12.5106,,,34.2382,,
1991,352,"Iceland",42.6696,,,6.80845,,
1991,356,"India",25.7228,,,13.48189,,
1991,360,"Indonesia",,,"Not applicable",,,"Not applicable"
1991,960,"Indonesia (...2002)",13.8418,,,9.43505,,
1991,364,"Iran (Islamic Republic of)",3.5931,,,20.16129,,
1991,368,"Iraq",0.1099,,,,,"Not available or not separately reported"
1991,372,"Ireland",64.0843,,,3.1319,,
1991,376,"Israel",38.7184,,,19.00696,,
1991,380,"Italy",59.0945,,,6.21456,,
1991,388,"Jamaica",5.6318,,,51.02397,,
1991,392,"Japan",97.604,,,3.27271,,
1991,400,"Jordan",52.6049,,,8.15717,,
1991,398,"Kazakhstan",,,"Not applicable",,,"Not applicable"
1991,404,"Kenya",13.2411,,,20.08431,,
1991,296,"Kiribati",57.8321,,,6.07685,,
1991,410,"Korea, Republic of",48.7085,,,9.33212,,
1991,414,"Kuwait",63.1305,,,8.13166,,
1991,417,"Kyrgyzstan",,,"Not applicable",,,"Not applicable"
1991,418,"Lao People's Dem. Rep.",4.8272,,,13.46382,,
1991,428,"Latvia",,,"Not applicable",,,"Not applicable"
1991,426,"Lesotho",21.9136,,,17.85142,,
1991,434,"Libya",60.9901,,,11.70055,,
1991,440,"Lithuania",,,"Not applicable",,,"Not applicable"
1991,442,"Luxembourg",63.7241,,,3.0999,,
1991,450,"Madagascar",9.0976,,,8.52754,,
1991,454,"Malawi",2.3699,,,8.22222,,
1991,458,"Malaysia",59.1949,,,4.32783,,
1991,462,"Maldives",38.5328,,,12.5,,
1991,466,"Mali",54.5583,,,1.50643,,
1991,470,"Malta",59.3274,,,2.55174,,
1991,478,"Mauritania",31.274,,,5.63043,,
1991,480,"Mauritius",31.5096,,,12.81821,,
1991,484,"Mexico",14.4134,,,22.60718,,
1991,498,"Moldova, Republic of",,,"Not applicable",,,"Not applicable"
1991,496,"Mongolia",0.5179,,,120.17544,,
1991,499,"Montenegro",,,"Not applicable",,,"Not applicable"
1991,504,"Morocco",60.661,,,8.98937,,
1991,508,"Mozambique",3.7058,,,33.20896,,
1991,104,"Myanmar",2.2223,,,32.28296,,
1991,516,"Namibia",22.3029,,,11.90229,,
1991,524,"Nepal",24.7089,,,7.94327,,
1991,528,"Netherlands (Kingdom of the)",68.1373,,,3.17332,,
1991,554,"New Zealand",66.3587,,,2.6025,,
1991,558,"Nicaragua",16.558,,,116.60395,,
1991,562,"Niger",48.5523,,,1.49898,,
1991,566,"Nigeria",2.7312,,,12.26415,,
1991,807,"North Macedonia",,,"Not applicable",,,"Not applicable"
1991,579,"Norway",67.243,,,3.43804,,
1991,512,"Oman",74.6785,,,4.60027,,
1991,586,"Pakistan",21.6177,,,12.62799,,
1991,591,"Panama",69.9728,,,1.54751,,
1991,598,"Papua New Guinea",23.0724,,,6.966,,
1991,600,"Paraguay",16.669,,,24.2803,,
1991,604,"Peru",16.015,,,409.55813,,
1991,608,"Philippines",32.2631,,,19.35075,,
1991,616,"Poland",12.7264,,,70.29856,,
1991,620,"Portugal",55.3924,,,11.42783,,
1991,634,"Qatar",48.6014,,,4.51128,,
1991,642,"Romania",0.077,,,156.66667,,
1991,643,"Russian Federation",,,"Not applicable",,,"Not applicable"
1991,646,"Rwanda",14.7164,,,19.6035,,
1991,659,"Saint Kitts and Nevis",54.4268,,,4.20035,,
1991,662,"Saint Lucia",59.6197,,,5.53768,,
1991,670,"Saint Vincent and the Grenadines",61.7557,,,5.92223,,
1991,882,"Samoa",39.9693,,,-1.82191,,
1991,678,"Sao Tome and Principe",1.5316,,,46.3964,,
1991,682,"Saudi Arabia",78.8271,,,3.87908,,
1991,686,"Senegal",53.5889,,,-1.75429,,
1991,688,"Serbia",,,"Not applicable",,,"Not applicable"
1991,690,"Seychelles",39.6065,,,2.03269,,
1991,694,"Sierra Leone",5.6091,,,102.52583,,
1991,702,"Singapore",74.2506,,,3.43943,,
1991,534,"Sint Maarten (Dutch part)",,,"Not applicable",,,"Not applicable"
1991,703,"Slovakia",,,"Not applicable",,,"Not applicable"
1991,705,"Slovenia",,,"Not applicable",,,"Not applicable"
1991,090,"Solomon Islands",18.7705,,,14.99496,,
1991,710,"South Africa",27.4821,,,15.15865,,
1991,728,"South Sudan",,,"Not applicable",,,"Not applicable"
1991,724,"Spain",54.2461,,,5.93486,,
1991,144,"Sri Lanka",17.5966,,,12.1843,,
1991,729,"Sudan",,,"Not applicable",,,"Not applicable"
1991,736,"Sudan (...2011)",0.5249,,,123.73887,,
1991,740,"Suriname",1.7569,,,10.40843,,
1991,752,"Sweden",69.851,,,8.79108,,
1991,757,"Switzerland, Liechtenstein",80.1407,,,5.8598,,
1991,438,"Liechtenstein",80.1407,,,5.8598,"Estimated",
1991,756,"Switzerland",80.1407,,,5.8598,"Estimated",
1991,760,"Syrian Arab Republic",35.949,,,5.37285,,
1991,762,"Tajikistan",,,"Not applicable",,,"Not applicable"
1991,834,"Tanzania, United Republic of",10.922,,,25.19471,,
1991,764,"Thailand",52.5961,,,5.72873,,
1991,626,"Timor-Leste",,,"Not applicable",,,"Not applicable"
1991,768,"Togo",43.0921,,,0.23695,,
1991,776,"Tonga",35.5289,,,13.9206,,
1991,780,"Trinidad and Tobago",31.1927,,,3.79868,,
1991,788,"Tunisia",50.0572,,,7.69272,,
1991,792,"Türkiye",0.1155,,,66.12903,,
1991,795,"Turkmenistan",,,"Not applicable",,,"Not applicable"
1991,800,"Uganda",19.1679,,,20.82195,,
1991,804,"Ukraine",,,"Not applicable",,,"Not applicable"
1991,784,"United Arab Emirates",45.3748,,,3.4,,
1991,926,"United Kingdom",67.1639,,,7.5188,,
1991,826,"United Kingdom excl. Channel Islands and Isle of Man",67.1639,,,7.5188,"Estimated",
1991,842,"United States of America",62.4402,,,4.21635,,
1991,630,"Puerto Rico",65.8659,,,2.23821,,
1991,840,"United States of America excluding Puerto Rico and United States Virgin Islands",62.4402,,,4.21635,"Estimated",
1991,858,"Uruguay",4.312,,,101.88442,,
1991,860,"Uzbekistan",,,"Not applicable",,,"Not applicable"
1991,548,"Vanuatu",59.3262,,,6.4691,,
1991,862,"Venezuela (Bolivarian Rep. of)",0.5016,,,34.22914,,
1991,704,"Viet Nam",20.7586,,,81.81961,,
1991,887,"Yemen",2.6611,,,44.89678,,
1991,894,"Zambia",0.6135,,,85.18519,,
1991,716,"Zimbabwe",238.8776,,,-13.14329,,
1991,0000,"World",10.051,,,21.97189,,
1991,5100,"Africa",3.7975,,,17.78029,,
1991,5110,"Northern Africa",19.3687,,,24.35954,,
1991,5120,"Sub-Saharan Africa",1.7325,,,13.90603,,
1991,5121,"Eastern Africa",11.3843,,,20.6416,,
1991,5122,"Middle Africa",0.0079,,,-0.94422,,
1991,5123,"Southern Africa",26.8581,,,14.96174,,
1991,5124,"Western Africa",4.581,,,12.13551,,
1991,5200,"Americas",5.5247,,,42.01491,,
1991,5210,"Northern America",63.0675,,,4.33142,,
1991,5220,"Latin America and the Caribbean",0.0683,,,216.00881,,
1991,5221,"Caribbean",27.0272,,,26.02982,,
1991,5222,"Central America",15.1737,,,23.26986,,
1991,5223,"South America",0.0253,,,310.42308,,
1991,5300,"Asia",23.943,,,8.66962,,
1991,5330,"Eastern Asia",68.3658,,,4.0549,,
1991,5350,"South-eastern Asia",27.7561,,,13.51719,,
1991,5320,"Southern Asia",16.7905,,,14.46765,,
1991,5340,"Western Asia",3.1132,,,26.07537,,
1991,5400,"Europe",14.5902,,,9.26421,,
1991,5410,"Eastern Europe",0.0374,,,108.78419,,
1991,5420,"Northern Europe",66.3653,,,6.65315,,
1991,5430,"Southern Europe",46.0276,,,7.27549,,
1991,5440,"Western Europe",71.1784,,,3.59995,,
1991,5500,"Oceania",61.5234,,,3.26414,,
1991,5600,"Asia and Oceania",25.5153,,,8.23958,,
1991,5702,"Northern America and Europe",26.6473,,,6.86048,,
1991,5706,"Europe, Northern America, Australia and New Zealand",27.1941,,,6.75612,,
1991,5703,"Central and Southern Asia",1.9076,,,14.46765,,
1991,5704,"Eastern and South-Eastern Asia",60.5872,,,5.18679,,
1991,5705,"Western Asia and Northern Africa",4.5809,,,25.63956,,
1991,1400,"Developing economies",0.7018,,,82.68514,,
1991,1410,"Developing economies: Africa",3.7975,,,17.78029,,
1991,1420,"Developing economies: Americas",0.0683,,,216.00881,,
1991,1460,"Developing economies: Asia and Oceania",9.8972,,,13.4357,,
1991,1430,"Developing economies: Asia",9.8434,,,13.47003,,
1991,1450,"Developing economies: Oceania",40.9101,,,5.36285,,
1991,1500,"Developed economies",31.5347,,,6.38307,,
1991,1520,"Developed economies: Americas",63.0675,,,4.33142,,
1991,1560,"Developed economies: Asia and Oceania",80.5127,,,4.1279,,
1991,1530,"Developed economies: Asia",84.7385,,,4.2757,,
1991,1550,"Developed economies: Oceania",62.322,,,3.21359,,
1991,1540,"Developed economies: Europe",14.5902,,,9.26421,,
1991,1600,"Developing economies excluding China",0.3694,,,96.62921,,
1991,1601,"Developing economies excluding LDCs",0.7895,,,84.221,,
1991,1610,"LDCs (Least developed countries)",0.341,,,34.10954,,
1991,1612,"LDCs: Asia",12.4019,,,24.1397,,
1991,1614,"LDCs: Africa",0.0578,,,43.15579,,
1991,1615,"LDCs: Islands and Haiti",8.9117,,,14.85137,,
1991,1620,"LLDCs (Landlocked developing countries)",0.0548,,,21.56817,,
1991,1640,"SIDS (Small island developing States) (UN-OHRLLS)",42.6633,,,13.32857,,
1991,1641,"SIDS: Atlantic and Indian Ocean",49.3486,,,6.9376,,
1991,1642,"SIDS: Caribbean",24.9192,,,26.38955,,
1991,1643,"SIDS: Pacific",66.6965,,,3.78764,,
1991,2623,"Low-income developing economies",1.8177,,,29.43105,,
1991,2622,"Middle-income developing economies",5.9082,,,16.25812,,
1991,2621,"High-income developing economies",0.4811,,,109.30117,,
1991,2711,"BRICS",0.1044,,,159.19174,,
1991,3412,"European Union (2020 …)",49.4493,,,9.93124,,
1991,3916,"G20 (Group of Twenty)",12.2116,,,21.99235,,
1991,3919,"G-77 (Group of 77)",0.645,,,94.10536,,
1991,3905,"OECD (Organisation for Economic Cooperation and Development)",56.8438,,,6.43556,,
1992,0001,"Individual economies",,,"Not applicable",,,"Not applicable"
1992,008,"Albania",16.6771,,,225.99042,,
1992,012,"Algeria",25.766,,,31.70119,,
1992,660,"Anguilla",55.2,,,2.41187,,
1992,028,"Antigua and Barbuda",66.3708,,,2.99823,,
1992,032,"Argentina",33.9148,,,24.89819,,
1992,051,"Armenia",0.0078,,,,,"Not available or not separately reported"
1992,533,"Aruba",54.0547,,,3.87086,,
1992,036,"Australia",62.3569,,,0.96883,,
1992,040,"Austria",72.6086,,,3.42657,,
1992,031,"Azerbaijan",0.0386,,,,,"Not available or not separately reported"
1992,044,"Bahamas",71.0331,,,5.57706,,
1992,048,"Bahrain",74.343,,,-0.30154,,
1992,050,"Bangladesh",35.7258,,,5.86284,,
1992,052,"Barbados",56.5631,,,5.99609,,
1992,056,"Belgium",70.7633,,,2.258,,
1992,084,"Belize",68.662,,,2.39665,,
1992,204,"Benin",38.6928,,,5.92111,,
1992,064,"Bhutan",33.5369,,,8.14412,,
1992,068,"Bolivia (Plurinational State of)",36.522,,,12.9573,,
1992,072,"Botswana",21.0689,,,16.50034,,
1992,076,"Brazil",0.05,,,951.95612,,
1992,092,"British Virgin Islands",55.4506,,,3.21839,,
1992,096,"Brunei Darussalam",80.312,,,1.28,,
1992,100,"Bulgaria",0.2928,,,81.41026,,
1992,854,"Burkina Faso",49.7925,,,-1.99191,,
1992,108,"Burundi",11.6693,,,1.79611,,
1992,132,"Cabo Verde",54.2958,,,13.42755,,
1992,116,"Cambodia",17.2522,,,74.99256,,
1992,120,"Cameroon",49.0949,,,1.88552,,
1992,124,"Canada",72.1234,,,1.48972,,
1992,140,"Central African Republic",47.8294,,,-0.75705,,
1992,148,"Chad",47.2723,,,-3.79925,,
1992,152,"Chile",41.6781,,,15.45387,,
1992,156,"China",44.5002,,,6.39808,,
1992,344,"China, Hong Kong SAR",69.4078,,,9.58641,,
1992,446,"China, Macao SAR",75.3669,,,7.71253,,
1992,158,"China, Taiwan Province of",76.4446,,,4.46448,,
1992,170,"Colombia",15.5708,,,27.02097,,
1992,174,"Comoros",44.7593,,,-1.40088,,
1992,178,"Congo",53.2726,,,-3.1614,,
1992,188,"Costa Rica",13.4091,,,21.78042,,
1992,384,"Côte d'Ivoire",45.4516,,,4.21952,,
1992,191,"Croatia",1.8412,,,,,"Not available or not separately reported"
1992,531,"Curaçao",,,"Not applicable",,,"Not applicable"
1992,196,"Cyprus",60.7981,,,6.5026,,
1992,203,"Czechia",,,"Not applicable",,,"Not applicable"
1992,208,"Denmark",71.0431,,,1.9436,,
1992,262,"Djibouti",54.7685,,,3.3696,,
1992,212,"Dominica",72.7573,,,5.25599,,
1992,214,"Dominican Republic",18.0957,,,4.25378,,
1992,218,"Ecuador",3.0492,,,54.31805,,
1992,818,"Egypt",27.7673,,,21.14219,,
1992,222,"El Salvador",40.9336,,,11.22131,,
1992,226,"Equatorial Guinea",28.3526,,,-4.2777,,
1992,232,"Eritrea",9.4076,,,,,"Not available or not separately reported"
1992,748,"Eswatini",24.1472,,,7.55618,,
1992,231,"Ethiopia",26.1259,,,,,"Not available or not separately reported"
1992,230,"Ethiopia (...1991)",,,"Not applicable",,,"Not applicable"
1992,242,"Fiji",55.5025,,,4.88171,,
1992,246,"Finland",74.1721,,,3.25384,,
1992,251,"France",73.7868,,,2.45375,"Estimated",
1992,250,"France, metropolitan",73.7868,,,2.45375,,
1992,492,"Monaco",73.7868,,,2.45375,"Estimated",
1992,258,"French Polynesia",78.124,,,1.69911,,
1992,266,"Gabon",56.5132,,,-9.54296,,
1992,270,"Gambia",39.9264,,,9.48436,,
1992,276,"Germany",73.9298,,,5.04555,,
1992,288,"Ghana",3.0495,,,10.02913,,
1992,300,"Greece",41.4882,,,15.87754,,
1992,308,"Grenada",61.4916,,,3.77727,,
1992,320,"Guatemala",26.0071,,,10.2419,,
1992,324,"Guinea",15.6518,,,16.55847,,
1992,624,"Guinea-Bissau",12.4226,,,69.46309,,
1992,328,"Guyana",31.0114,,,26.69957,,
1992,332,"Haiti",8.7884,,,19.36862,,
1992,340,"Honduras",13.1348,,,8.7406,,
1992,348,"Hungary",15.3825,,,22.9558,,
1992,352,"Iceland",44.3588,,,3.95875,,
1992,356,"India",28.2604,,,9.86509,,
1992,360,"Indonesia",,,"Not applicable",,,"Not applicable"
1992,960,"Indonesia (...2002)",14.8873,,,7.55316,,
1992,364,"Iran (Islamic Republic of)",4.4702,,,24.41275,,
1992,368,"Iraq",0.1099,,,0,,
1992,372,"Ireland",66.1032,,,3.15035,,
1992,376,"Israel",43.3449,,,11.94908,,
1992,380,"Italy",62.0389,,,4.98245,,
1992,388,"Jamaica",9.9833,,,77.26486,,
1992,392,"Japan",99.2892,,,1.72658,,
1992,400,"Jordan",54.7176,,,4.01619,,
1992,398,"Kazakhstan",0.0282,,,,,"Not available or not separately reported"
1992,404,"Kenya",16.8604,,,27.33397,,
1992,296,"Kiribati",60.2715,,,4.21796,,
1992,410,"Korea, Republic of",51.7349,,,6.21331,,
1992,414,"Kuwait",62.9269,,,-0.32254,,
1992,417,"Kyrgyzstan",0.354,,,,,"Not available or not separately reported"
1992,418,"Lao People's Dem. Rep.",5.3015,,,9.8275,,
1992,428,"Latvia",12.0252,,,,,"Not available or not separately reported"
1992,426,"Lesotho",25.6501,,,17.05086,,
1992,434,"Libya",66.754,,,9.45055,,
1992,442,"Luxembourg",65.7637,,,3.20062,,
1992,450,"Madagascar",10.4237,,,14.57622,,
1992,454,"Malawi",2.9199,,,23.20329,,
1992,458,"Malaysia",62.0235,,,4.77831,,
1992,462,"Maldives",45.0279,,,16.85621,,
1992,466,"Mali",51.3364,,,-5.9055,,
1992,470,"Malta",60.4223,,,1.84553,,
1992,478,"Mauritania",34.446,,,10.14261,,
1992,480,"Mauritius",32.41,,,2.85737,,
1992,484,"Mexico",16.6501,,,15.51838,,
1992,498,"Moldova, Republic of",0.2983,,,,,"Not available or not separately reported"
1992,496,"Mongolia",1.5681,,,202.78884,,
1992,499,"Montenegro",,,"Not applicable",,,"Not applicable"
1992,504,"Morocco",64.1435,,,5.74093,,
1992,508,"Mozambique",5.377,,,45.09804,,
1992,104,"Myanmar",2.7084,,,21.87652,,
1992,516,"Namibia",26.2573,,,17.73064,,
1992,524,"Nepal",29.9122,,,21.05848,,
1992,528,"Netherlands (Kingdom of the)",70.0722,,,2.83974,,
1992,554,"New Zealand",67.0324,,,1.01529,,
1992,558,"Nicaragua",20.1838,,,21.89794,,
1992,562,"Niger",45.682,,,-5.91169,,
1992,566,"Nigeria",3.9246,,,43.69748,,
1992,807,"North Macedonia",6.3671,,,,,"Not available or not separately reported"
1992,579,"Norway",68.808,,,2.32738,,
1992,512,"Oman",75.3927,,,0.95645,,
1992,586,"Pakistan",22.6659,,,4.84848,,
1992,591,"Panama",71.1974,,,1.75018,,
1992,598,"Papua New Guinea",24.0666,,,4.30885,,
1992,600,"Paraguay",19.1863,,,15.10181,,
1992,604,"Peru",27.7908,,,73.53014,,
1992,608,"Philippines",35.0313,,,8.5803,,
1992,616,"Poland",18.1991,,,43.00252,,
1992,620,"Portugal",60.301,,,8.86152,,
1992,634,"Qatar",50,,,2.8777,,
1992,642,"Romania",0.24,,,211.68831,,
1992,643,"Russian Federation",0.053,,,,,"Not available or not separately reported"
1992,646,"Rwanda",16.1137,,,9.49469,,
1992,659,"Saint Kitts and Nevis",55.9711,,,2.83746,,
1992,662,"Saint Lucia",62.995,,,5.66149,,
1992,670,"Saint Vincent and the Grenadines",64.1053,,,3.80459,,
1992,882,"Samoa",43.5813,,,9.037,,
1992,678,"Sao Tome and Principe",2.0485,,,33.74359,,
1992,682,"Saudi Arabia",78.0174,,,-1.02718,,
1992,686,"Senegal",53.5857,,,-0.00585,,
1992,688,"Serbia",,,"Not applicable",,,"Not applicable"
1992,690,"Seychelles",40.406,,,2.0186,,
1992,694,"Sierra Leone",9.2849,,,65.53288,,
1992,702,"Singapore",75.9164,,,2.24342,,
1992,534,"Sint Maarten (Dutch part)",,,"Not applicable",,,"Not applicable"
1992,703,"Slovakia",,,"Not applicable",,,"Not applicable"
1992,705,"Slovenia",24.728,,,,,"Not available or not separately reported"
1992,090,"Solomon Islands",20.7977,,,10.80005,,
1992,710,"South Africa",31.3316,,,14.00716,,
1992,728,"South Sudan",,,"Not applicable",,,"Not applicable"
1992,724,"Spain",58.1217,,,7.14454,,
1992,144,"Sri Lanka",19.6002,,,11.38627,,
1992,729,"Sudan",,,"Not applicable",,,"Not applicable"
1992,736,"Sudan (...2011)",1.1416,,,117.50663,,
1992,740,"Suriname",2.1322,,,21.36038,,
1992,752,"Sweden",70.8144,,,1.3792,,
1992,757,"Switzerland, Liechtenstein",83.3763,,,4.03738,,
1992,438,"Liechtenstein",83.3763,,,4.03738,"Estimated",
1992,756,"Switzerland",83.3763,,,4.03738,"Estimated",
1992,760,"Syrian Arab Republic",39.19,,,9.01555,,
1992,762,"Tajikistan",0.0014,,,,,"Not available or not separately reported"
1992,834,"Tanzania, United Republic of",13.1832,,,20.70313,,
1992,764,"Thailand",54.7697,,,4.13266,,
1992,626,"Timor-Leste",,,"Not applicable",,,"Not applicable"
1992,768,"Togo",43.7911,,,1.62203,,
1992,776,"Tonga",38.583,,,8.59632,,
1992,780,"Trinidad and Tobago",33.2162,,,6.48724,,
1992,788,"Tunisia",52.8188,,,5.51693,,
1992,792,"Türkiye",0.1962,,,69.90291,,
1992,795,"Turkmenistan",0.0004,,,,,"Not available or not separately reported"
1992,800,"Uganda",27.2653,,,42.24445,,
1992,804,"Ukraine",0.0042,,,,,"Not available or not separately reported"
1992,784,"United Arab Emirates",48.271,,,6.38298,,
1992,926,"United Kingdom",70.0066,,,4.23243,,
1992,826,"United Kingdom excl. Channel Islands and Isle of Man",70.0066,,,4.23243,"Estimated",
1992,842,"United States of America",64.339,,,3.04112,,
1992,630,"Puerto Rico",66.8444,,,1.48558,,
1992,840,"United States of America excluding Puerto Rico and United States Virgin Islands",64.339,,,3.04112,"Estimated",
1992,858,"Uruguay",7.2636,,,68.45053,,
1992,860,"Uzbekistan",0.0125,,,,,"Not available or not separately reported"
1992,548,"Vanuatu",61.734,,,4.05855,,
1992,862,"Venezuela (Bolivarian Rep. of)",0.6592,,,31.40148,,
1992,704,"Viet Nam",28.585,,,37.70213,,
1992,887,"Yemen",4.0239,,,51.21172,,
1992,894,"Zambia",1.5138,,,146.76923,,
1992,716,"Zimbabwe",231.7162,,,-2.99795,,
1992,0000,"World",13.3395,,,32.71826,,
1992,5100,"Africa",4.7369,,,24.73785,,
1992,5110,"Northern Africa",24.4911,,,26.44676,,
1992,5120,"Sub-Saharan Africa",2.1426,,,23.66778,,
1992,5121,"Eastern Africa",14.7594,,,29.64738,,
1992,5122,"Middle Africa",0.0077,,,-2.73065,,
1992,5123,"Southern Africa",30.6496,,,14.11695,,
1992,5124,"Western Africa",6.112,,,33.42199,,
1992,5200,"Americas",9.549,,,72.84147,,
1992,5210,"Northern America",64.9071,,,2.91687,,
1992,5220,"Latin America and the Caribbean",0.3307,,,383.8504,,
1992,5221,"Caribbean",32.0165,,,18.46038,,
1992,5222,"Central America",17.4657,,,15.10522,,
1992,5223,"South America",0.1685,,,565.52357,,
1992,5300,"Asia",25.6832,,,7.26801,,
1992,5330,"Eastern Asia",70.7222,,,3.4467,,
1992,5350,"South-eastern Asia",29.9776,,,8.00346,,
1992,5320,"Southern Asia",18.8925,,,12.51861,,
1992,5340,"Western Asia",3.8475,,,23.58577,,
1992,5400,"Europe",15.6444,,,7.22562,,
1992,5410,"Eastern Europe",0.0693,,,85.13317,,
1992,5420,"Northern Europe",68.7008,,,3.51929,,
1992,5430,"Southern Europe",49.1547,,,6.79401,,
1992,5440,"Western Europe",73.8689,,,3.77993,,
1992,5500,"Oceania",62.171,,,1.05262,,
1992,5600,"Asia and Oceania",27.2494,,,6.79643,,
1992,5702,"Northern America and Europe",28.0177,,,5.14277,,
1992,5706,"Europe, Northern America, Australia and New Zealand",28.5604,,,5.02396,,
1992,5703,"Central and Southern Asia",2.1464,,,12.51861,,
1992,5704,"Eastern and South-Eastern Asia",63.0103,,,3.99931,,
1992,5705,"Western Asia and Northern Africa",5.6943,,,24.30372,,
1992,1400,"Developing economies",1.6696,,,137.90058,,
1992,1410,"Developing economies: Africa",4.7369,,,24.73785,,
1992,1420,"Developing economies: Americas",0.3307,,,383.8504,,
1992,1460,"Developing economies: Asia and Oceania",11.1186,,,12.34056,,
1992,1430,"Developing economies: Asia",11.0616,,,12.37521,,
1992,1450,"Developing economies: Oceania",42.59,,,4.10634,,
1992,1500,"Developed economies",32.9941,,,4.62779,,
1992,1520,"Developed economies: Americas",64.9071,,,2.91687,,
1992,1560,"Developed economies: Asia and Oceania",82.3393,,,2.26876,,
1992,1530,"Developed economies: Asia",86.8313,,,2.46968,,
1992,1550,"Developed economies: Oceania",62.9296,,,0.97489,,
1992,1540,"Developed economies: Europe",15.6444,,,7.22562,,
1992,1600,"Developing economies excluding China",0.9683,,,162.09772,,
1992,1601,"Developing economies excluding LDCs",1.902,,,140.9138,,
1992,1610,"LDCs (Least developed countries)",0.4578,,,34.24146,,
1992,1612,"LDCs: Asia",14.7884,,,19.24256,,
1992,1614,"LDCs: Africa",0.086,,,48.68719,,
1992,1615,"LDCs: Islands and Haiti",10.475,,,17.54213,,
1992,1620,"LLDCs (Landlocked developing countries)",0.0704,,,28.48091,,
1992,1640,"SIDS (Small island developing States) (UN-OHRLLS)",46.5476,,,9.10463,,
1992,1641,"SIDS: Atlantic and Indian Ocean",51.5759,,,4.51348,,
1992,1642,"SIDS: Caribbean",29.5305,,,18.50528,,
1992,1643,"SIDS: Pacific",68.4163,,,2.5785,,
1992,2623,"Low-income developing economies",2.3294,,,28.15331,,
1992,2622,"Middle-income developing economies",6.8269,,,15.54991,,
1992,2621,"High-income developing economies",1.378,,,186.43169,,
1992,2711,"BRICS",0.4533,,,334.16184,,
1992,3412,"European Union (2020 …)",53.4138,,,8.01735,,
1992,3916,"G20 (Group of Twenty)",16.4532,,,34.7347,,
1992,3919,"G-77 (Group of 77)",1.6866,,,161.49977,,
1992,3905,"OECD (Organisation for Economic Cooperation and Development)",59.5883,,,4.8281,,
1993,0001,"Individual economies",,,"Not applicable",,,"Not applicable"
1993,008,"Albania",30.853,,,85.00267,,
1993,012,"Algeria",31.0482,,,20.50084,,
1993,660,"Anguilla",57.5,,,4.16667,,
1993,028,"Antigua and Barbuda",68.4284,,,3.10031,,
1993,032,"Argentina",37.5142,,,10.61304,,
1993,051,"Armenia",0.2972,,,3723.07692,,
1993,533,"Aruba",56.8767,,,5.22051,,
1993,036,"Australia",63.4495,,,1.75219,,
1993,040,"Austria",74.9566,,,3.23384,,
1993,031,"Azerbaijan",0.4736,,,1126.98413,,
1993,044,"Bahamas",72.9856,,,2.74868,,
1993,048,"Bahrain",76.2751,,,2.59886,,
1993,050,"Bangladesh",36.903,,,3.29508,,
1993,052,"Barbados",57.2326,,,1.18357,,
1993,112,"Belarus",0.0019,,,,,"Not available or not separately reported"
1993,056,"Belgium",72.5213,,,2.48435,,
1993,084,"Belize",69.6739,,,1.47368,,
1993,204,"Benin",38.8653,,,0.44596,,
1993,064,"Bhutan",36.7544,,,9.59368,,
1993,068,"Bolivia (Plurinational State of)",39.6361,,,8.52668,,
1993,072,"Botswana",24.1027,,,14.39943,,
1993,076,"Brazil",1.0144,,,1927.38084,,
1993,092,"British Virgin Islands",56.8708,,,2.56125,,
1993,096,"Brunei Darussalam",83.727,,,4.25217,,
1993,100,"Bulgaria",0.5059,,,72.79152,,
1993,854,"Burkina Faso",50.0984,,,0.61445,,
1993,108,"Burundi",12.7968,,,9.66172,,
1993,132,"Cabo Verde",57.4609,,,5.82942,,
1993,116,"Cambodia",36.975,,,114.32033,,
1993,120,"Cameroon",47.2685,,,-3.72014,,
1993,124,"Canada",73.4689,,,1.86548,,
1993,140,"Central African Republic",46.4381,,,-2.90875,,
1993,148,"Chad",42.131,,,-10.87594,,
1993,152,"Chile",46.9897,,,12.74425,,
1993,156,"China",51.0698,,,14.76309,,
1993,344,"China, Hong Kong SAR",75.5133,,,8.79649,,
1993,446,"China, Macao SAR",80.4209,,,6.70585,,
1993,158,"China, Taiwan Province of",78.6947,,,2.94347,,
1993,170,"Colombia",19.0673,,,22.45564,,
1993,174,"Comoros",45.6551,,,2.00128,,
1993,178,"Congo",51.088,,,-4.1008,,
1993,188,"Costa Rica",14.7213,,,9.78558,,
1993,384,"Côte d'Ivoire",46.4188,,,2.12797,,
1993,191,"Croatia",29.8043,,,1518.72066,,
1993,531,"Curaçao",,,"Not applicable",,,"Not applicable"
1993,196,"Cyprus",63.7699,,,4.88792,,
1993,208,"Denmark",71.6624,,,0.87178,,
1993,262,"Djibouti",57.1995,,,4.43856,,
1993,212,"Dominica",73.8973,,,1.56684,,
1993,214,"Dominican Republic",19.0462,,,5.2526,,
1993,218,"Ecuador",4.4215,,,45.00193,,
1993,818,"Egypt",30.8345,,,11.04608,,
1993,222,"El Salvador",48.5078,,,18.50366,,
1993,226,"Equatorial Guinea",29.898,,,5.45069,,
1993,232,"Eritrea",9.8584,,,4.7912,,
1993,233,"Estonia",22.7766,,,,,"Not available or not separately reported"
1993,748,"Eswatini",27.0509,,,12.02493,,
1993,231,"Ethiopia",28.7342,,,9.98369,,
1993,230,"Ethiopia (...1991)",,,"Not applicable",,,"Not applicable"
1993,242,"Fiji",58.3927,,,5.20731,,
1993,246,"Finland",76.6394,,,3.32646,,
1993,251,"France",75.4349,,,2.23359,"Estimated",
1993,250,"France, metropolitan",75.4349,,,2.23359,,
1993,492,"Monaco",75.4349,,,2.23359,"Estimated",
1993,258,"French Polynesia",79.3133,,,1.52229,,
1993,266,"Gabon",56.815,,,0.534,,
1993,270,"Gambia",42.508,,,6.46596,,
1993,276,"Germany",77.2391,,,4.47617,,
1993,288,"Ghana",3.8108,,,24.96218,,
1993,300,"Greece",47.4669,,,14.41065,,
1993,308,"Grenada",63.219,,,2.80914,,
1993,320,"Guatemala",29.483,,,13.36546,,
1993,324,"Guinea",16.7687,,,7.13562,,
1993,624,"Guinea-Bissau",18.413,,,48.22213,,
1993,328,"Guyana",33.6165,,,8.40035,,
1993,332,"Haiti",10.7701,,,22.54921,,
1993,340,"Honduras",14.5502,,,10.77615,,
1993,348,"Hungary",18.8354,,,22.44686,,
1993,352,"Iceland",46.17,,,4.08313,,
1993,356,"India",30.3172,,,7.27806,,
1993,360,"Indonesia",,,"Not applicable",,,"Not applicable"
1993,960,"Indonesia (...2002)",16.3252,,,9.6587,,
1993,364,"Iran (Islamic Republic of)",5.477,,,22.52192,,
1993,368,"Iraq",0.4397,,,300,,
1993,372,"Ireland",67.0399,,,1.41698,,
1993,376,"Israel",48.0875,,,10.94156,,
1993,380,"Italy",64.8298,,,4.49867,,
1993,388,"Jamaica",12.1427,,,21.63086,,
1993,392,"Japan",100.5347,,,1.25437,,
1993,400,"Jordan",56.526,,,3.30495,,
1993,398,"Kazakhstan",0.4941,,,1654.6875,,
1993,404,"Kenya",24.6127,,,45.97906,,
1993,296,"Kiribati",63.9537,,,6.10941,,
1993,410,"Korea, Republic of",54.2195,,,4.80251,,
1993,414,"Kuwait",63.3066,,,0.6033,,
1993,417,"Kyrgyzstan",4.195,,,1085.02825,,
1993,418,"Lao People's Dem. Rep.",5.6018,,,5.66397,,
1993,428,"Latvia",25.1563,,,109.19664,,
1993,426,"Lesotho",29.182,,,13.7698,,
1993,434,"Libya",71.7429,,,7.47357,,
1993,442,"Luxembourg",68.1314,,,3.60023,,
1993,450,"Madagascar",11.4642,,,9.98154,,
1993,454,"Malawi",3.5865,,,22.83333,,
1993,458,"Malaysia",64.2231,,,3.54644,,
1993,462,"Maldives",54.09,,,20.12535,,
1993,466,"Mali",51.0446,,,-0.56839,,
1993,470,"Malta",62.8583,,,4.03166,,
1993,478,"Mauritania",37.673,,,9.36829,,
1993,480,"Mauritius",37.3644,,,15.2867,,
1993,484,"Mexico",18.2766,,,9.76847,,
1993,498,"Moldova, Republic of",2.6503,,,788.503,,
1993,496,"Mongolia",5.7792,,,268.55263,,
1993,499,"Montenegro",,,"Not applicable",,,"Not applicable"
1993,504,"Morocco",67.4679,,,5.18276,,
1993,508,"Mozambique",7.6488,,,42.25041,,
1993,104,"Myanmar",3.5716,,,31.87076,,
1993,516,"Namibia",28.4986,,,8.53595,,
1993,524,"Nepal",32.5657,,,8.87089,,
1993,528,"Netherlands (Kingdom of the)",71.2249,,,1.64501,,
1993,540,"New Caledonia",83.1338,,,,,"Not available or not separately reported"
1993,554,"New Zealand",67.8956,,,1.28766,,
1993,558,"Nicaragua",22.9086,,,13.49984,,
1993,562,"Niger",45.5332,,,-0.32586,,
1993,566,"Nigeria",6.2041,,,58.08187,,
1993,807,"North Macedonia",27.9326,,,338.69954,,
1993,579,"Norway",70.383,,,2.28898,,
1993,512,"Oman",76.2494,,,1.1363,,
1993,586,"Pakistan",24.8932,,,9.82659,,
1993,591,"Panama",71.5385,,,0.47907,,
1993,598,"Papua New Guinea",25.2646,,,4.97782,,
1993,600,"Paraguay",22.6943,,,18.28404,,
1993,604,"Peru",41.2912,,,48.57882,,
1993,608,"Philippines",37.3989,,,6.75837,,
1993,616,"Poland",24.6232,,,35.29909,,
1993,620,"Portugal",63.8773,,,5.9308,,
1993,634,"Qatar",49.6503,,,-0.6993,,
1993,642,"Romania",0.854,,,255.83333,,
1993,643,"Russian Federation",0.5228,,,885.71429,,
1993,646,"Rwanda",18.1231,,,12.47061,,
1993,659,"Saint Kitts and Nevis",56.9731,,,1.7902,,
1993,662,"Saint Lucia",63.4835,,,0.77532,,
1993,670,"Saint Vincent and the Grenadines",66.8361,,,4.26,,
1993,882,"Samoa",44.3263,,,1.70947,,
1993,678,"Sao Tome and Principe",2.57,,,25.46012,,
1993,682,"Saudi Arabia",78.9859,,,1.24145,,
1993,686,"Senegal",53.1867,,,-0.7447,,
1993,688,"Serbia",,,"Not applicable",,,"Not applicable"
1993,690,"Seychelles",40.2701,,,-0.33649,,
1993,694,"Sierra Leone",11.3485,,,22.22603,,
1993,702,"Singapore",77.6565,,,2.29215,,
1993,534,"Sint Maarten (Dutch part)",,,"Not applicable",,,"Not applicable"
1993,703,"Slovakia",36.2936,,,,,"Not available or not separately reported"
1993,705,"Slovenia",32.6235,,,31.92939,,
1993,090,"Solomon Islands",22.711,,,9.19939,,
1993,710,"South Africa",34.3781,,,9.72355,,
1993,728,"South Sudan",,,"Not applicable",,,"Not applicable"
1993,724,"Spain",60.777,,,4.56857,,
1993,144,"Sri Lanka",21.9028,,,11.74741,,
1993,729,"Sudan",,,"Not applicable",,,"Not applicable"
1993,736,"Sudan (...2011)",2.2979,,,101.28049,,
1993,740,"Suriname",3.822,,,79.2527,,
1993,752,"Sweden",74.1349,,,4.68903,,
1993,757,"Switzerland, Liechtenstein",86.1208,,,3.29175,,
1993,438,"Liechtenstein",86.1208,,,3.29175,"Estimated",
1993,756,"Switzerland",86.1208,,,3.29175,"Estimated",
1993,760,"Syrian Arab Republic",43.994,,,12.25823,,
1993,762,"Tajikistan",0.0373,,,2566.66667,,
1993,834,"Tanzania, United Republic of",16.6237,,,26.09773,,
1993,764,"Thailand",56.5752,,,3.29652,,
1993,626,"Timor-Leste",,,"Not applicable",,,"Not applicable"
1993,768,"Togo",43.7521,,,-0.08909,,
1993,776,"Tonga",39.2818,,,1.81111,,
1993,780,"Trinidad and Tobago",36.8005,,,10.79072,,
1993,788,"Tunisia",54.9528,,,4.04019,,
1993,792,"Türkiye",0.3262,,,66.28571,,
1993,795,"Turkmenistan",0.0078,,,2100,,
1993,800,"Uganda",35.4361,,,29.96759,,
1993,804,"Ukraine",0.203,,,4734.88196,,
1993,784,"United Arab Emirates",50.8162,,,5.27273,,
1993,926,"United Kingdom",71.7802,,,2.53347,,
1993,826,"United Kingdom excl. Channel Islands and Isle of Man",71.7802,,,2.53347,"Estimated",
1993,842,"United States of America",66.2498,,,2.96989,,
1993,630,"Puerto Rico",67.4907,,,0.96686,,
1993,840,"United States of America excluding Puerto Rico and United States Virgin Islands",66.2498,,,2.96989,"Estimated",
1993,858,"Uruguay",11.1946,,,54.11895,,
1993,860,"Uzbekistan",0.0689,,,450,,
1993,548,"Vanuatu",63.9348,,,3.56499,,
1993,862,"Venezuela (Bolivarian Rep. of)",0.9102,,,38.09142,,
1993,704,"Viet Nam",30.9802,,,8.37921,,
1993,887,"Yemen",6.5082,,,61.73829,,
1993,894,"Zambia",3.9129,,,158.4788,,
1993,716,"Zimbabwe",232.5889,,,0.37662,,
1993,0000,"World",27.0335,,,102.65758,,
1993,5100,"Africa",5.8861,,,24.26161,,
1993,5110,"Northern Africa",29.0859,,,18.76103,,
1993,5120,"Sub-Saharan Africa",2.7351,,,27.65764,,
1993,5121,"Eastern Africa",19.8272,,,34.3362,,
1993,5122,"Middle Africa",0.0075,,,-2.90642,,
1993,5123,"Southern Africa",33.6804,,,9.88846,,
1993,5124,"Western Africa",8.8023,,,44.0152,,
1993,5200,"Americas",22.5266,,,135.90613,,
1993,5210,"Northern America",66.7787,,,2.88351,,
1993,5220,"Latin America and the Caribbean",2.7416,,,729.13022,,
1993,5221,"Caribbean",35.1496,,,9.78591,,
1993,5222,"Central America",19.1941,,,9.89647,,
1993,5223,"South America",2.0032,,,1088.67774,,
1993,5300,"Asia",34.3292,,,33.66395,,
1993,5310,"Central Asia",0.115,,,,,"Not available or not separately reported"
1993,5330,"Eastern Asia",74.2181,,,4.94305,,
1993,5350,"South-eastern Asia",32.1039,,,7.09297,,
1993,5320,"Southern Asia",20.961,,,10.94873,,
1993,5340,"Western Asia",6.0264,,,56.63173,,
1993,5400,"Europe",35.2346,,,125.22176,,
1993,5410,"Eastern Europe",0.7771,,,1021.76433,,
1993,5420,"Northern Europe",70.8851,,,3.17941,,
1993,5430,"Southern Europe",60.8078,,,23.70705,,
1993,5440,"Western Europe",76.3153,,,3.31169,,
1993,5500,"Oceania",63.263,,,1.75648,,
1993,5600,"Asia and Oceania",35.7806,,,31.30775,,
1993,5702,"Northern America and Europe",47.1585,,,68.31669,,
1993,5706,"Europe, Northern America, Australia and New Zealand",47.5476,,,66.48093,,
1993,5703,"Central and Southern Asia",6.2216,,,189.8673,,
1993,5704,"Eastern and South-Eastern Asia",66.2926,,,5.20917,,
1993,5705,"Western Asia and Northern Africa",8.4042,,,47.58933,,
1993,1400,"Developing economies",6.194,,,270.97791,,
1993,1410,"Developing economies: Africa",5.8861,,,24.26161,,
1993,1420,"Developing economies: Americas",2.7416,,,729.13022,,
1993,1460,"Developing economies: Asia and Oceania",18.2281,,,63.94223,,
1993,1430,"Developing economies: Asia",18.1613,,,64.18336,,
1993,1450,"Developing economies: Oceania",44.3597,,,4.15516,,
1993,1500,"Developed economies",51.7736,,,56.91796,,
1993,1520,"Developed economies: Americas",66.7787,,,2.88351,,
1993,1560,"Developed economies: Asia and Oceania",83.8921,,,1.88581,,
1993,1530,"Developed economies: Asia",88.4953,,,1.91637,,
1993,1550,"Developed economies: Oceania",63.995,,,1.69298,,
1993,1540,"Developed economies: Europe",35.2346,,,125.22176,,
1993,1600,"Developing economies excluding China",4.0788,,,321.23425,,
1993,1601,"Developing economies excluding LDCs",7.1892,,,277.97841,,
1993,1610,"LDCs (Least developed countries)",0.6009,,,31.26091,,
1993,1612,"LDCs: Asia",17.8835,,,20.92936,,
1993,1614,"LDCs: Africa",0.1207,,,40.44337,,
1993,1615,"LDCs: Islands and Haiti",12.5719,,,20.018,,
1993,1620,"LLDCs (Landlocked developing countries)",0.6761,,,861.02853,,
1993,1640,"SIDS (Small island developing States) (UN-OHRLLS)",49.746,,,6.87123,,
1993,1641,"SIDS: Atlantic and Indian Ocean",55.8293,,,8.24676,,
1993,1642,"SIDS: Caribbean",33.0867,,,12.0424,,
1993,1643,"SIDS: Pacific",70.2158,,,2.63033,,
1993,2623,"Low-income developing economies",4.3978,,,88.79205,,
1993,2622,"Middle-income developing economies",9.4696,,,38.71017,,
1993,2621,"High-income developing economies",6.3562,,,361.2621,,
1993,2711,"BRICS",3.5857,,,691.08405,,
1993,3412,"European Union (2020 …)",60.3112,,,12.9131,,
1993,3916,"G20 (Group of Twenty)",30.8431,,,87.45935,,
1993,3919,"G-77 (Group of 77)",6.788,,,302.46458,,
1993,3905,"OECD (Organisation for Economic Cooperation and Development)",62.1451,,,4.29079,,
1994,0001,"Individual economies",,,"Not applicable",,,"Not applicable"
1994,008,"Albania",37.8151,,,22.56551,,
1994,012,"Algeria",40.0521,,,28.99969,,
1994,660,"Anguilla",59.5,,,3.47826,,
1994,028,"Antigua and Barbuda",72.8672,,,6.48668,,
1994,032,"Argentina",39.081,,,4.17654,,
1994,051,"Armenia",15.9712,,,5273.44064,,
1994,533,"Aruba",60.451,,,6.28431,,
1994,036,"Australia",64.6722,,,1.92702,,
1994,040,"Austria",76.9888,,,2.71113,,
1994,031,"Azerbaijan",8.3545,,,1663.90686,,
1994,044,"Bahamas",73.9837,,,1.36756,,
1994,048,"Bahrain",79.3243,,,3.99763,,
1994,050,"Bangladesh",38.5961,,,4.5881,,
1994,052,"Barbados",57.6334,,,0.70037,,
1994,112,"Belarus",0.0432,,,2233.33333,,
1994,056,"Belgium",74.2586,,,2.39568,,
1994,084,"Belize",71.4638,,,2.56895,,
1994,204,"Benin",53.8423,,,38.53572,,
1994,064,"Bhutan",40.2453,,,9.49812,,
1994,068,"Bolivia (Plurinational State of)",42.7574,,,7.87484,,
1994,072,"Botswana",26.658,,,10.60177,,
1994,076,"Brazil",22.0712,,,2075.82691,,
1994,092,"British Virgin Islands",59.279,,,4.23453,,
1994,096,"Brunei Darussalam",85.789,,,2.46277,,
1994,100,"Bulgaria",0.9921,,,96.11452,,
1994,854,"Burkina Faso",62.4829,,,24.72028,,
1994,108,"Burundi",14.7038,,,14.90235,,
1994,132,"Cabo Verde",59.3823,,,3.34379,,
1994,116,"Cambodia",40.8353,,,10.44009,,
1994,120,"Cameroon",53.253,,,12.66059,,
1994,124,"Canada",73.5899,,,0.16478,,
1994,140,"Central African Republic",57.8386,,,24.54976,,
1994,148,"Chad",59.5202,,,41.27418,,
1994,152,"Chile",52.3745,,,11.4595,,
1994,156,"China",63.462,,,24.2653,,
1994,344,"China, Hong Kong SAR",82.1702,,,8.81558,,
1994,446,"China, Macao SAR",85.4494,,,6.25275,,
1994,158,"China, Taiwan Province of",81.9201,,,4.09866,,
1994,170,"Colombia",23.4242,,,22.85014,,
1994,174,"Comoros",57.2056,,,25.29947,,
1994,178,"Congo",54.919,,,7.49881,,
1994,180,"Congo, Dem. Rep. of the",0.001,,,,,"Not available or not separately reported"
1994,188,"Costa Rica",16.7131,,,13.52983,,
1994,384,"Côte d'Ivoire",58.4676,,,25.95686,,
1994,191,"Croatia",58.8652,,,97.50571,,
1994,192,"Cuba",84.735,,,,,"Not available or not separately reported"
1994,531,"Curaçao",,,"Not applicable",,,"Not applicable"
1994,196,"Cyprus",66.7417,,,4.66014,,
1994,208,"Denmark",72.9818,,,1.84115,,
1994,262,"Djibouti",60.9205,,,6.50542,,
1994,212,"Dominica",73.8893,,,-0.01084,,
1994,214,"Dominican Republic",20.6191,,,8.25883,,
1994,218,"Ecuador",5.6348,,,27.44211,,
1994,818,"Egypt",33.6239,,,9.04648,,
1994,222,"El Salvador",53.6417,,,10.58363,,
1994,226,"Equatorial Guinea",39.4183,,,31.84262,,
1994,232,"Eritrea",11.1541,,,13.1437,,
1994,233,"Estonia",33.6312,,,47.6566,,
1994,748,"Eswatini",30.7755,,,13.76879,,
1994,231,"Ethiopia",29.0706,,,1.17078,,
1994,230,"Ethiopia (...1991)",,,"Not applicable",,,"Not applicable"
1994,242,"Fiji",58.8594,,,0.79921,,
1994,246,"Finland",77.8758,,,1.61327,,
1994,251,"France",76.6917,,,1.66608,"Estimated",
1994,250,"France, metropolitan",76.6917,,,1.66608,,
1994,492,"Monaco",76.6917,,,1.66608,"Estimated",
1994,258,"French Polynesia",80.5775,,,1.594,,
1994,266,"Gabon",77.3344,,,36.11623,,
1994,270,"Gambia",43.2351,,,1.7104,,
1994,276,"Germany",79.3384,,,2.71792,,
1994,288,"Ghana",4.7588,,,24.87893,,
1994,300,"Greece",52.6282,,,10.87342,,
1994,308,"Grenada",67.2869,,,6.43462,,
1994,320,"Guatemala",33.1699,,,12.50518,,
1994,324,"Guinea",17.4763,,,4.21969,,
1994,624,"Guinea-Bissau",21.2077,,,15.17774,,
1994,328,"Guyana",37.7842,,,12.39784,,
1994,332,"Haiti",15.354,,,42.56044,,
1994,340,"Honduras",17.7175,,,21.7683,,
1994,348,"Hungary",22.3893,,,18.86812,,
1994,352,"Iceland",46.8859,,,1.55066,,
1994,356,"India",33.4317,,,10.27305,,
1994,360,"Indonesia",,,"Not applicable",,,"Not applicable"
1994,960,"Indonesia (...2002)",17.7178,,,8.52991,,
1994,364,"Iran (Islamic Republic of)",7.3851,,,34.83764,,
1994,368,"Iraq",2.1984,,,400,,
1994,372,"Ireland",68.6263,,,2.36637,,
1994,376,"Israel",54.0231,,,12.34346,,
1994,380,"Italy",67.5311,,,4.16667,,
1994,388,"Jamaica",16.46,,,35.55466,,
1994,392,"Japan",101.2286,,,0.69022,,
1994,400,"Jordan",58.5172,,,3.52269,,
1994,398,"Kazakhstan",7.4198,,,1401.60285,,
1994,404,"Kenya",31.7048,,,28.81505,,
1994,296,"Kiribati",66.5116,,,3.99955,,
1994,410,"Korea, Republic of",57.6164,,,6.26508,,
1994,414,"Kuwait",64.8092,,,2.37363,,
1994,417,"Kyrgyzstan",11.775,,,180.6913,,
1994,418,"Lao People's Dem. Rep.",6.0308,,,7.65766,,
1994,428,"Latvia",34.1875,,,35.90062,,
1994,426,"Lesotho",31.2974,,,7.24893,,
1994,434,"Libya",79.3988,,,10.67133,,
1994,442,"Luxembourg",69.6296,,,2.19904,,
1994,450,"Madagascar",15.9353,,,39.00077,,
1994,454,"Malawi",4.8275,,,34.59973,,
1994,458,"Malaysia",66.5917,,,3.68808,,
1994,462,"Maldives",55.9208,,,3.38481,,
1994,466,"Mali",63.4427,,,24.28881,,
1994,470,"Malta",65.4523,,,4.12673,,
1994,478,"Mauritania",39.229,,,4.13028,,
1994,480,"Mauritius",40.1043,,,7.33295,,
1994,484,"Mexico",19.5529,,,6.98368,,
1994,498,"Moldova, Republic of",11.3864,,,329.63558,,
1994,496,"Mongolia",16.96,,,193.46662,,
1994,499,"Montenegro",,,"Not applicable",,,"Not applicable"
1994,504,"Morocco",70.9375,,,5.14259,,
1994,508,"Mozambique",12.4772,,,63.12524,,
1994,104,"Myanmar",4.4316,,,24.07743,,
1994,516,"Namibia",31.5586,,,10.73731,,
1994,524,"Nepal",35.4813,,,8.95306,,
1994,528,"Netherlands (Kingdom of the)",72.7329,,,2.11718,,
1994,540,"New Caledonia",85.3101,,,2.6178,,
1994,554,"New Zealand",69.0806,,,1.74533,,
1994,558,"Nicaragua",23.7564,,,3.70103,,
1994,562,"Niger",61.7127,,,35.53356,,
1994,566,"Nigeria",9.7239,,,56.73276,,
1994,807,"North Macedonia",63.2893,,,126.57883,,
1994,579,"Norway",71.351,,,1.37533,,
1994,512,"Oman",75.7493,,,-0.65586,,
1994,586,"Pakistan",27.6991,,,11.27193,,
1994,591,"Panama",72.4907,,,1.3311,,
1994,598,"Papua New Guinea",25.9846,,,2.84985,,
1994,600,"Paraguay",27.3675,,,20.59215,,
1994,604,"Peru",51.0913,,,23.73399,,
1994,608,"Philippines",42.0693,,,12.48813,,
1994,616,"Poland",32.552,,,32.2007,,
1994,620,"Portugal",67.0525,,,4.9707,,
1994,634,"Qatar",50.3497,,,1.40845,,
1994,642,"Romania",2.023,,,136.88525,,
1994,643,"Russian Federation",2.1305,,,307.53623,,
1994,646,"Rwanda",21.929,,,20.99967,,
1994,659,"Saint Kitts and Nevis",57.7862,,,1.42702,,
1994,662,"Saint Lucia",65.1749,,,2.66442,,
1994,670,"Saint Vincent and the Grenadines",67.1003,,,0.39522,,
1994,882,"Samoa",49.6829,,,12.08446,,
1994,678,"Sao Tome and Principe",3.8849,,,51.16137,,
1994,682,"Saudi Arabia",80.0624,,,1.36281,,
1994,686,"Senegal",70.2623,,,32.10512,,
1994,688,"Serbia",,,"Not applicable",,,"Not applicable"
1994,690,"Seychelles",41.1683,,,2.23062,,
1994,694,"Sierra Leone",14.0927,,,24.18044,,
1994,702,"Singapore",80.059,,,3.09379,,
1994,534,"Sint Maarten (Dutch part)",,,"Not applicable",,,"Not applicable"
1994,703,"Slovakia",41.1796,,,13.46235,,
1994,705,"Slovenia",39.4298,,,20.86324,,
1994,090,"Solomon Islands",25.7309,,,13.29728,,
1994,710,"South Africa",37.393,,,8.76987,,
1994,728,"South Sudan",,,"Not applicable",,,"Not applicable"
1994,724,"Spain",63.645,,,4.71876,,
1994,144,"Sri Lanka",23.7527,,,8.44615,,
1994,729,"Sudan",,,"Not applicable",,,"Not applicable"
1994,736,"Sudan (...2011)",4.9515,,,115.48016,,
1994,740,"Suriname",9.2792,,,142.78662,,
1994,752,"Sweden",76.2919,,,2.90954,,
1994,757,"Switzerland, Liechtenstein",86.854,,,0.85127,,
1994,438,"Liechtenstein",86.854,,,0.85127,"Estimated",
1994,756,"Switzerland",86.854,,,0.85127,"Estimated",
1994,760,"Syrian Arab Republic",47.422,,,7.79197,,
1994,762,"Tajikistan",0.1681,,,350,,
1994,834,"Tanzania, United Republic of",22.9243,,,37.90121,,
1994,764,"Thailand",59.4466,,,5.07528,,
1994,626,"Timor-Leste",,,"Not applicable",,,"Not applicable"
1994,768,"Togo",59.1792,,,35.26032,,
1994,776,"Tonga",40.8215,,,3.91965,,
1994,780,"Trinidad and Tobago",40.0436,,,8.81288,,
1994,788,"Tunisia",57.9331,,,5.4235,,
1994,792,"Türkiye",0.667,,,104.46735,,
1994,795,"Turkmenistan",0.1441,,,1736.36364,,
1994,800,"Uganda",37.5104,,,5.85384,,
1994,804,"Ukraine",2.0123,,,891.18829,,
1994,784,"United Arab Emirates",53.7125,,,5.69948,,
1994,926,"United Kingdom",73.2105,,,1.99258,,
1994,826,"United Kingdom excl. Channel Islands and Isle of Man",73.2105,,,1.99258,"Estimated",
1994,842,"United States of America",67.9694,,,2.5956,,
1994,630,"Puerto Rico",68.461,,,1.43775,,
1994,840,"United States of America excluding Puerto Rico and United States Virgin Islands",67.9694,,,2.5956,"Estimated",
1994,858,"Uruguay",16.2016,,,44.72675,,
1994,860,"Uzbekistan",1.1614,,,1586.36364,,
1994,548,"Vanuatu",65.4072,,,2.30292,,
1994,862,"Venezuela (Bolivarian Rep. of)",1.4637,,,60.80139,,
1994,704,"Viet Nam",33.9187,,,9.48509,,
1994,887,"Yemen",11.1473,,,71.28001,,
1994,894,"Zambia",5.7156,,,46.0685,,
1994,716,"Zimbabwe",226.1666,,,-2.76123,,
1994,0000,"World",47.9668,,,77.43426,,
1994,5100,"Africa",7.3905,,,25.55851,,
1994,5110,"Northern Africa",35.4107,,,21.74537,,
1994,5120,"Sub-Saharan Africa",3.4975,,,27.87426,,
1994,5121,"Eastern Africa",24.4921,,,23.52749,,
1994,5122,"Middle Africa",0.0091,,,21.41043,,
1994,5123,"Southern Africa",36.6837,,,8.91711,,
1994,5124,"Western Africa",12.9767,,,47.42499,,
1994,5200,"Americas",55.7759,,,147.59955,,
1994,5210,"Northern America",68.3852,,,2.40566,,
1994,5220,"Latin America and the Caribbean",24.2133,,,783.1744,,
1994,5221,"Caribbean",40.2922,,,14.63063,,
1994,5222,"Central America",20.6293,,,7.47693,,
1994,5223,"South America",25.3429,,,1165.13843,,
1994,5300,"Asia",46.504,,,35.4649,,
1994,5310,"Central Asia",1.7311,,,1405.71262,,
1994,5330,"Eastern Asia",79.667,,,7.34184,,
1994,5350,"South-eastern Asia",34.46,,,7.33907,,
1994,5320,"Southern Asia",24.1675,,,15.29759,,
1994,5340,"Western Asia",10.808,,,79.34433,,
1994,5400,"Europe",48.6226,,,37.99673,,
1994,5410,"Eastern Europe",3.1932,,,310.92628,,
1994,5420,"Northern Europe",72.5318,,,2.32308,,
1994,5430,"Southern Europe",64.5794,,,6.2025,,
1994,5440,"Western Europe",77.9802,,,2.18168,,
1994,5500,"Oceania",64.4853,,,1.93209,,
1994,5600,"Asia and Oceania",47.5751,,,32.96334,,
1994,5702,"Northern America and Europe",57.1439,,,21.17428,,
1994,5706,"Europe, Northern America, Australia and New Zealand",57.3552,,,20.62706,,
1994,5703,"Central and Southern Asia",16.8478,,,170.79334,,
1994,5704,"Eastern and South-Eastern Asia",71.1594,,,7.34148,,
1994,5705,"Western Asia and Northern Africa",13.9589,,,66.09525,,
1994,1400,"Developing economies",23.9589,,,286.80974,,
1994,1410,"Developing economies: Africa",7.3905,,,25.55851,,
1994,1420,"Developing economies: Americas",24.2133,,,783.1744,,
1994,1460,"Developing economies: Asia and Oceania",30.169,,,65.50877,,
1994,1430,"Developing economies: Asia",30.1169,,,65.8305,,
1994,1450,"Developing economies: Oceania",45.5844,,,2.76084,,
1994,1500,"Developed economies",61.0098,,,17.83962,,
1994,1520,"Developed economies: Americas",68.3852,,,2.40566,,
1994,1560,"Developed economies: Asia and Oceania",85.33,,,1.71407,,
1994,1530,"Developed economies: Asia",89.9846,,,1.68291,,
1994,1550,"Developed economies: Oceania",65.213,,,1.90337,,
1994,1540,"Developed economies: Europe",48.6226,,,37.99673,,
1994,1600,"Developing economies excluding China",18.0701,,,343.02704,,
1994,1601,"Developing economies excluding LDCs",28.3283,,,294.04254,,
1994,1610,"LDCs (Least developed countries)",0.8043,,,33.84412,,
1994,1612,"LDCs: Asia",21.2752,,,18.96535,,
1994,1614,"LDCs: Africa",0.1759,,,45.70321,,
1994,1615,"LDCs: Islands and Haiti",17.462,,,38.89784,,
1994,1620,"LLDCs (Landlocked developing countries)",6.1503,,,809.62832,,
1994,1640,"SIDS (Small island developing States) (UN-OHRLLS)",54.1925,,,8.93823,,
1994,1641,"SIDS: Atlantic and Indian Ocean",59.1353,,,5.92165,,
1994,1642,"SIDS: Caribbean",39.1834,,,18.42631,,
1994,1643,"SIDS: Pacific",72.3382,,,3.02265,,
1994,2623,"Low-income developing economies",6.0014,,,36.46507,,
1994,2622,"Middle-income developing economies",15.0866,,,59.31664,,
1994,2621,"High-income developing economies",30.273,,,376.27652,,
1994,2711,"BRICS",24.4154,,,580.91643,,
1994,3412,"European Union (2020 …)",63.9153,,,5.97575,,
1994,3916,"G20 (Group of Twenty)",53.7474,,,74.26064,,
1994,3919,"G-77 (Group of 77)",28.5814,,,321.05664,,
1994,3905,"OECD (Organisation for Economic Cooperation and Development)",64.7085,,,4.12482,,
1995,0001,"Individual economies",,,"Not applicable",,,"Not applicable"
1995,008,"Albania",40.7628,,,7.79492,,
1995,012,"Algeria",51.9878,,,29.80041,,
1995,024,"Angola",0.0011,,,,,"Not available or not separately reported"
1995,660,"Anguilla",60.4,,,1.51261,,
1995,028,"Antigua and Barbuda",74.8609,,,2.7361,,
1995,032,"Argentina",40.4003,,,3.37581,,
1995,051,"Armenia",44.1993,,,176.74305,,
1995,533,"Aruba",62.5139,,,3.4126,,
1995,036,"Australia",67.6639,,,4.62591,,
1995,040,"Austria",78.2295,,,1.61149,,
1995,031,"Azerbaijan",42.7558,,,411.77118,,
1995,044,"Bahamas",75.4804,,,2.02294,,
1995,048,"Bahrain",81.8155,,,3.14056,,
1995,050,"Bangladesh",42.0143,,,8.85624,,
1995,052,"Barbados",59.269,,,2.83783,,
1995,112,"Belarus",0.3504,,,711.42857,,
1995,056,"Belgium",75.199,,,1.26632,,
1995,084,"Belize",73.529,,,2.88982,,
1995,204,"Benin",61.626,,,14.45631,,
1995,064,"Bhutan",43.0966,,,7.08467,,
1995,068,"Bolivia (Plurinational State of)",47.1146,,,10.19046,,
1995,072,"Botswana",29.4567,,,10.49868,,
1995,076,"Brazil",36.6399,,,66.00804,,
1995,092,"British Virgin Islands",62.3047,,,5.10417,,
1995,096,"Brunei Darussalam",90.907,,,5.9658,,
1995,100,"Bulgaria",1.6087,,,62.14807,,
1995,854,"Burkina Faso",67.3395,,,7.77277,,
1995,108,"Burundi",17.5295,,,19.21777,,
1995,132,"Cabo Verde",64.3759,,,8.40925,,
1995,116,"Cambodia",44.9507,,,10.07812,,
1995,120,"Cameroon",66.995,,,25.80519,,
1995,124,"Canada",75.1715,,,2.14916,,
1995,136,"Cayman Islands",67.4588,,,,,"Not available or not separately reported"
1995,140,"Central African Republic",68.9438,,,19.20038,,
1995,148,"Chad",62.7118,,,5.36231,,
1995,152,"Chile",56.6841,,,8.22848,,
1995,156,"China",74.0968,,,16.75765,,
1995,344,"China, Hong Kong SAR",89.5922,,,9.03244,,
1995,446,"China, Macao SAR",92.7622,,,8.55804,,
1995,158,"China, Taiwan Province of",84.9238,,,3.66664,,
1995,170,"Colombia",28.3158,,,20.88247,,
1995,174,"Comoros",59.0078,,,3.1503,,
1995,178,"Congo",58.3778,,,6.29792,,
1995,180,"Congo, Dem. Rep. of the",0.0063,,,554.54545,,
1995,188,"Costa Rica",20.5881,,,23.1858,,
1995,384,"Côte d'Ivoire",66.7112,,,14.09944,,
1995,191,"Croatia",60.0203,,,1.96226,,
1995,192,"Cuba",76.1837,,,-10.09174,,
1995,531,"Curaçao",,,"Not applicable",,,"Not applicable"
1995,196,"Cyprus",68.4852,,,2.61234,,
1995,203,"Czechia",56.1543,,,,,"Not available or not separately reported"
1995,208,"Denmark",74.4691,,,2.03785,,
1995,262,"Djibouti",63.8972,,,4.88609,,
1995,212,"Dominica",74.8441,,,1.29225,,
1995,214,"Dominican Republic",23.204,,,12.53638,,
1995,218,"Ecuador",6.9246,,,22.89056,,
1995,818,"Egypt",36.7709,,,9.35935,,
1995,222,"El Salvador",59.0229,,,10.03172,,
1995,226,"Equatorial Guinea",47.2513,,,19.87152,,
1995,232,"Eritrea",12.4908,,,11.9838,,
1995,233,"Estonia",43.3853,,,29.00314,,
1995,748,"Eswatini",34.5571,,,12.28801,,
1995,231,"Ethiopia",32.9528,,,13.35442,,
1995,230,"Ethiopia (...1991)",,,"Not applicable",,,"Not applicable"
1995,242,"Fiji",60.1446,,,2.18358,,
1995,246,"Finland",78.1862,,,0.39868,,
1995,251,"France",78.0484,,,1.7691,"Estimated",
1995,250,"France, metropolitan",78.0484,,,1.7691,,
1995,492,"Monaco",78.0484,,,1.7691,"Estimated",
1995,258,"French Polynesia",81.5218,,,1.17188,,
1995,266,"Gabon",84.7946,,,9.64673,,
1995,270,"Gambia",46.2534,,,6.9812,,
1995,276,"Germany",80.7124,,,1.73181,,
1995,288,"Ghana",7.5811,,,59.30683,,
1995,300,"Greece",57.2533,,,8.78825,,
1995,308,"Grenada",69.3242,,,3.02782,,
1995,320,"Guatemala",35.9601,,,8.41167,,
1995,324,"Guinea",18.4468,,,5.5534,,
1995,624,"Guinea-Bissau",30.7789,,,45.13087,,
1995,328,"Guyana",42.402,,,12.22153,,
1995,332,"Haiti",19.9902,,,30.19577,,
1995,340,"Honduras",22.9319,,,29.43076,,
1995,348,"Hungary",28.7261,,,28.30281,,
1995,352,"Iceland",47.6617,,,1.65465,,
1995,356,"India",36.7628,,,9.96397,,
1995,360,"Indonesia",,,"Not applicable",,,"Not applicable"
1995,960,"Indonesia (...2002)",19.3856,,,9.41322,,
1995,364,"Iran (Islamic Republic of)",11.0264,,,49.30612,,
1995,368,"Iraq",10.5523,,,380,,
1995,372,"Ireland",70.3541,,,2.51769,,
1995,376,"Israel",59.4488,,,10.0432,,
1995,380,"Italy",71.1691,,,5.3872,,
1995,388,"Jamaica",19.7358,,,19.90128,,
1995,392,"Japan",101.1389,,,-0.08855,,
1995,400,"Jordan",59.8948,,,2.35415,,
1995,398,"Kazakhstan",20.5069,,,176.38024,,
1995,404,"Kenya",32.1973,,,1.55338,,
1995,296,"Kiribati",69.2384,,,4.09979,,
1995,410,"Korea, Republic of",60.1982,,,4.48106,,
1995,414,"Kuwait",66.4513,,,2.53374,,
1995,417,"Kyrgyzstan",16.741,,,42.1741,,
1995,418,"Lao People's Dem. Rep.",7.1814,,,19.0795,,
1995,428,"Latvia",42.7347,,,25.00079,,
1995,426,"Lesotho",34.415,,,9.96106,,
1995,434,"Libya",86.0224,,,8.34223,,
1995,440,"Lithuania",51.3762,,,,,"Not available or not separately reported"
1995,442,"Luxembourg",70.9529,,,1.90042,,
1995,450,"Madagascar",23.7483,,,49.02944,,
1995,454,"Malawi",8.8423,,,83.16532,,
1995,458,"Malaysia",68.9013,,,3.46831,,
1995,462,"Maldives",58.9897,,,5.48793,,
1995,466,"Mali",70.8299,,,11.64395,,
1995,470,"Malta",68.0539,,,3.97483,,
1995,478,"Mauritania",41.796,,,6.54363,,
1995,480,"Mauritius",42.522,,,6.02839,,
1995,484,"Mexico",26.4088,,,35.0634,,
1995,583,"Micronesia (Federated States of)",65.0467,,,,,"Not available or not separately reported"
1995,498,"Moldova, Republic of",14.8269,,,30.21569,,
1995,496,"Mongolia",16.9971,,,0.21898,,
1995,499,"Montenegro",,,"Not applicable",,,"Not applicable"
1995,504,"Morocco",75.2815,,,6.12369,,
1995,508,"Mozambique",18.4237,,,47.65866,,
1995,104,"Myanmar",5.5487,,,25.20722,,
1995,516,"Namibia",34.7242,,,10.03093,,
1995,524,"Nepal",38.2049,,,7.67612,,
1995,528,"Netherlands (Kingdom of the)",73.7139,,,1.34883,,
1995,540,"New Caledonia",86.3983,,,1.27551,,
1995,554,"New Zealand",71.6746,,,3.75514,,
1995,558,"Nicaragua",26.3978,,,11.11851,,
1995,562,"Niger",68.4135,,,10.85801,,
1995,566,"Nigeria",16.8203,,,72.97961,,
1995,807,"North Macedonia",73.6525,,,16.37435,,
1995,579,"Norway",73.107,,,2.46107,,
1995,512,"Oman",74.8926,,,-1.13095,,
1995,586,"Pakistan",31.3067,,,13.02438,,
1995,591,"Panama",73.1718,,,0.93944,,
1995,598,"Papua New Guinea",30.4748,,,17.28025,,
1995,600,"Paraguay",31.0308,,,13.38555,,
1995,604,"Peru",56.7783,,,11.13103,,
1995,608,"Philippines",44.9758,,,6.90882,,
1995,616,"Poland",41.6259,,,27.87505,,
1995,620,"Portugal",69.7138,,,3.96903,,
1995,634,"Qatar",51.8648,,,3.00926,,
1995,642,"Romania",2.675,,,32.22936,,
1995,643,"Russian Federation",6.3324,,,197.22617,,
1995,646,"Rwanda",34.2013,,,55.96414,,
1995,659,"Saint Kitts and Nevis",59.5205,,,3.00124,,
1995,662,"Saint Lucia",68.9952,,,5.86151,,
1995,670,"Saint Vincent and the Grenadines",68.7051,,,2.39159,,
1995,882,"Samoa",48.2291,,,-2.92617,,
1995,678,"Sao Tome and Principe",5.3144,,,36.79741,,
1995,682,"Saudi Arabia",84.1737,,,5.13512,,
1995,686,"Senegal",75.9368,,,8.07612,,
1995,688,"Serbia",,,"Not applicable",,,"Not applicable"
1995,690,"Seychelles",41.3763,,,0.50526,,
1995,694,"Sierra Leone",17.7557,,,25.99278,,
1995,702,"Singapore",81.4399,,,1.72483,,
1995,534,"Sint Maarten (Dutch part)",,,"Not applicable",,,"Not applicable"
1995,703,"Slovakia",45.2574,,,9.90254,,
1995,705,"Slovenia",44.774,,,13.55367,,
1995,090,"Solomon Islands",28.2039,,,9.61075,,
1995,710,"South Africa",40.7031,,,8.85214,,
1995,728,"South Sudan",,,"Not applicable",,,"Not applicable"
1995,724,"Spain",66.6192,,,4.67315,,
1995,144,"Sri Lanka",25.5762,,,7.67715,,
1995,729,"Sudan",,,"Not applicable",,,"Not applicable"
1995,736,"Sudan (...2011)",8.3375,,,68.38184,,
1995,740,"Suriname",11.5225,,,24.17533,,
1995,752,"Sweden",78.172,,,2.46435,,
1995,757,"Switzerland, Liechtenstein",88.4157,,,1.79808,,
1995,438,"Liechtenstein",88.4157,,,1.79808,"Estimated",
1995,756,"Switzerland",88.4157,,,1.79808,"Estimated",
1995,760,"Syrian Arab Republic",56.962,,,20.11725,,
1995,762,"Tajikistan",1.1977,,,612.63889,,
1995,834,"Tanzania, United Republic of",29.0611,,,26.76975,,
1995,764,"Thailand",62.8922,,,5.79616,,
1995,626,"Timor-Leste",,,"Not applicable",,,"Not applicable"
1995,768,"Togo",68.527,,,15.79564,,
1995,776,"Tonga",40.6262,,,-0.47839,,
1995,780,"Trinidad and Tobago",42.1556,,,5.27418,,
1995,788,"Tunisia",61.5436,,,6.23217,,
1995,792,"Türkiye",1.2646,,,89.57983,,
1995,795,"Turkmenistan",1.5909,,,1004.20792,,
1995,800,"Uganda",40.055,,,6.78373,,
1995,804,"Ukraine",9.5936,,,376.74617,,
1995,784,"United Arab Emirates",56.0383,,,4.33007,,
1995,926,"United Kingdom",75.1362,,,2.63033,,
1995,826,"United Kingdom excl. Channel Islands and Isle of Man",75.1362,,,2.63033,"Estimated",
1995,842,"United States of America",69.8761,,,2.80519,,
1995,630,"Puerto Rico",69.7717,,,1.91451,,
1995,840,"United States of America excluding Puerto Rico and United States Virgin Islands",69.8761,,,2.80519,"Estimated",
1995,858,"Uruguay",23.0466,,,42.24909,,
1995,860,"Uzbekistan",4.702,,,304.85175,,
1995,548,"Vanuatu",66.8655,,,2.22968,,
1995,862,"Venezuela (Bolivarian Rep. of)",2.3411,,,59.94944,,
1995,704,"Viet Nam",39.6593,,,16.92452,,
1995,887,"Yemen",18.2696,,,63.89269,,
1995,894,"Zambia",7.5135,,,31.45641,,
1995,716,"Zimbabwe",260.6041,,,15.22664,,
1995,0000,"World",54.901,,,14.45645,,
1995,5100,"Africa",10.1296,,,37.06184,,
1995,5110,"Northern Africa",41.7964,,,18.03316,,
1995,5120,"Sub-Saharan Africa",5.1917,,,48.43818,,
1995,5121,"Eastern Africa",28.813,,,17.64234,,
1995,5122,"Middle Africa",0.0285,,,214.74019,,
1995,5123,"Southern Africa",39.975,,,8.97206,,
1995,5124,"Western Africa",20.5025,,,57.99437,,
1995,5200,"Americas",60.9808,,,9.33185,,
1995,5210,"Northern America",70.2683,,,2.75372,,
1995,5220,"Latin America and the Caribbean",33.263,,,37.37464,,
1995,5221,"Caribbean",42.1082,,,4.50693,,
1995,5222,"Central America",27.3072,,,32.37096,,
1995,5223,"South America",35.8768,,,41.56533,,
1995,5300,"Asia",53.4723,,,14.98434,,
1995,5310,"Central Asia",6.9776,,,303.06419,,
1995,5330,"Eastern Asia",83.7414,,,5.11424,,
1995,5350,"South-eastern Asia",37.0088,,,7.39619,,
1995,5320,"Southern Asia",28.5683,,,18.20982,,
1995,5340,"Western Asia",15.8516,,,46.66516,,
1995,5400,"Europe",57.7788,,,18.83119,,
1995,5410,"Eastern Europe",8.2994,,,159.90618,,
1995,5420,"Northern Europe",74.4316,,,2.61924,,
1995,5430,"Southern Europe",68.0423,,,5.36222,,
1995,5440,"Western Europe",79.2951,,,1.68613,,
1995,5500,"Oceania",67.4834,,,4.64915,,
1995,5600,"Asia and Oceania",54.3383,,,14.21585,,
1995,5702,"Northern America and Europe",63.5053,,,11.13216,,
1995,5706,"Europe, Northern America, Australia and New Zealand",63.6309,,,10.94176,,
1995,5703,"Central and Southern Asia",24.522,,,45.55055,,
1995,5704,"Eastern and South-Eastern Asia",75.011,,,5.41259,,
1995,5705,"Western Asia and Northern Africa",19.5348,,,39.94465,,
1995,1400,"Developing economies",31.4854,,,31.41383,,
1995,1410,"Developing economies: Africa",10.1296,,,37.06184,,
1995,1420,"Developing economies: Americas",33.263,,,37.37464,,
1995,1460,"Developing economies: Asia and Oceania",38.3537,,,27.12939,,
1995,1430,"Developing economies: Asia",38.3153,,,27.22199,,
1995,1450,"Developing economies: Oceania",49.5194,,,8.63241,,
1995,1500,"Developed economies",66.779,,,9.45613,,
1995,1520,"Developed economies: Americas",70.2683,,,2.75372,,
1995,1560,"Developed economies: Asia and Oceania",86.4633,,,1.32812,,
1995,1530,"Developed economies: Asia",90.6994,,,0.7944,,
1995,1550,"Developed economies: Oceania",68.1549,,,4.51126,,
1995,1540,"Developed economies: Europe",57.7788,,,18.83119,,
1995,1600,"Developing economies excluding China",24.3575,,,34.79445,,
1995,1601,"Developing economies excluding LDCs",36.9182,,,30.32261,,
1995,1610,"LDCs (Least developed countries)",1.3487,,,67.6962,,
1995,1612,"LDCs: Asia",25.5849,,,20.25722,,
1995,1614,"LDCs: Africa",0.3592,,,104.20451,,
1995,1615,"LDCs: Islands and Haiti",22.0502,,,26.27532,,
1995,1620,"LLDCs (Landlocked developing countries)",15.9393,,,159.16346,,
1995,1640,"SIDS (Small island developing States) (UN-OHRLLS)",56.4431,,,4.15314,,
1995,1641,"SIDS: Atlantic and Indian Ocean",62.4191,,,5.55302,,
1995,1642,"SIDS: Caribbean",41.1496,,,5.0179,,
1995,1643,"SIDS: Pacific",74.5987,,,3.12493,,
1995,2623,"Low-income developing economies",9.9375,,,65.58566,,
1995,2622,"Middle-income developing economies",19.2714,,,27.73829,,
1995,2621,"High-income developing economies",39.6454,,,30.95953,,
1995,2711,"BRICS",39.0893,,,60.10133,,
1995,3412,"European Union (2020 …)",66.5913,,,4.18676,,
1995,3916,"G20 (Group of Twenty)",59.9099,,,11.46571,,
1995,3919,"G-77 (Group of 77)",36.503,,,27.71611,,
1995,3905,"OECD (Organisation for Economic Cooperation and Development)",67.6705,,,4.57747,,
1996,0001,"Individual economies",,,"Not applicable",,,"Not applicable"
1996,008,"Albania",45.9532,,,12.73323,,
1996,012,"Algeria",61.7096,,,18.70014,,
1996,024,"Angola",0.029,,,2600,,
1996,660,"Anguilla",62.5,,,3.47682,,
1996,028,"Antigua and Barbuda",77.0808,,,2.96542,,
1996,032,"Argentina",40.4629,,,0.15478,,
1996,051,"Armenia",52.4439,,,18.65317,,
1996,533,"Aruba",64.4952,,,3.16939,,
1996,036,"Australia",69.4589,,,2.65283,,
1996,040,"Austria",79.6153,,,1.77148,,
1996,031,"Azerbaijan",51.2187,,,19.79364,,
1996,044,"Bahamas",76.4326,,,1.26154,,
1996,048,"Bahrain",81.6632,,,-0.18613,,
1996,050,"Bangladesh",44.8876,,,6.83887,,
1996,052,"Barbados",60.6828,,,2.38536,,
1996,112,"Belarus",0.5354,,,52.8169,,
1996,056,"Belgium",76.527,,,1.76599,,
1996,084,"Belize",78.2535,,,6.42536,,
1996,204,"Benin",64.6572,,,4.91876,,
1996,064,"Bhutan",46.8799,,,8.77873,,
1996,068,"Bolivia (Plurinational State of)",52.9715,,,12.43115,,
1996,070,"Bosnia and Herzegovina",69.0136,,,,,"Not available or not separately reported"
1996,072,"Botswana",32.432,,,10.10042,,
1996,076,"Brazil",42.4134,,,15.75744,,
1996,092,"British Virgin Islands",65.3304,,,4.85629,,
1996,096,"Brunei Darussalam",92.722,,,1.99655,,
1996,100,"Bulgaria",3.5877,,,123.02251,,
1996,854,"Burkina Faso",71.4527,,,6.10812,,
1996,108,"Burundi",22.1771,,,26.51276,,
1996,132,"Cabo Verde",68.246,,,6.01168,,
1996,116,"Cambodia",48.1634,,,7.14717,,
1996,120,"Cameroon",69.622,,,3.92112,,
1996,124,"Canada",76.3521,,,1.57053,,
1996,136,"Cayman Islands",69.1776,,,2.54804,,
1996,140,"Central African Republic",71.5928,,,3.84227,,
1996,148,"Chad",69.8185,,,11.33216,,
1996,152,"Chile",60.855,,,7.35814,,
1996,156,"China",80.2463,,,8.29929,,
1996,344,"China, Hong Kong SAR",95.2584,,,6.3244,,
1996,446,"China, Macao SAR",97.2359,,,4.82279,,
1996,158,"China, Taiwan Province of",87.5353,,,3.07507,,
1996,170,"Colombia",34.2065,,,20.80381,,
1996,174,"Comoros",60.4238,,,2.3998,,
1996,178,"Congo",62.6982,,,7.40075,,
1996,180,"Congo, Dem. Rep. of the",0.0452,,,618.75,,
1996,188,"Costa Rica",24.1939,,,17.51412,,
1996,384,"Côte d'Ivoire",68.5131,,,2.70097,,
1996,191,"Croatia",62.2073,,,3.64376,,
1996,192,"Cuba",70.6714,,,-7.23562,,
1996,531,"Curaçao",,,"Not applicable",,,"Not applicable"
1996,196,"Cyprus",70.254,,,2.58269,,
1996,203,"Czechia",61.0727,,,8.75883,,
1996,208,"Denmark",76.0275,,,2.09272,,
1996,262,"Djibouti",66.1415,,,3.51233,,
1996,212,"Dominica",76.1172,,,1.70101,,
1996,214,"Dominican Republic",24.4574,,,5.4015,,
1996,218,"Ecuador",8.6146,,,24.40517,,
1996,818,"Egypt",39.3801,,,7.09579,,
1996,222,"El Salvador",64.8007,,,9.78917,,
1996,226,"Equatorial Guinea",49.3966,,,4.5401,,
1996,232,"Eritrea",13.7758,,,10.28703,,
1996,233,"Estonia",51.9503,,,19.74163,,
1996,748,"Eswatini",36.7775,,,6.42514,,
1996,231,"Ethiopia",33.2556,,,0.9188,,
1996,230,"Ethiopia (...1991)",,,"Not applicable",,,"Not applicable"
1996,242,"Fiji",61.9545,,,3.00917,,
1996,246,"Finland",79.0175,,,1.06316,,
1996,251,"France",79.6721,,,2.0803,"Estimated",
1996,250,"France, metropolitan",79.6721,,,2.0803,,
1996,492,"Monaco",79.6721,,,2.0803,"Estimated",
1996,258,"French Polynesia",82.3963,,,1.07274,,
1996,266,"Gabon",85.3795,,,0.68981,,
1996,270,"Gambia",46.762,,,1.09946,,
1996,268,"Georgia",38.4,,,,,"Not available or not separately reported"
1996,276,"Germany",81.741,,,1.2744,,
1996,288,"Ghana",10.9536,,,44.48501,,
1996,300,"Greece",61.7603,,,7.87201,,
1996,308,"Grenada",70.733,,,2.03212,,
1996,320,"Guatemala",39.9354,,,11.05475,,
1996,324,"Guinea",18.9976,,,2.98581,,
1996,624,"Guinea-Bissau",46.455,,,50.93127,,
1996,328,"Guyana",45.4095,,,7.09264,,
1996,332,"Haiti",24.1057,,,20.58746,,
1996,340,"Honduras",28.4002,,,23.84554,,
1996,348,"Hungary",35.4659,,,23.46225,,
1996,352,"Iceland",48.7352,,,2.25238,,
1996,356,"India",40.2299,,,9.4309,,
1996,360,"Indonesia",,,"Not applicable",,,"Not applicable"
1996,960,"Indonesia (...2002)",20.9333,,,7.98399,,
1996,364,"Iran (Islamic Republic of)",13.6639,,,23.92017,,
1996,368,"Iraq",9.0135,,,-14.58333,,
1996,372,"Ireland",71.8875,,,2.17953,,
1996,376,"Israel",66.1529,,,11.27707,,
1996,380,"Italy",74.0054,,,3.9853,,
1996,388,"Jamaica",24.9484,,,26.41199,,
1996,392,"Japan",101.2792,,,0.13868,,
1996,400,"Jordan",63.7884,,,6.50065,,
1996,398,"Kazakhstan",28.5414,,,39.1795,,
1996,404,"Kenya",34.3913,,,6.81404,,
1996,296,"Kiribati",68.0836,,,-1.66786,,
1996,410,"Korea, Republic of",63.1621,,,4.92355,,
1996,414,"Kuwait",68.4703,,,3.03827,,
1996,417,"Kyrgyzstan",22.089,,,31.94552,,
1996,418,"Lao People's Dem. Rep.",8.5566,,,19.14968,,
1996,428,"Latvia",50.2555,,,17.59893,,
1996,426,"Lesotho",37.5325,,,9.05871,,
1996,434,"Libya",89.4598,,,3.99592,,
1996,440,"Lithuania",63.2398,,,23.0915,,
1996,442,"Luxembourg",71.7731,,,1.15598,,
1996,450,"Madagascar",28.4414,,,19.76193,,
1996,454,"Malawi",12.1806,,,37.75454,,
1996,458,"Malaysia",71.2989,,,3.47975,,
1996,462,"Maldives",62.6741,,,6.24579,,
1996,466,"Mali",75.3993,,,6.4512,,
1996,470,"Malta",69.3907,,,1.96427,,
1996,478,"Mauritania",43.752,,,4.67987,,
1996,480,"Mauritius",45.3083,,,6.55264,,
1996,484,"Mexico",35.4797,,,34.34776,,
1996,583,"Micronesia (Federated States of)",66.865,,,2.79527,,
1996,498,"Moldova, Republic of",18.3121,,,23.50568,,
1996,496,"Mongolia",24.9572,,,46.83176,,
1996,499,"Montenegro",,,"Not applicable",,,"Not applicable"
1996,504,"Morocco",77.5293,,,2.98588,,
1996,508,"Mozambique",27.3582,,,48.49485,,
1996,104,"Myanmar",6.4518,,,16.27726,,
1996,516,"Namibia",37.4811,,,7.93929,,
1996,524,"Nepal",40.9483,,,7.18076,,
1996,528,"Netherlands (Kingdom of the)",74.7797,,,1.44584,,
1996,540,"New Caledonia",87.3776,,,1.1335,,
1996,554,"New Zealand",73.3132,,,2.28606,,
1996,558,"Nicaragua",29.4735,,,11.65141,,
1996,562,"Niger",72.0658,,,5.33856,,
1996,566,"Nigeria",21.7483,,,29.29811,,
1996,807,"North Macedonia",75.4685,,,2.46568,,
1996,579,"Norway",74.029,,,1.26117,,
1996,512,"Oman",75.2642,,,0.49616,,
1996,586,"Pakistan",34.682,,,10.78119,,
1996,591,"Panama",74.0961,,,1.2632,,
1996,598,"Papua New Guinea",34.0198,,,11.6326,,
1996,600,"Paraguay",34.0717,,,9.79941,,
1996,604,"Peru",63.335,,,11.54787,,
1996,608,"Philippines",48.7053,,,8.29222,,
1996,616,"Poland",49.9093,,,19.89958,,
1996,620,"Portugal",71.7605,,,2.93584,,
1996,634,"Qatar",55.4779,,,6.96629,,
1996,642,"Romania",3.714,,,38.84112,,
1996,643,"Russian Federation",9.3554,,,47.73869,,
1996,646,"Rwanda",38.7128,,,13.19115,,
1996,659,"Saint Kitts and Nevis",60.739,,,2.04726,,
1996,662,"Saint Lucia",69.6331,,,0.92466,,
1996,670,"Saint Vincent and the Grenadines",71.7368,,,4.41274,,
1996,882,"Samoa",50.8427,,,5.41906,,
1996,678,"Sao Tome and Principe",7.5498,,,42.06326,,
1996,682,"Saudi Arabia",84.4013,,,0.27041,,
1996,686,"Senegal",78.0887,,,2.83387,,
1996,688,"Serbia",,,"Not applicable",,,"Not applicable"
1996,690,"Seychelles",40.5246,,,-2.05864,,
1996,694,"Sierra Leone",21.864,,,23.13754,,
1996,702,"Singapore",82.5634,,,1.3795,,
1996,534,"Sint Maarten (Dutch part)",,,"Not applicable",,,"Not applicable"
1996,703,"Slovakia",47.8738,,,5.78114,,
1996,705,"Slovenia",49.2123,,,9.91268,,
1996,090,"Solomon Islands",31.5239,,,11.77157,,
1996,710,"South Africa",43.6899,,,7.33802,,
1996,728,"South Sudan",,,"Not applicable",,,"Not applicable"
1996,724,"Spain",69.0173,,,3.59969,,
1996,144,"Sri Lanka",29.6519,,,15.93523,,
1996,275,"State of Palestine",54.0252,,,,,"Not available or not separately reported"
1996,729,"Sudan",,,"Not applicable",,,"Not applicable"
1996,736,"Sudan (...2011)",15.5709,,,86.75795,,
1996,740,"Suriname",11.8496,,,2.83843,,
1996,752,"Sweden",78.9694,,,1.02014,,
1996,757,"Switzerland, Liechtenstein",89.1321,,,0.81026,,
1996,438,"Liechtenstein",89.1321,,,0.81026,"Estimated",
1996,756,"Switzerland",89.1321,,,0.81026,"Estimated",
1996,760,"Syrian Arab Republic",61.661,,,8.24936,,
1996,762,"Tajikistan",6.2098,,,418.45644,,
1996,834,"Tanzania, United Republic of",35.1784,,,21.04977,,
1996,764,"Thailand",66.5542,,,5.8226,,
1996,626,"Timor-Leste",,,"Not applicable",,,"Not applicable"
1996,768,"Togo",71.6772,,,4.59706,,
1996,776,"Tonga",41.7129,,,2.67486,,
1996,780,"Trinidad and Tobago",43.5406,,,3.28548,,
1996,788,"Tunisia",63.8404,,,3.73198,,
1996,792,"Türkiye",2.2791,,,80.2305,,
1996,795,"Turkmenistan",17.3783,,,992.37839,,
1996,800,"Uganda",43.0665,,,7.51842,,
1996,804,"Ukraine",17.2907,,,80.23044,,
1996,784,"United Arab Emirates",57.7058,,,2.97572,,
1996,926,"United Kingdom",76.9589,,,2.42599,,
1996,826,"United Kingdom excl. Channel Islands and Isle of Man",76.9589,,,2.42599,"Estimated",
1996,842,"United States of America",71.9281,,,2.93668,,
1996,630,"Puerto Rico",72.0826,,,3.3121,,
1996,840,"United States of America excluding Puerto Rico and United States Virgin Islands",71.9281,,,2.93668,"Estimated",
1996,858,"Uruguay",29.5777,,,28.33857,,
1996,860,"Uzbekistan",7.2408,,,53.99467,,
1996,548,"Vanuatu",67.485,,,0.9264,,
1996,862,"Venezuela (Bolivarian Rep. of)",4.6791,,,99.86453,,
1996,704,"Viet Nam",41.8774,,,5.59285,,
1996,887,"Yemen",25.3554,,,38.78469,,
1996,894,"Zambia",10.4128,,,38.58812,,
1996,716,"Zimbabwe",276.2556,,,6.00585,,
1996,0000,"World",59.8514,,,9.01683,,
1996,5100,"Africa",20.88,,,106.12926,,
1996,5110,"Northern Africa",48.2256,,,15.38215,,
1996,5120,"Sub-Saharan Africa",13.3647,,,157.42566,,
1996,5121,"Eastern Africa",32.6116,,,13.18359,,
1996,5122,"Middle Africa",0.3297,,,1054.93377,,
1996,5123,"Southern Africa",42.9493,,,7.44045,,
1996,5124,"Western Africa",25.5508,,,24.62281,,
1996,5200,"Americas",64.3878,,,5.58697,,
1996,5210,"Northern America",72.2565,,,2.82949,,
1996,5220,"Latin America and the Caribbean",39.1031,,,17.55738,,
1996,5221,"Caribbean",43.7508,,,3.90088,,
1996,5222,"Central America",35.8706,,,31.35959,,
1996,5223,"South America",40.4446,,,12.73179,,
1996,5300,"Asia",58.047,,,8.55519,,
1996,5310,"Central Asia",17.6512,,,152.97068,,
1996,5330,"Eastern Asia",86.3486,,,3.11336,,
1996,5350,"South-eastern Asia",39.3349,,,6.2853,,
1996,5320,"Southern Asia",32.124,,,12.44618,,
1996,5340,"Western Asia",19.9356,,,25.76403,,
1996,5400,"Europe",61.4907,,,6.42441,,
1996,5410,"Eastern Europe",11.6699,,,40.61184,,
1996,5420,"Northern Europe",76.1639,,,2.32733,,
1996,5430,"Southern Europe",70.8325,,,4.10071,,
1996,5440,"Western Europe",80.5158,,,1.53945,,
1996,5500,"Oceania",69.3196,,,2.72102,,
1996,5600,"Asia and Oceania",58.7547,,,8.12748,,
1996,5702,"Northern America and Europe",66.4942,,,4.70665,,
1996,5706,"Europe, Northern America, Australia and New Zealand",66.5869,,,4.6456,,
1996,5703,"Central and Southern Asia",30.5268,,,24.48738,,
1996,5704,"Eastern and South-Eastern Asia",77.6633,,,3.53582,,
1996,5705,"Western Asia and Northern Africa",24.0978,,,23.35861,,
1996,1400,"Developing economies",39.4504,,,25.29771,,
1996,1410,"Developing economies: Africa",20.88,,,106.12926,,
1996,1420,"Developing economies: Americas",39.1031,,,17.55738,,
1996,1460,"Developing economies: Asia and Oceania",43.9981,,,14.71672,,
1996,1430,"Developing economies: Asia",43.9697,,,14.75741,,
1996,1450,"Developing economies: Oceania",52.5723,,,6.16499,,
1996,1500,"Developed economies",69.5348,,,4.12675,,
1996,1520,"Developed economies: Americas",72.2565,,,2.82949,,
1996,1560,"Developed economies: Asia and Oceania",87.617,,,1.33432,,
1996,1530,"Developed economies: Asia",91.7159,,,1.12067,,
1996,1550,"Developed economies: Oceania",69.9299,,,2.60425,,
1996,1540,"Developed economies: Europe",61.4907,,,6.42441,,
1996,1600,"Developing economies excluding China",31.5424,,,29.49776,,
1996,1601,"Developing economies excluding LDCs",42.6134,,,15.42645,,
1996,1610,"LDCs (Least developed countries)",5.6294,,,317.39425,,
1996,1612,"LDCs: Asia",29.2276,,,14.23752,,
1996,1614,"LDCs: Africa",2.225,,,519.40062,,
1996,1615,"LDCs: Islands and Haiti",26.17,,,18.68354,,
1996,1620,"LLDCs (Landlocked developing countries)",27.1836,,,70.54423,,
1996,1640,"SIDS (Small island developing States) (UN-OHRLLS)",58.2235,,,3.15425,,
1996,1641,"SIDS: Atlantic and Indian Ocean",64.8569,,,3.90554,,
1996,1642,"SIDS: Caribbean",42.7708,,,3.93994,,
1996,1643,"SIDS: Pacific",76.3221,,,2.31019,,
1996,2623,"Low-income developing economies",16.0526,,,61.53515,,
1996,2622,"Middle-income developing economies",27.9836,,,45.20779,,
1996,2621,"High-income developing economies",46.2993,,,16.78349,,
1996,2711,"BRICS",45.6013,,,16.65926,,
1996,3412,"European Union (2020 …)",69.1894,,,3.90157,,
1996,3916,"G20 (Group of Twenty)",63.4524,,,5.91296,,
1996,3919,"G-77 (Group of 77)",44.9192,,,23.05627,,
1996,3905,"OECD (Organisation for Economic Cooperation and Development)",70.5355,,,4.23369,,
1997,0001,"Individual economies",,,"Not applicable",,,"Not applicable"
1997,008,"Albania",61.1949,,,33.16774,,
1997,012,"Algeria",65.2272,,,5.70022,,
1997,024,"Angola",0.0946,,,225.92593,,
1997,660,"Anguilla",62.6,,,0.16,,
1997,028,"Antigua and Barbuda",77.3596,,,0.36167,,
1997,032,"Argentina",40.6772,,,0.52977,,
1997,051,"Armenia",59.804,,,14.03419,,
1997,533,"Aruba",66.4335,,,3.00532,,
1997,036,"Australia",69.615,,,0.22472,,
1997,040,"Austria",80.5428,,,1.16502,,
1997,031,"Azerbaijan",53.101,,,3.67499,,
1997,044,"Bahamas",76.8617,,,0.56146,,
1997,048,"Bahrain",85.4215,,,4.60214,,
1997,050,"Bangladesh",46.0818,,,2.66052,,
1997,052,"Barbados",65.362,,,7.71102,,
1997,112,"Belarus",0.8772,,,63.82488,,
1997,056,"Belgium",77.6769,,,1.50264,,
1997,084,"Belize",79.056,,,1.02548,,
1997,204,"Benin",67.1158,,,3.80255,,
1997,064,"Bhutan",50.8883,,,8.55035,,
1997,068,"Bolivia (Plurinational State of)",55.4648,,,4.70687,,
1997,070,"Bosnia and Herzegovina",72.9697,,,5.73237,,
1997,072,"Botswana",35.3183,,,8.89966,,
1997,076,"Brazil",45.3509,,,6.92576,,
1997,092,"British Virgin Islands",69.1589,,,5.86011,,
1997,096,"Brunei Darussalam",94.309,,,1.71157,,
1997,100,"Bulgaria",41.6618,,,1061.24567,,
1997,854,"Burkina Faso",73.5462,,,2.9299,,
1997,108,"Burundi",29.0654,,,31.06032,,
1997,132,"Cabo Verde",74.0975,,,8.57422,,
1997,116,"Cambodia",53.2219,,,10.50276,,
1997,120,"Cameroon",72.9517,,,4.78255,,
1997,124,"Canada",77.5902,,,1.62159,,
1997,136,"Cayman Islands",71.099,,,2.77749,,
1997,140,"Central African Republic",72.7548,,,1.6231,,
1997,148,"Chad",73.7088,,,5.5721,,
1997,152,"Chile",64.5827,,,6.12559,,
1997,156,"China",82.4837,,,2.78822,,
1997,344,"China, Hong Kong SAR",100.8002,,,5.81767,,
1997,446,"China, Macao SAR",100.6312,,,3.49179,,
1997,158,"China, Taiwan Province of",88.3283,,,0.90596,,
1997,170,"Colombia",40.5261,,,18.47477,,
1997,174,"Comoros",61.3302,,,1.50005,,
1997,178,"Congo",70.6604,,,12.69928,,
1997,180,"Congo, Dem. Rep. of the",0.1352,,,199.03382,,
1997,188,"Costa Rica",27.3999,,,13.25086,,
1997,384,"Côte d'Ivoire",72.8298,,,6.30066,,
1997,191,"Croatia",64.5153,,,3.7102,,
1997,192,"Cuba",70.106,,,-0.8,,
1997,531,"Curaçao",,,"Not applicable",,,"Not applicable"
1997,196,"Cyprus",72.5779,,,3.30799,,
1997,203,"Czechia",66.3234,,,8.59738,,
1997,208,"Denmark",77.4967,,,1.93245,,
1997,262,"Djibouti",67.8082,,,2.51996,,
1997,212,"Dominica",77.9548,,,2.41417,,
1997,214,"Dominican Republic",26.4868,,,8.29767,,
1997,218,"Ecuador",11.2508,,,30.60109,,
1997,818,"Egypt",41.809,,,6.16793,,
1997,222,"El Salvador",67.7109,,,4.49099,,
1997,226,"Equatorial Guinea",50.8872,,,3.01769,,
1997,232,"Eritrea",14.291,,,3.73988,,
1997,233,"Estonia",56.7875,,,9.31133,,
1997,748,"Eswatini",39.6996,,,7.94523,,
1997,231,"Ethiopia",31.1205,,,-6.42029,,
1997,230,"Ethiopia (...1991)",,,"Not applicable",,,"Not applicable"
1997,242,"Fiji",64.0572,,,3.394,,
1997,246,"Finland",79.9786,,,1.21639,,
1997,251,"France",80.6811,,,1.26652,"Estimated",
1997,250,"France, metropolitan",80.6811,,,1.26652,,
1997,492,"Monaco",80.6811,,,1.26652,"Estimated",
1997,258,"French Polynesia",83.4836,,,1.31955,,
1997,266,"Gabon",88.7719,,,3.9733,,
1997,270,"Gambia",48.0624,,,2.78085,,
1997,268,"Georgia",41.15,,,7.16146,,
1997,276,"Germany",82.9736,,,1.50793,,
1997,288,"Ghana",13.6733,,,24.82889,,
1997,300,"Greece",65.121,,,5.44151,,
1997,308,"Grenada",71.6135,,,1.24495,,
1997,320,"Guatemala",43.6233,,,9.23473,,
1997,324,"Guinea",19.3655,,,1.9368,,
1997,624,"Guinea-Bissau",69.2478,,,49.06412,,
1997,328,"Guyana",47.0247,,,3.5571,,
1997,332,"Haiti",26.9035,,,11.6065,,
1997,340,"Honduras",34.1368,,,20.19923,,
1997,348,"Hungary",41.9537,,,18.29306,,
1997,352,"Iceland",49.6105,,,1.79603,,
1997,356,"India",42.983,,,6.84341,,
1997,360,"Indonesia",,,"Not applicable",,,"Not applicable"
1997,960,"Indonesia (...2002)",22.2395,,,6.23951,,
1997,364,"Iran (Islamic Republic of)",15.9246,,,16.54533,,
1997,368,"Iraq",11.102,,,23.17073,,
1997,372,"Ireland",72.7888,,,1.2538,,
1997,376,"Israel",72.1067,,,9.00017,,
1997,380,"Italy",75.3733,,,1.84839,,
1997,388,"Jamaica",27.3581,,,9.65872,,
1997,392,"Japan",103.0003,,,1.69933,,
1997,400,"Jordan",65.727,,,3.03917,,
1997,398,"Kazakhstan",33.5082,,,17.40203,,
1997,404,"Kenya",38.2852,,,11.32256,,
1997,296,"Kiribati",69.823,,,2.55481,,
1997,410,"Korea, Republic of",65.9662,,,4.43956,,
1997,414,"Kuwait",69.0245,,,0.8095,,
1997,417,"Kyrgyzstan",27.265,,,23.43248,,
1997,418,"Lao People's Dem. Rep.",10.2284,,,19.53701,,
1997,428,"Latvia",54.3134,,,8.07449,,
1997,426,"Lesotho",40.7408,,,8.54803,,
1997,434,"Libya",92.6684,,,3.58662,,
1997,440,"Lithuania",68.7642,,,8.73567,,
1997,442,"Luxembourg",72.7573,,,1.37132,,
1997,450,"Madagascar",29.7201,,,4.49602,,
1997,454,"Malawi",13.2951,,,9.14902,,
1997,458,"Malaysia",73.1916,,,2.65457,,
1997,462,"Maldives",67.4235,,,7.57795,,
1997,466,"Mali",74.8921,,,-0.67268,,
1997,470,"Malta",72.1132,,,3.92351,,
1997,478,"Mauritania",45.776,,,4.62607,,
1997,480,"Mauritius",48.4031,,,6.83051,,
1997,484,"Mexico",42.7879,,,20.59817,,
1997,583,"Micronesia (Federated States of)",68.6488,,,2.66778,,
1997,498,"Moldova, Republic of",20.468,,,11.77282,,
1997,496,"Mongolia",32.4509,,,30.02646,,
1997,499,"Montenegro",,,"Not applicable",,,"Not applicable"
1997,504,"Morocco",78.337,,,1.04181,,
1997,508,"Mozambique",29.372,,,7.36083,,
1997,104,"Myanmar",8.3673,,,29.68855,,
1997,516,"Namibia",40.8143,,,8.89318,,
1997,524,"Nepal",44.2648,,,8.09916,,
1997,528,"Netherlands (Kingdom of the)",76.1682,,,1.85672,,
1997,540,"New Caledonia",89.2274,,,2.11706,,
1997,554,"New Zealand",74.1832,,,1.1868,,
1997,558,"Nicaragua",32.1818,,,9.18873,,
1997,562,"Niger",74.1771,,,2.92967,,
1997,566,"Nigeria",24.0691,,,10.67117,,
1997,807,"North Macedonia",76.4455,,,1.29461,,
1997,579,"Norway",75.93,,,2.56791,,
1997,512,"Oman",74.9933,,,-0.35997,,
1997,586,"Pakistan",39.1303,,,12.82605,,
1997,591,"Panama",75.0262,,,1.2553,,
1997,598,"Papua New Guinea",35.361,,,3.94245,,
1997,600,"Paraguay",36.4392,,,6.9487,,
1997,604,"Peru",68.7482,,,8.5469,,
1997,608,"Philippines",51.4317,,,5.59779,,
1997,616,"Poland",57.3457,,,14.89993,,
1997,620,"Portugal",73.1174,,,1.89094,,
1997,634,"Qatar",56.993,,,2.73109,,
1997,642,"Romania",9.461,,,154.73883,,
1997,643,"Russian Federation",10.7358,,,14.75543,,
1997,646,"Rwanda",43.2635,,,11.75481,,
1997,659,"Saint Kitts and Nevis",66.0088,,,8.67621,,
1997,662,"Saint Lucia",69.6293,,,-0.00544,,
1997,670,"Saint Vincent and the Grenadines",72.0943,,,0.49835,,
1997,882,"Samoa",54.3504,,,6.89931,,
1997,678,"Sao Tome and Principe",12.7621,,,69.0387,,
1997,682,"Saudi Arabia",84.1938,,,-0.2458,,
1997,686,"Senegal",79.4823,,,1.78457,,
1997,688,"Serbia",,,"Not applicable",,,"Not applicable"
1997,690,"Seychelles",41.2555,,,1.80369,,
1997,694,"Sierra Leone",25.0469,,,14.55788,,
1997,702,"Singapore",84.2337,,,2.02309,,
1997,534,"Sint Maarten (Dutch part)",,,"Not applicable",,,"Not applicable"
1997,703,"Slovakia",50.7618,,,6.03244,,
1997,705,"Slovenia",53.3179,,,8.34266,,
1997,090,"Solomon Islands",34.0665,,,8.06555,,
1997,710,"South Africa",47.4516,,,8.6098,,
1997,728,"South Sudan",,,"Not applicable",,,"Not applicable"
1997,724,"Spain",70.312,,,1.87592,,
1997,144,"Sri Lanka",32.4886,,,9.5668,,
1997,275,"State of Palestine",58.1434,,,7.62276,,
1997,729,"Sudan",,,"Not applicable",,,"Not applicable"
1997,736,"Sudan (...2011)",22.9156,,,47.17006,,
1997,740,"Suriname",12.5687,,,6.06865,,
1997,752,"Sweden",80.4057,,,1.81875,,
1997,757,"Switzerland, Liechtenstein",89.5936,,,0.5178,,
1997,438,"Liechtenstein",89.5936,,,0.5178,"Estimated",
1997,756,"Switzerland",89.5936,,,0.5178,"Estimated",
1997,760,"Syrian Arab Republic",62.824,,,1.88612,,
1997,762,"Tajikistan",11.6717,,,87.95579,,
1997,834,"Tanzania, United Republic of",40.8554,,,16.13763,,
1997,764,"Thailand",70.3022,,,5.63157,,
1997,626,"Timor-Leste",,,"Not applicable",,,"Not applicable"
1997,768,"Togo",75.4809,,,5.30668,,
1997,776,"Tonga",41.9494,,,0.5669,,
1997,780,"Trinidad and Tobago",45.1347,,,3.66101,,
1997,788,"Tunisia",66.1385,,,3.59966,,
1997,792,"Türkiye",4.2309,,,85.63699,,
1997,795,"Turkmenistan",31.9275,,,83.72083,,
1997,800,"Uganda",46.3949,,,7.72835,,
1997,804,"Ukraine",20.0375,,,15.88598,,
1997,784,"United Arab Emirates",59.4172,,,2.96578,,
1997,926,"United Kingdom",78.3624,,,1.82362,,
1997,826,"United Kingdom excl. Channel Islands and Isle of Man",78.3624,,,1.82362,"Estimated",
1997,842,"United States of America",73.6097,,,2.33778,,
1997,630,"Puerto Rico",73.4422,,,1.88613,,
1997,840,"United States of America excluding Puerto Rico and United States Virgin Islands",73.6097,,,2.33778,"Estimated",
1997,858,"Uruguay",35.4406,,,19.82219,,
1997,860,"Uzbekistan",12.3717,,,70.86035,,
1997,548,"Vanuatu",69.3838,,,2.8137,,
1997,862,"Venezuela (Bolivarian Rep. of)",7.0207,,,50.04519,,
1997,704,"Viet Nam",43.1734,,,3.09482,,
1997,887,"Yemen",26.5308,,,4.63553,,
1997,894,"Zambia",12.643,,,21.41757,,
1997,716,"Zimbabwe",273.5877,,,-0.96575,,
1997,0000,"World",63.3897,,,5.91183,,
1997,5100,"Africa",24.9693,,,19.58504,,
1997,5110,"Northern Africa",52.2835,,,8.41449,,
1997,5120,"Sub-Saharan Africa",16.8293,,,25.92374,,
1997,5121,"Eastern Africa",35.2445,,,8.0734,,
1997,5122,"Middle Africa",0.7605,,,130.65064,,
1997,5123,"Southern Africa",46.6508,,,8.61831,,
1997,5124,"Western Africa",28.1829,,,10.30139,,
1997,5200,"Americas",66.8602,,,3.83999,,
1997,5210,"Northern America",73.9059,,,2.28266,,
1997,5220,"Latin America and the Caribbean",43.2342,,,10.56479,,
1997,5221,"Caribbean",45.5835,,,4.1891,,
1997,5222,"Central America",42.7293,,,19.12065,,
1997,5223,"South America",43.4185,,,7.35318,,
1997,5300,"Asia",61.9322,,,6.69319,,
1997,5310,"Central Asia",24.6773,,,39.80538,,
1997,5330,"Eastern Asia",88.3818,,,2.35474,,
1997,5350,"South-eastern Asia",41.4001,,,5.25032,,
1997,5320,"Southern Asia",35.115,,,9.31072,,
1997,5340,"Western Asia",25.3292,,,27.05513,,
1997,5400,"Europe",65.7751,,,6.96751,,
1997,5410,"Eastern Europe",17.7484,,,52.0869,,
1997,5420,"Northern Europe",77.6388,,,1.93655,,
1997,5430,"Southern Europe",72.4086,,,2.22508,,
1997,5440,"Western Europe",81.6204,,,1.37197,,
1997,5500,"Oceania",69.6275,,,0.44415,,
1997,5600,"Asia and Oceania",62.4233,,,6.24406,,
1997,5702,"Northern America and Europe",69.6234,,,4.70595,,
1997,5706,"Europe, Northern America, Australia and New Zealand",69.6352,,,4.57795,,
1997,5703,"Central and Southern Asia",34.126,,,11.79035,,
1997,5704,"Eastern and South-Eastern Asia",79.7959,,,2.74599,,
1997,5705,"Western Asia and Northern Africa",29.5918,,,22.79863,,
1997,1400,"Developing economies",43.9013,,,11.28214,,
1997,1410,"Developing economies: Africa",24.9693,,,19.58504,,
1997,1420,"Developing economies: Americas",43.2342,,,10.56479,,
1997,1460,"Developing economies: Asia and Oceania",48.4772,,,10.18021,,
1997,1430,"Developing economies: Asia",48.46,,,10.21228,,
1997,1450,"Developing economies: Oceania",54.2413,,,3.1747,,
1997,1500,"Developed economies",72.4834,,,4.24043,,
1997,1520,"Developed economies: Americas",73.9059,,,2.28266,,
1997,1560,"Developed economies: Asia and Oceania",89.3932,,,2.02717,,
1997,1530,"Developed economies: Asia",93.8336,,,2.30902,,
1997,1550,"Developed economies: Oceania",70.1757,,,0.35155,,
1997,1540,"Developed economies: Europe",65.7751,,,6.96751,,
1997,1600,"Developing economies excluding China",35.7899,,,13.46601,,
1997,1601,"Developing economies excluding LDCs",46.9236,,,10.11469,,
1997,1610,"LDCs (Least developed countries)",8.1972,,,45.61388,,
1997,1612,"LDCs: Asia",31.1759,,,6.66609,,
1997,1614,"LDCs: Africa",3.8197,,,71.67222,,
1997,1615,"LDCs: Islands and Haiti",29.1645,,,11.44234,,
1997,1620,"LLDCs (Landlocked developing countries)",32.5751,,,19.83398,,
1997,1640,"SIDS (Small island developing States) (UN-OHRLLS)",60.2438,,,3.4699,,
1997,1641,"SIDS: Atlantic and Indian Ocean",69.4588,,,7.09546,,
1997,1642,"SIDS: Caribbean",44.5641,,,4.19263,,
1997,1643,"SIDS: Pacific",78.0325,,,2.24095,,
1997,2623,"Low-income developing economies",20.0152,,,24.68537,,
1997,2622,"Middle-income developing economies",31.0581,,,10.98689,,
1997,2621,"High-income developing economies",51.2626,,,10.72003,,
1997,2711,"BRICS",48.5066,,,6.3711,,
1997,3412,"European Union (2020 …)",74.5179,,,7.70135,,
1997,3916,"G20 (Group of Twenty)",66.8572,,,5.36599,,
1997,3919,"G-77 (Group of 77)",48.2561,,,7.42848,,
1997,3905,"OECD (Organisation for Economic Cooperation and Development)",73.0984,,,3.63349,,
1998,0001,"Individual economies",,,"Not applicable",,,"Not applicable"
1998,008,"Albania",73.8285,,,20.64491,,
1998,012,"Algeria",68.4563,,,4.95054,,
1998,024,"Angola",0.1967,,,107.95455,,
1998,660,"Anguilla",64.2,,,2.55591,,
1998,028,"Antigua and Barbuda",79.8835,,,3.26249,,
1998,032,"Argentina",41.0531,,,0.92397,,
1998,051,"Armenia",64.9991,,,8.687,,
1998,533,"Aruba",67.6724,,,1.86483,,
1998,036,"Australia",70.2133,,,0.85949,,
1998,040,"Austria",81.202,,,0.81836,,
1998,031,"Azerbaijan",52.6905,,,-0.7731,,
1998,044,"Bahamas",77.7894,,,1.20693,,
1998,048,"Bahrain",85.0634,,,-0.41921,,
1998,050,"Bangladesh",49.1494,,,6.65669,,
1998,052,"Barbados",64.5324,,,-1.26933,,
1998,112,"Belarus",1.5175,,,72.99578,,
1998,056,"Belgium",78.3816,,,0.90725,,
1998,084,"Belize",78.3853,,,-0.84836,,
1998,204,"Benin",70.9791,,,5.75607,,
1998,060,"Bermuda",72.5704,,,,,"Not available or not separately reported"
1998,064,"Bhutan",54.7512,,,7.59101,,
1998,068,"Bolivia (Plurinational State of)",59.7216,,,7.67481,,
1998,070,"Bosnia and Herzegovina",72.7658,,,-0.27935,,
1998,072,"Botswana",37.6174,,,6.50971,,
1998,076,"Brazil",46.8004,,,3.19623,,
1998,092,"British Virgin Islands",72.1846,,,4.375,,
1998,096,"Brunei Darussalam",93.893,,,-0.4411,,
1998,100,"Bulgaria",49.4434,,,18.67799,,
1998,854,"Burkina Faso",77.1577,,,4.91047,,
1998,108,"Burundi",32.6906,,,12.47252,,
1998,132,"Cabo Verde",77.3566,,,4.39842,,
1998,116,"Cambodia",60.0865,,,12.8982,,
1998,120,"Cameroon",75.2694,,,3.17712,,
1998,124,"Canada",78.363,,,0.99594,,
1998,136,"Cayman Islands",73.223,,,2.98728,,
1998,140,"Central African Republic",71.2816,,,-2.02488,,
1998,148,"Chad",76.8479,,,4.2588,,
1998,152,"Chile",67.8801,,,5.10571,,
1998,156,"China",81.845,,,-0.77443,,
1998,344,"China, Hong Kong SAR",103.6495,,,2.82668,,
1998,446,"China, Macao SAR",84.5493,,,-15.98104,,
1998,158,"China, Taiwan Province of",89.8163,,,1.68463,,
1998,170,"Colombia",48.0841,,,18.64953,,
1998,174,"Comoros",62.0658,,,1.19943,,
1998,178,"Congo",72.2152,,,2.20046,,
1998,180,"Congo, Dem. Rep. of the",0.1746,,,29.14378,,
1998,188,"Costa Rica",30.594,,,11.65752,,
1998,384,"Côte d'Ivoire",76.1093,,,4.50293,,
1998,191,"Croatia",68.8429,,,6.70776,,
1998,192,"Cuba",73.3569,,,4.6371,,
1998,531,"Curaçao",,,"Not applicable",,,"Not applicable"
1998,196,"Cyprus",74.2741,,,2.33707,,
1998,203,"Czechia",73.4188,,,10.69831,,
1998,208,"Denmark",78.5144,,,1.31323,,
1998,262,"Djibouti",69.3026,,,2.2038,,
1998,212,"Dominica",78.7005,,,0.95651,,
1998,214,"Dominican Republic",27.7667,,,4.83217,,
1998,218,"Ecuador",15.3121,,,36.09833,,
1998,818,"Egypt",43.9158,,,5.03923,,
1998,222,"El Salvador",69.4371,,,2.54927,,
1998,226,"Equatorial Guinea",54.9254,,,7.93556,,
1998,232,"Eritrea",15.6436,,,9.46533,,
1998,233,"Estonia",61.7737,,,8.78043,,
1998,748,"Eswatini",42.6812,,,7.51054,,
1998,231,"Ethiopia",32.2396,,,3.59614,,
1998,230,"Ethiopia (...1991)",,,"Not applicable",,,"Not applicable"
1998,242,"Fiji",67.7359,,,5.74285,,
1998,246,"Finland",81.0576,,,1.34906,,
1998,251,"France",81.2266,,,0.67608,"Estimated",
1998,250,"France, metropolitan",81.2266,,,0.67608,,
1998,492,"Monaco",81.2266,,,0.67608,"Estimated",
1998,258,"French Polynesia",84.5944,,,1.33056,,
1998,266,"Gabon",90.058,,,1.4488,,
1998,270,"Gambia",48.5981,,,1.11465,,
1998,268,"Georgia",42.617,,,3.56501,,
1998,276,"Germany",83.4679,,,0.59577,,
1998,288,"Ghana",16.2995,,,19.20709,,
1998,300,"Greece",68.0628,,,4.5174,,
1998,308,"Grenada",72.6197,,,1.40492,,
1998,320,"Guatemala",46.5103,,,6.61792,,
1998,324,"Guinea",20.3537,,,5.10297,,
1998,624,"Guinea-Bissau",74.8372,,,8.07154,,
1998,328,"Guyana",49.1729,,,4.56815,,
1998,332,"Haiti",28.6773,,,6.59305,,
1998,340,"Honduras",38.8026,,,13.66811,,
1998,348,"Hungary",47.8976,,,14.16756,,
1998,352,"Iceland",50.4555,,,1.70323,,
1998,356,"India",48.6251,,,13.12643,,
1998,360,"Indonesia",,,"Not applicable",,,"Not applicable"
1998,960,"Indonesia (...2002)",35.2364,,,58.44087,,
1998,364,"Iran (Islamic Republic of)",18.8636,,,18.45542,,
1998,368,"Iraq",12.7508,,,14.85149,,
1998,372,"Ireland",74.3388,,,2.12948,,
1998,376,"Israel",76.0263,,,5.43574,,
1998,380,"Italy",76.9044,,,2.03131,,
1998,388,"Jamaica",29.7191,,,8.6298,,
1998,392,"Japan",103.672,,,0.6522,,
1998,400,"Jordan",67.7495,,,3.07719,,
1998,398,"Kazakhstan",35.8978,,,7.1316,,
1998,404,"Kenya",40.3585,,,5.41535,,
1998,296,"Kiribati",72.3841,,,3.66794,,
1998,410,"Korea, Republic of",70.9226,,,7.51356,,
1998,414,"Kuwait",69.4387,,,0.6,,
1998,417,"Kyrgyzstan",30.117,,,10.4603,,
1998,418,"Lao People's Dem. Rep.",19.4499,,,90.15665,,
1998,428,"Latvia",56.6457,,,4.29417,,
1998,426,"Lesotho",43.9085,,,7.77516,,
1998,430,"Liberia",36.0339,,,,,"Not available or not separately reported"
1998,434,"Libya",96.115,,,3.71931,,
1998,440,"Lithuania",72.4558,,,5.36849,,
1998,442,"Luxembourg",73.4649,,,0.97249,,
1998,450,"Madagascar",31.5657,,,6.20985,,
1998,454,"Malawi",17.2514,,,29.75842,,
1998,458,"Malaysia",77.0649,,,5.29206,,
1998,462,"Maldives",66.4719,,,-1.41135,,
1998,466,"Mali",77.8895,,,4.00224,,
1998,470,"Malta",74.7715,,,3.68625,,
1998,478,"Mauritania",49.452,,,8.03041,,
1998,480,"Mauritius",51.6985,,,6.80829,,
1998,484,"Mexico",49.5975,,,15.91481,,
1998,583,"Micronesia (Federated States of)",69.7688,,,1.63159,,
1998,498,"Moldova, Republic of",22.0431,,,7.69578,,
1998,496,"Mongolia",35.55,,,9.54985,,
1998,499,"Montenegro",,,"Not applicable",,,"Not applicable"
1998,504,"Morocco",80.487,,,2.74448,,
1998,508,"Mozambique",29.808,,,1.48432,,
1998,104,"Myanmar",12.6757,,,51.49128,,
1998,516,"Namibia",43.3473,,,6.20604,,
1998,524,"Nepal",47.9501,,,8.32559,,
1998,528,"Netherlands (Kingdom of the)",77.5273,,,1.78436,,
1998,540,"New Caledonia",90.2067,,,1.09756,,
1998,554,"New Zealand",75.1218,,,1.26526,,
1998,558,"Nicaragua",36.38,,,13.04552,,
1998,562,"Niger",77.5673,,,4.57044,,
1998,566,"Nigeria",25.9603,,,7.8572,,
1998,807,"North Macedonia",76.8615,,,0.54419,,
1998,579,"Norway",77.64,,,2.25207,,
1998,512,"Oman",75.3146,,,0.42838,,
1998,586,"Pakistan",41.8052,,,6.83594,,
1998,591,"Panama",75.4977,,,0.6284,,
1998,598,"Papua New Guinea",40.1665,,,13.58998,,
1998,600,"Paraguay",40.6494,,,11.55398,,
1998,604,"Peru",73.7358,,,7.25501,,
1998,608,"Philippines",56.2505,,,9.3693,,
1998,616,"Poland",64.1128,,,11.80055,,
1998,620,"Portugal",74.7372,,,2.21528,,
1998,634,"Qatar",58.6247,,,2.86299,,
1998,642,"Romania",15.053,,,59.1058,,
1998,643,"Russian Federation",13.7088,,,27.69231,,
1998,646,"Rwanda",46.0592,,,6.46212,,
1998,659,"Saint Kitts and Nevis",68.44,,,3.6831,,
1998,662,"Saint Lucia",71.8594,,,3.20274,,
1998,670,"Saint Vincent and the Grenadines",73.6117,,,2.10471,,
1998,882,"Samoa",57.2855,,,5.40022,,
1998,678,"Sao Tome and Principe",18.1363,,,42.1098,,
1998,682,"Saudi Arabia",83.8382,,,-0.42242,,
1998,686,"Senegal",80.2689,,,0.98967,,
1998,688,"Serbia",,,"Not applicable",,,"Not applicable"
1998,690,"Seychelles",42.3687,,,2.69844,,
1998,694,"Sierra Leone",34.0583,,,35.97816,,
1998,702,"Singapore",84.006,,,-0.27028,,
1998,534,"Sint Maarten (Dutch part)",,,"Not applicable",,,"Not applicable"
1998,703,"Slovakia",54.158,,,6.69044,,
1998,705,"Slovenia",57.5517,,,7.9407,,
1998,090,"Solomon Islands",38.2754,,,12.35504,,
1998,710,"South Africa",50.7616,,,6.97571,,
1998,728,"South Sudan",,,"Not applicable",,,"Not applicable"
1998,724,"Spain",71.5525,,,1.76428,,
1998,144,"Sri Lanka",35.533,,,9.37073,,
1998,275,"State of Palestine",61.3888,,,5.5817,,
1998,729,"Sudan",,,"Not applicable",,,"Not applicable"
1998,736,"Sudan (...2011)",28.5577,,,24.62104,,
1998,740,"Suriname",13.9838,,,11.25938,,
1998,752,"Sweden",81.2156,,,1.00727,,
1998,757,"Switzerland, Liechtenstein",89.6103,,,0.01867,,
1998,438,"Liechtenstein",89.6103,,,0.01867,"Estimated",
1998,756,"Switzerland",89.6103,,,0.01867,"Estimated",
1998,760,"Syrian Arab Republic",62.324,,,-0.79587,,
1998,762,"Tajikistan",16.7109,,,43.175,,
1998,834,"Tanzania, United Republic of",46.0762,,,12.77879,,
1998,764,"Thailand",75.8988,,,7.96075,,
1998,626,"Timor-Leste",,,"Not applicable",,,"Not applicable"
1998,768,"Togo",76.2178,,,0.97627,,
1998,776,"Tonga",43.1517,,,2.86601,,
1998,780,"Trinidad and Tobago",47.6635,,,5.60291,,
1998,788,"Tunisia",68.1892,,,3.10063,,
1998,792,"Türkiye",7.8156,,,84.72443,,
1998,795,"Turkmenistan",37.2825,,,16.77222,,
1998,800,"Uganda",49.1012,,,5.8333,,
1998,804,"Ukraine",22.1568,,,10.57716,,
1998,784,"United Arab Emirates",60.6021,,,1.99409,,
1998,926,"United Kingdom",79.5836,,,1.55835,,
1998,826,"United Kingdom excl. Channel Islands and Isle of Man",79.5836,,,1.55835,"Estimated",
1998,842,"United States of America",74.7483,,,1.5468,,
1998,630,"Puerto Rico",73.4856,,,0.05916,,
1998,840,"United States of America excluding Puerto Rico and United States Virgin Islands",74.7483,,,1.5468,"Estimated",
1998,858,"Uruguay",39.2696,,,10.80406,,
1998,860,"Uzbekistan",15.956,,,28.97267,,
1998,548,"Vanuatu",71.8505,,,3.55516,,
1998,862,"Venezuela (Bolivarian Rep. of)",9.5326,,,35.77774,,
1998,704,"Viet Nam",46.675,,,8.11043,,
1998,887,"Yemen",29.5926,,,11.54088,,
1998,894,"Zambia",15.5083,,,22.66348,,
1998,716,"Zimbabwe",196.9189,,,-28.02349,,
1998,0000,"World",66.2707,,,4.54491,,
1998,5100,"Africa",27.5491,,,10.3315,,
1998,5110,"Northern Africa",55.504,,,6.15971,,
1998,5120,"Sub-Saharan Africa",18.9678,,,12.70641,,
1998,5121,"Eastern Africa",36.9162,,,4.74314,,
1998,5122,"Middle Africa",1.1294,,,48.51024,,
1998,5123,"Southern Africa",49.8941,,,6.95239,,
1998,5124,"Western Africa",30.4342,,,7.98821,,
1998,5200,"Americas",68.6884,,,2.73435,,
1998,5210,"Northern America",75.0178,,,1.50447,,
1998,5220,"Latin America and the Caribbean",46.6948,,,8.00427,,
1998,5221,"Caribbean",47.6804,,,4.60003,,
1998,5222,"Central America",49.0564,,,14.80741,,
1998,5223,"South America",45.7172,,,5.29431,,
1998,5300,"Asia",66.922,,,8.05696,,
1998,5310,"Central Asia",28.2913,,,14.64505,,
1998,5330,"Eastern Asia",89.2082,,,0.93495,,
1998,5350,"South-eastern Asia",52.4333,,,26.65031,,
1998,5320,"Southern Asia",39.6444,,,12.89875,,
1998,5340,"Western Asia",31.9962,,,26.32121,,
1998,5400,"Europe",68.1724,,,3.64475,,
1998,5410,"Eastern Europe",22.0039,,,23.97689,,
1998,5420,"Northern Europe",78.8957,,,1.61881,,
1998,5430,"Southern Europe",74.0409,,,2.25429,,
1998,5440,"Western Europe",82.2004,,,0.7106,,
1998,5500,"Oceania",70.4008,,,1.11071,,
1998,5600,"Asia and Oceania",67.1413,,,7.558,,
1998,5702,"Northern America and Europe",71.4362,,,2.60362,,
1998,5706,"Europe, Northern America, Australia and New Zealand",71.4134,,,2.55355,,
1998,5703,"Central and Southern Asia",38.5754,,,13.03814,,
1998,5704,"Eastern and South-Eastern Asia",83.3129,,,4.40753,,
1998,5705,"Western Asia and Northern Africa",36.0431,,,21.80104,,
1998,1400,"Developing economies",48.7994,,,11.15707,,
1998,1410,"Developing economies: Africa",27.5491,,,10.3315,,
1998,1420,"Developing economies: Americas",46.6948,,,8.00427,,
1998,1460,"Developing economies: Asia and Oceania",54.7059,,,12.84877,,
1998,1430,"Developing economies: Asia",54.6977,,,12.87187,,
1998,1450,"Developing economies: Oceania",58.2358,,,7.3642,,
1998,1500,"Developed economies",74.2541,,,2.44291,,
1998,1520,"Developed economies: Americas",75.0178,,,1.50447,,
1998,1560,"Developed economies: Asia and Oceania",90.8841,,,1.66783,,
1998,1530,"Developed economies: Asia",95.5209,,,1.79817,,
1998,1550,"Developed economies: Oceania",70.8159,,,0.91226,,
1998,1540,"Developed economies: Europe",68.1724,,,3.64475,,
1998,1600,"Developing economies excluding China",40.9288,,,14.35872,,
1998,1601,"Developing economies excluding LDCs",51.9557,,,10.7239,,
1998,1610,"LDCs (Least developed countries)",10.1664,,,24.02296,,
1998,1612,"LDCs: Asia",35.731,,,14.61081,,
1998,1614,"LDCs: Africa",4.998,,,30.84547,,
1998,1615,"LDCs: Islands and Haiti",31.2477,,,7.14304,,
1998,1620,"LLDCs (Landlocked developing countries)",35.8878,,,10.16944,,
1998,1640,"SIDS (Small island developing States) (UN-OHRLLS)",61.8846,,,2.72366,,
1998,1641,"SIDS: Atlantic and Indian Ocean",70.9101,,,2.08953,,
1998,1642,"SIDS: Caribbean",46.6533,,,4.68828,,
1998,1643,"SIDS: Pacific",78.8572,,,1.05693,,
1998,2623,"Low-income developing economies",22.3499,,,11.66436,,
1998,2622,"Middle-income developing economies",37.0267,,,19.21768,,
1998,2621,"High-income developing economies",55.5833,,,8.42851,,
1998,2711,"BRICS",51.6439,,,6.46786,,
1998,3412,"European Union (2020 …)",76.3237,,,2.42337,,
1998,3916,"G20 (Group of Twenty)",69.6389,,,4.16057,,
1998,3919,"G-77 (Group of 77)",52.0858,,,7.9363,,
1998,3905,"OECD (Organisation for Economic Cooperation and Development)",75.303,,,3.01597,,
1999,0001,"Individual economies",,,"Not applicable",,,"Not applicable"
1999,008,"Albania",74.1158,,,0.38915,,
1999,012,"Algeria",70.2356,,,2.59924,,
1999,024,"Angola",0.6846,,,248.08743,,
1999,660,"Anguilla",65.3,,,1.7134,,
1999,028,"Antigua and Barbuda",80.7895,,,1.13419,,
1999,032,"Argentina",40.5739,,,-1.16724,,
1999,051,"Armenia",65.4686,,,0.72226,,
1999,533,"Aruba",69.2113,,,2.2741,,
1999,036,"Australia",71.2019,,,1.40793,,
1999,040,"Austria",81.621,,,0.51604,,
1999,031,"Azerbaijan",48.1986,,,-8.52501,,
1999,044,"Bahamas",78.6605,,,1.1198,,
1999,048,"Bahrain",83.9926,,,-1.25874,,
1999,050,"Bangladesh",53.5253,,,8.90333,,
1999,052,"Barbados",65.539,,,1.55991,,
1999,112,"Belarus",5.9754,,,293.78049,,
1999,056,"Belgium",79.271,,,1.1346,,
1999,084,"Belize",77.4393,,,-1.20681,,
1999,204,"Benin",71.2252,,,0.34685,,
1999,060,"Bermuda",74.3349,,,2.43146,,
1999,064,"Bhutan",59.7105,,,9.05787,,
1999,068,"Bolivia (Plurinational State of)",61.0119,,,2.16066,,
1999,070,"Bosnia and Herzegovina",74.8333,,,2.8413,,
1999,072,"Botswana",40.5579,,,7.8168,,
1999,076,"Brazil",49.0742,,,4.8585,,
1999,092,"British Virgin Islands",73.8518,,,2.30967,,
1999,096,"Brunei Darussalam",93.502,,,-0.41643,,
1999,100,"Bulgaria",50.7148,,,2.57145,,
1999,854,"Burkina Faso",76.3243,,,-1.08004,,
1999,108,"Burundi",33.8407,,,3.51837,,
1999,132,"Cabo Verde",80.7163,,,4.3431,,
1999,116,"Cambodia",61.2863,,,1.99666,,
1999,120,"Cameroon",76.6485,,,1.83218,,
1999,124,"Canada",79.7222,,,1.73447,,
1999,136,"Cayman Islands",78.1791,,,6.7686,,
1999,140,"Central African Republic",70.1747,,,-1.55285,,
1999,148,"Chad",70.3562,,,-8.44753,,
1999,152,"Chile",70.1422,,,3.33245,,
1999,156,"China",80.6998,,,-1.39922,,
1999,344,"China, Hong Kong SAR",99.5391,,,-3.96568,,
1999,446,"China, Macao SAR",81.8404,,,-3.20388,,
1999,158,"China, Taiwan Province of",89.9741,,,0.17564,,
1999,170,"Colombia",53.3137,,,10.87609,,
1999,174,"Comoros",62.7489,,,1.10063,,
1999,178,"Congo",74.3815,,,2.99978,,
1999,180,"Congo, Dem. Rep. of the",0.672,,,284.91369,,
1999,188,"Costa Rica",33.6679,,,10.04742,,
1999,384,"Côte d'Ivoire",76.6756,,,0.74406,,
1999,191,"Croatia",71.6069,,,4.01494,,
1999,192,"Cuba",74.841,,,2.02312,,
1999,531,"Curaçao",,,"Not applicable",,,"Not applicable"
1999,196,"Cyprus",75.1175,,,1.13548,,
1999,203,"Czechia",74.9863,,,2.13495,,
1999,208,"Denmark",80.1175,,,2.04173,,
1999,262,"Djibouti",69.0248,,,-0.40084,,
1999,212,"Dominica",79.6733,,,1.23614,,
1999,214,"Dominican Republic",29.563,,,6.46929,,
1999,218,"Ecuador",23.3053,,,52.20198,,
1999,818,"Egypt",45.5617,,,3.74781,,
1999,222,"El Salvador",69.7932,,,0.51285,,
1999,226,"Equatorial Guinea",55.1301,,,0.37276,,
1999,232,"Eritrea",16.9573,,,8.39725,,
1999,233,"Estonia",63.6881,,,3.09912,,
1999,748,"Eswatini",45.1831,,,5.86189,,
1999,231,"Ethiopia",34.8008,,,7.94435,,
1999,230,"Ethiopia (...1991)",,,"Not applicable",,,"Not applicable"
1999,242,"Fiji",69.078,,,1.98137,,
1999,246,"Finland",82.1201,,,1.31073,,
1999,251,"France",81.6945,,,0.57598,"Estimated",
1999,250,"France, metropolitan",81.6945,,,0.57598,,
1999,492,"Monaco",81.6945,,,0.57598,"Estimated",
1999,258,"French Polynesia",85.2814,,,0.81218,,
1999,266,"Gabon",88.3148,,,-1.93568,,
1999,270,"Gambia",50.4479,,,3.80646,,
1999,268,"Georgia",50.775,,,19.1426,,
1999,276,"Germany",84.0076,,,0.64655,,
1999,288,"Ghana",18.3329,,,12.47523,,
1999,300,"Greece",69.5201,,,2.1411,,
1999,308,"Grenada",73.0368,,,0.57439,,
1999,320,"Guatemala",48.9325,,,5.20804,,
1999,324,"Guinea",21.2807,,,4.55415,,
1999,624,"Guinea-Bissau",73.2714,,,-2.09227,,
1999,328,"Guyana",52.8769,,,7.53259,,
1999,332,"Haiti",29.4777,,,2.79098,,
1999,340,"Honduras",43.3286,,,11.66413,,
1999,348,"Hungary",52.6974,,,10.02109,,
1999,352,"Iceland",52.0802,,,3.21999,,
1999,356,"India",51.3959,,,5.69825,,
1999,360,"Indonesia",,,"Not applicable",,,"Not applicable"
1999,960,"Indonesia (...2002)",42.4494,,,20.47041,,
1999,364,"Iran (Islamic Republic of)",22.6827,,,20.24609,,
1999,368,"Iraq",14.2896,,,12.06897,,
1999,372,"Ireland",76.1321,,,2.41232,,
1999,376,"Israel",79.9754,,,5.19444,,
1999,380,"Italy",78.174,,,1.65086,,
1999,388,"Jamaica",31.4869,,,5.94861,,
1999,392,"Japan",103.3124,,,-0.34687,,
1999,400,"Jordan",68.1553,,,0.59891,,
1999,398,"Kazakhstan",38.8855,,,8.32261,,
1999,404,"Kenya",42.6909,,,5.7793,,
1999,296,"Kiribati",73.655,,,1.7558,,
1999,410,"Korea, Republic of",71.4992,,,0.81296,,
1999,414,"Kuwait",71.5798,,,3.0835,,
1999,417,"Kyrgyzstan",40.929,,,35.89999,,
1999,418,"Lao People's Dem. Rep.",44.4247,,,128.40555,,
1999,428,"Latvia",57.843,,,2.11376,,
1999,426,"Lesotho",47.7045,,,8.64536,,
1999,430,"Liberia",36.7482,,,1.98237,,
1999,434,"Libya",98.5895,,,2.57444,,
1999,440,"Lithuania",73.502,,,1.44397,,
1999,442,"Luxembourg",74.2151,,,1.02118,,
1999,450,"Madagascar",33.8346,,,7.18773,,
1999,454,"Malawi",24.9745,,,44.76728,,
1999,458,"Malaysia",79.1705,,,2.7323,,
1999,462,"Maldives",68.4375,,,2.95699,,
1999,466,"Mali",76.9835,,,-1.1631,,
1999,470,"Malta",76.4863,,,2.29339,,
1999,478,"Mauritania",51.467,,,4.07466,,
1999,480,"Mauritius",55.256,,,6.88125,,
1999,484,"Mexico",57.8142,,,16.56688,,
1999,583,"Micronesia (Federated States of)",71.1078,,,1.91914,,
1999,498,"Moldova, Republic of",30.6977,,,39.26206,,
1999,496,"Mongolia",38.1868,,,7.4173,,
1999,499,"Montenegro",,,"Not applicable",,,"Not applicable"
1999,504,"Morocco",81.042,,,0.68951,,
1999,508,"Mozambique",30.6651,,,2.87548,,
1999,104,"Myanmar",15.0006,,,18.34143,,
1999,516,"Namibia",47.0652,,,8.57703,,
1999,524,"Nepal",53.4064,,,11.37917,,
1999,528,"Netherlands (Kingdom of the)",79.1059,,,2.03615,,
1999,540,"New Caledonia",90.4244,,,0.24125,,
1999,554,"New Zealand",75.0356,,,-0.1148,,
1999,558,"Nicaragua",40.4597,,,11.2139,,
1999,562,"Niger",75.9697,,,-2.05965,,
1999,566,"Nigeria",27.6788,,,6.61999,,
1999,807,"North Macedonia",75.8785,,,-1.27895,,
1999,579,"Norway",79.477,,,2.36605,,
1999,512,"Oman",75.7001,,,0.51187,,
1999,586,"Pakistan",44.2041,,,5.73816,,
1999,591,"Panama",76.479,,,1.29984,,
1999,598,"Papua New Guinea",46.1642,,,14.93212,,
1999,600,"Paraguay",43.3948,,,6.75388,,
1999,604,"Peru",76.2947,,,3.47029,,
1999,608,"Philippines",59.7378,,,6.19956,,
1999,616,"Poland",68.7931,,,7.3,,
1999,620,"Portugal",76.358,,,2.1687,,
1999,634,"Qatar",59.9068,,,2.18688,,
1999,642,"Romania",21.948,,,45.80482,,
1999,643,"Russian Federation",25.4629,,,85.74113,,
1999,646,"Rwanda",44.9449,,,-2.41921,,
1999,659,"Saint Kitts and Nevis",70.7334,,,3.35093,,
1999,662,"Saint Lucia",73.5944,,,2.41445,,
1999,670,"Saint Vincent and the Grenadines",74.3565,,,1.01178,,
1999,882,"Samoa",57.4995,,,0.37349,,
1999,678,"Sao Tome and Principe",20.1329,,,11.00909,,
1999,682,"Saudi Arabia",82.0575,,,-2.12387,,
1999,686,"Senegal",80.9249,,,0.81729,,
1999,688,"Serbia",,,"Not applicable",,,"Not applicable"
1999,690,"Seychelles",45.038,,,6.30005,,
1999,694,"Sierra Leone",45.6708,,,34.09579,,
1999,702,"Singapore",84.0255,,,0.02315,,
1999,534,"Sint Maarten (Dutch part)",,,"Not applicable",,,"Not applicable"
1999,703,"Slovakia",59.8238,,,10.46156,,
1999,705,"Slovenia",61.0788,,,6.12861,,
1999,090,"Solomon Islands",41.3194,,,7.95289,,
1999,710,"South Africa",53.3672,,,5.13291,,
1999,728,"South Sudan",,,"Not applicable",,,"Not applicable"
1999,724,"Spain",73.1512,,,2.23434,,
1999,144,"Sri Lanka",37.2005,,,4.69273,,
1999,275,"State of Palestine",64.7914,,,5.54283,,
1999,729,"Sudan",,,"Not applicable",,,"Not applicable"
1999,736,"Sudan (...2011)",33.4605,,,17.168,,
1999,740,"Suriname",22.4475,,,60.52474,,
1999,752,"Sweden",81.6791,,,0.57076,,
1999,757,"Switzerland, Liechtenstein",90.3346,,,0.80824,,
1999,438,"Liechtenstein",90.3346,,,0.80824,"Estimated",
1999,756,"Switzerland",90.3346,,,0.80824,"Estimated",
1999,760,"Syrian Arab Republic",61.099,,,-1.96553,,
1999,762,"Tajikistan",21.2983,,,27.45172,,
1999,834,"Tanzania, United Republic of",49.7111,,,7.88884,,
1999,764,"Thailand",76.0789,,,0.23729,,
1999,626,"Timor-Leste",,,"Not applicable",,,"Not applicable"
1999,768,"Togo",76.1766,,,-0.05403,,
1999,776,"Tonga",44.8455,,,3.92525,,
1999,780,"Trinidad and Tobago",49.2908,,,3.41421,,
1999,788,"Tunisia",70.0771,,,2.76861,,
1999,792,"Türkiye",12.8857,,,64.87126,,
1999,795,"Turkmenistan",46.031,,,23.46549,,
1999,796,"Turks and Caicos Islands",72.7857,,,,,"Not available or not separately reported"
1999,800,"Uganda",51.9293,,,5.7597,,
1999,804,"Ukraine",27.1828,,,22.68367,,
1999,784,"United Arab Emirates",61.8747,,,2.09993,,
1999,926,"United Kingdom",80.6403,,,1.32788,,
1999,826,"United Kingdom excl. Channel Islands and Isle of Man",80.6403,,,1.32788,"Estimated",
1999,842,"United States of America",76.3876,,,2.19314,,
1999,630,"Puerto Rico",73.979,,,0.67131,,
1999,840,"United States of America excluding Puerto Rico and United States Virgin Islands",76.3876,,,2.19314,"Estimated",
1999,858,"Uruguay",41.4914,,,5.65767,,
1999,860,"Uzbekistan",20.5985,,,29.09555,,
1999,548,"Vanuatu",73.2868,,,1.99897,,
1999,862,"Venezuela (Bolivarian Rep. of)",11.7796,,,23.57214,,
1999,704,"Viet Nam",48.5927,,,4.10866,,
1999,887,"Yemen",31.9331,,,7.90885,,
1999,894,"Zambia",19.208,,,23.85589,,
1999,716,"Zimbabwe",170.4709,,,-13.43089,,
1999,0000,"World",69.4358,,,4.77599,,
1999,5100,"Africa",32.5125,,,18.01684,,
1999,5110,"Northern Africa",57.7975,,,4.13199,,
1999,5120,"Sub-Saharan Africa",23.9061,,,26.03532,,
1999,5121,"Eastern Africa",39.2826,,,6.41027,,
1999,5122,"Middle Africa",2.8244,,,150.07801,,
1999,5123,"Southern Africa",52.5551,,,5.33327,,
1999,5124,"Western Africa",32.1962,,,5.78936,,
1999,5200,"Americas",70.9313,,,3.26522,,
1999,5210,"Northern America",76.6368,,,2.15819,,
1999,5220,"Latin America and the Caribbean",50.4774,,,8.10069,,
1999,5221,"Caribbean",49.3913,,,3.58828,,
1999,5222,"Central America",56.5202,,,15.21469,,
1999,5223,"South America",48.1022,,,5.21668,,
1999,5300,"Asia",69.6365,,,4.05614,,
1999,5310,"Central Asia",33.0311,,,16.75386,,
1999,5330,"Eastern Asia",88.6337,,,-0.64399,,
1999,5350,"South-eastern Asia",57.3584,,,9.393,,
1999,5320,"Southern Asia",43.0935,,,8.70019,,
1999,5340,"Western Asia",38.3301,,,19.79581,,
1999,5400,"Europe",72.4792,,,6.31748,,
1999,5410,"Eastern Europe",33.6307,,,52.84013,,
1999,5420,"Northern Europe",80.0409,,,1.45151,,
1999,5430,"Southern Europe",75.4795,,,1.943,,
1999,5440,"Western Europe",82.8488,,,0.78882,,
1999,5500,"Oceania",71.3827,,,1.39467,,
1999,5600,"Asia and Oceania",69.7325,,,3.85928,,
1999,5702,"Northern America and Europe",74.4902,,,4.27527,,
1999,5706,"Europe, Northern America, Australia and New Zealand",74.4013,,,4.18393,,
1999,5703,"Central and Southern Asia",42.171,,,9.32084,,
1999,5704,"Eastern and South-Eastern Asia",83.8235,,,0.61281,,
1999,5705,"Western Asia and Northern Africa",41.9195,,,16.30393,,
1999,1400,"Developing economies",52.9338,,,8.47216,,
1999,1410,"Developing economies: Africa",32.5125,,,18.01684,,
1999,1420,"Developing economies: Americas",50.4774,,,8.10069,,
1999,1460,"Developing economies: Asia and Oceania",58.549,,,7.02491,,
1999,1430,"Developing economies: Asia",58.5399,,,7.02448,,
1999,1450,"Developing economies: Oceania",62.3867,,,7.12791,,
1999,1500,"Developed economies",76.9258,,,3.59807,,
1999,1520,"Developed economies: Americas",76.6368,,,2.15819,,
1999,1560,"Developed economies: Asia and Oceania",91.058,,,0.19133,,
1999,1530,"Developed economies: Asia",95.5243,,,0.00354,,
1999,1550,"Developed economies: Oceania",71.6772,,,1.21631,,
1999,1540,"Developed economies: Europe",72.4792,,,6.31748,,
1999,1600,"Developing economies excluding China",45.5455,,,11.27976,,
1999,1601,"Developing economies excluding LDCs",55.6081,,,7.02998,,
1999,1610,"LDCs (Least developed countries)",15.3059,,,50.55359,,
1999,1612,"LDCs: Asia",40.4905,,,13.32039,,
1999,1614,"LDCs: Africa",8.8329,,,76.73105,,
1999,1615,"LDCs: Islands and Haiti",32.2365,,,3.16432,,
1999,1620,"LLDCs (Landlocked developing countries)",40.056,,,11.61444,,
1999,1640,"SIDS (Small island developing States) (UN-OHRLLS)",63.6463,,,2.84667,,
1999,1641,"SIDS: Atlantic and Indian Ocean",72.1508,,,1.74958,,
1999,1642,"SIDS: Caribbean",48.8493,,,4.70704,,
1999,1643,"SIDS: Pacific",79.8869,,,1.30583,,
1999,2623,"Low-income developing economies",27.1854,,,21.63547,,
1999,2622,"Middle-income developing economies",41.3332,,,11.6308,,
1999,2621,"High-income developing economies",59.3577,,,6.79053,,
1999,2711,"BRICS",58.1919,,,12.67903,,
1999,3412,"European Union (2020 …)",77.7833,,,1.91235,,
1999,3916,"G20 (Group of Twenty)",72.5392,,,4.16486,,
1999,3919,"G-77 (Group of 77)",55.0261,,,5.64513,,
1999,3905,"OECD (Organisation for Economic Cooperation and Development)",77.3285,,,2.68978,,
2000,0001,"Individual economies",,,"Not applicable",,,"Not applicable"
2000,008,"Albania",74.1448,,,0.03906,,
2000,012,"Algeria",70.4463,,,0.29995,,
2000,024,"Angola",2.9093,,,324.96075,,
2000,660,"Anguilla",68.4,,,4.74732,,
2000,028,"Antigua and Barbuda",80.6592,,,-0.16122,,
2000,032,"Argentina",40.1936,,,-0.93714,,
2000,051,"Armenia",64.9621,,,-0.77371,,
2000,533,"Aruba",72.0311,,,4.07409,,
2000,036,"Australia",74.3757,,,4.45744,,
2000,040,"Austria",83.2186,,,1.95736,,
2000,031,"Azerbaijan",49.0687,,,1.80517,,
2000,044,"Bahamas",80.0226,,,1.73167,,
2000,048,"Bahrain",83.3787,,,-0.73088,,
2000,050,"Bangladesh",55.4645,,,3.62307,,
2000,052,"Barbados",67.1354,,,2.43574,,
2000,112,"Belarus",16.0498,,,168.59709,,
2000,056,"Belgium",81.3949,,,2.67934,,
2000,084,"Belize",77.9144,,,0.61352,,
2000,204,"Benin",74.0993,,,4.03518,,
2000,060,"Bermuda",76.3684,,,2.73566,,
2000,064,"Bhutan",63.9997,,,7.18328,,
2000,068,"Bolivia (Plurinational State of)",63.8192,,,4.60121,,
2000,070,"Bosnia and Herzegovina",78.5544,,,4.97248,,
2000,072,"Botswana",44.0191,,,8.53403,,
2000,076,"Brazil",52.5309,,,7.04392,,
2000,092,"British Virgin Islands",75.8895,,,2.7592,,
2000,096,"Brunei Darussalam",94.959,,,1.55826,,
2000,100,"Bulgaria",55.9484,,,10.31965,,
2000,854,"Burkina Faso",76.1949,,,-0.16959,,
2000,108,"Burundi",42.4784,,,25.5245,,
2000,132,"Cabo Verde",78.7774,,,-2.40207,,
2000,116,"Cambodia",60.7803,,,-0.82563,,
2000,120,"Cameroon",77.6025,,,1.24463,,
2000,124,"Canada",81.8901,,,2.71944,,
2000,136,"Cayman Islands",80.3031,,,2.71674,,
2000,140,"Central African Republic",72.5358,,,3.36451,,
2000,148,"Chad",73.0459,,,3.82299,,
2000,152,"Chile",72.8346,,,3.83848,,
2000,156,"China",80.9875,,,0.35655,,
2000,344,"China, Hong Kong SAR",95.8328,,,-3.72342,,
2000,446,"China, Macao SAR",80.5228,,,-1.61,,
2000,158,"China, Taiwan Province of",91.0986,,,1.24984,,
2000,170,"Colombia",58.2286,,,9.21887,,
2000,174,"Comoros",66.4509,,,5.89967,,
2000,178,"Congo",74.7538,,,0.50044,,
2000,180,"Congo, Dem. Rep. of the",4.3679,,,549.98375,,
2000,188,"Costa Rica",37.3574,,,10.95843,,
2000,384,"Côte d'Ivoire",78.6188,,,2.53425,,
2000,191,"Croatia",74.9046,,,4.6054,,
2000,192,"Cuba",75.1943,,,0.47214,,
2000,531,"Curaçao",,,"Not applicable",,,"Not applicable"
2000,196,"Cyprus",78.7665,,,4.8577,,
2000,203,"Czechia",77.817,,,3.77491,,
2000,208,"Denmark",82.3218,,,2.75137,,
2000,262,"Djibouti",69.8428,,,1.18508,,
2000,212,"Dominica",80.3489,,,0.84795,,
2000,214,"Dominican Republic",31.8464,,,7.7239,,
2000,218,"Ecuador",45.7009,,,96.09655,,
2000,818,"Egypt",46.8589,,,2.84714,,
2000,222,"El Salvador",71.3798,,,2.27337,,
2000,226,"Equatorial Guinea",57.7962,,,4.83598,,
2000,232,"Eritrea",20.3397,,,19.94673,,
2000,233,"Estonia",66.1915,,,3.9306,,
2000,748,"Eswatini",49.6611,,,9.91064,,
2000,231,"Ethiopia",35.0318,,,0.66379,,
2000,230,"Ethiopia (...1991)",,,"Not applicable",,,"Not applicable"
2000,242,"Fiji",69.8376,,,1.09957,,
2000,246,"Finland",84.5433,,,2.95088,,
2000,251,"France",83.1767,,,1.81435,"Estimated",
2000,250,"France, metropolitan",83.1767,,,1.81435,,
2000,492,"Monaco",83.1767,,,1.81435,"Estimated",
2000,258,"French Polynesia",86.1411,,,1.00807,,
2000,266,"Gabon",88.7595,,,0.50352,,
2000,270,"Gambia",50.8773,,,0.85102,,
2000,268,"Georgia",52.8,,,3.98818,,
2000,276,"Germany",85.1948,,,1.41328,,
2000,288,"Ghana",22.936,,,25.10852,,
2000,300,"Greece",71.5339,,,2.89681,,
2000,308,"Grenada",74.601,,,2.14167,,
2000,320,"Guatemala",51.8582,,,5.97901,,
2000,324,"Guinea",22.7206,,,6.76642,,
2000,624,"Guinea-Bissau",79.5805,,,8.61067,,
2000,328,"Guyana",56.1084,,,6.11136,,
2000,332,"Haiti",31.379,,,6.45008,,
2000,340,"Honduras",48.1153,,,11.0473,,
2000,348,"Hungary",57.8533,,,9.78387,,
2000,352,"Iceland",54.7465,,,5.11963,,
2000,356,"India",53.3643,,,3.82986,,
2000,360,"Indonesia",,,"Not applicable",,,"Not applicable"
2000,960,"Indonesia (...2002)",44.0148,,,3.68748,,
2000,364,"Iran (Islamic Republic of)",25.471,,,12.29236,,
2000,368,"Iraq",15.0591,,,5.38462,,
2000,372,"Ireland",80.1699,,,5.30362,,
2000,376,"Israel",80.8748,,,1.12452,,
2000,380,"Italy",80.1912,,,2.58051,,
2000,388,"Jamaica",34.0282,,,8.07101,,
2000,392,"Japan",102.6027,,,-0.68697,,
2000,400,"Jordan",68.6149,,,0.67436,,
2000,398,"Kazakhstan",44.0005,,,13.15417,,
2000,404,"Kenya",46.9492,,,9.97471,,
2000,296,"Kiribati",73.9321,,,0.3762,,
2000,410,"Korea, Republic of",73.1143,,,2.25889,,
2000,414,"Kuwait",72.7022,,,1.56795,,
2000,417,"Kyrgyzstan",48.987,,,19.68775,,
2000,418,"Lao People's Dem. Rep.",48.1416,,,8.3667,,
2000,428,"Latvia",59.3664,,,2.63354,,
2000,426,"Lesotho",50.6297,,,6.13201,,
2000,430,"Liberia",38.6958,,,5.29974,,
2000,434,"Libya",95.7229,,,-2.90755,,
2000,440,"Lithuania",74.3059,,,1.09369,,
2000,442,"Luxembourg",77.0202,,,3.77967,,
2000,450,"Madagascar",37.7492,,,11.56992,,
2000,454,"Malawi",32.3617,,,29.57911,,
2000,458,"Malaysia",80.3983,,,1.55082,,
2000,462,"Maldives",67.632,,,-1.17701,,
2000,466,"Mali",76.3854,,,-0.77692,,
2000,470,"Malta",78.809,,,3.03678,,
2000,478,"Mauritania",53.142,,,3.25451,,
2000,480,"Mauritius",57.5871,,,4.21877,,
2000,484,"Mexico",63.2984,,,9.48589,,
2000,583,"Micronesia (Federated States of)",72.4159,,,1.83955,,
2000,498,"Moldova, Republic of",40.2771,,,31.20558,,
2000,496,"Mongolia",42.5527,,,11.43289,,
2000,499,"Montenegro",,,"Not applicable",,,"Not applicable"
2000,504,"Morocco",82.6004,,,1.92297,,
2000,508,"Mozambique",34.5637,,,12.71338,,
2000,104,"Myanmar",14.9909,,,-0.06482,,
2000,516,"Namibia",51.4272,,,9.26811,,
2000,524,"Nepal",55.2186,,,3.39317,,
2000,528,"Netherlands (Kingdom of the)",80.9626,,,2.34711,,
2000,540,"New Caledonia",91.5125,,,1.20337,,
2000,554,"New Zealand",76.9983,,,2.61567,,
2000,558,"Nicaragua",45.1311,,,11.54598,,
2000,562,"Niger",78.0233,,,2.70322,,
2000,566,"Nigeria",29.6003,,,6.94196,,
2000,807,"North Macedonia",80.8916,,,6.60675,,
2000,579,"Norway",81.929,,,3.08517,,
2000,512,"Oman",74.7941,,,-1.19676,,
2000,586,"Pakistan",45.7888,,,3.58491,,
2000,585,"Palau",77.1567,,,,,"Not available or not separately reported"
2000,591,"Panama",77.5849,,,1.44603,,
2000,598,"Papua New Guinea",53.364,,,15.59606,,
2000,600,"Paraguay",47.2931,,,8.98325,,
2000,604,"Peru",79.1618,,,3.75797,,
2000,608,"Philippines",63.6486,,,6.54666,,
2000,616,"Poland",75.741,,,10.09972,,
2000,620,"Portugal",78.5002,,,2.80541,,
2000,634,"Qatar",60.8392,,,1.55642,,
2000,642,"Romania",31.97,,,45.66247,,
2000,643,"Russian Federation",30.7589,,,20.79862,,
2000,646,"Rwanda",46.7022,,,3.90979,,
2000,659,"Saint Kitts and Nevis",72.2265,,,2.11096,,
2000,662,"Saint Lucia",77.1619,,,4.84753,,
2000,670,"Saint Vincent and the Grenadines",74.5005,,,0.19365,,
2000,882,"Samoa",57.404,,,-0.16601,,
2000,678,"Sao Tome and Principe",22.3495,,,11.00968,,
2000,682,"Saudi Arabia",81.2087,,,-1.03441,,
2000,686,"Senegal",81.535,,,0.75387,,
2000,688,"Serbia",,,"Not applicable",,,"Not applicable"
2000,690,"Seychelles",47.8758,,,6.3008,,
2000,694,"Sierra Leone",45.251,,,-0.91903,,
2000,702,"Singapore",85.1581,,,1.34795,,
2000,534,"Sint Maarten (Dutch part)",,,"Not applicable",,,"Not applicable"
2000,703,"Slovakia",67.0993,,,12.1616,,
2000,705,"Slovenia",66.5353,,,8.93353,,
2000,090,"Solomon Islands",44.1823,,,6.92878,,
2000,710,"South Africa",56.2082,,,5.32346,,
2000,728,"South Sudan",,,"Not applicable",,,"Not applicable"
2000,724,"Spain",75.7002,,,3.4846,,
2000,144,"Sri Lanka",39.4982,,,6.17658,,
2000,275,"State of Palestine",66.6035,,,2.79682,,
2000,729,"Sudan",,,"Not applicable",,,"Not applicable"
2000,736,"Sudan (...2011)",35.8426,,,7.11923,,
2000,740,"Suriname",29.083,,,29.5601,,
2000,752,"Sweden",82.7369,,,1.29501,,
2000,757,"Switzerland, Liechtenstein",91.7447,,,1.56104,,
2000,438,"Liechtenstein",91.7447,,,1.56104,"Estimated",
2000,756,"Switzerland",91.7447,,,1.56104,"Estimated",
2000,760,"Syrian Arab Republic",60.849,,,-0.40917,,
2000,762,"Tajikistan",28.295,,,32.8509,,
2000,834,"Tanzania, United Republic of",52.6718,,,5.95577,,
2000,764,"Thailand",77.3713,,,1.69875,,
2000,626,"Timor-Leste",,,"Not applicable",,,"Not applicable"
2000,768,"Togo",77.3708,,,1.56768,,
2000,776,"Tonga",47.0561,,,4.92935,,
2000,780,"Trinidad and Tobago",51.0284,,,3.52516,,
2000,788,"Tunisia",72.0184,,,2.77029,,
2000,792,"Türkiye",19.9776,,,55.03741,,
2000,795,"Turkmenistan",49.732,,,8.04016,,
2000,796,"Turks and Caicos Islands",75.2323,,,3.36134,,
2000,798,"Tuvalu",74.8453,,,,,"Not available or not separately reported"
2000,800,"Uganda",53.6852,,,3.38129,,
2000,804,"Ukraine",34.8492,,,28.2031,,
2000,784,"United Arab Emirates",62.7084,,,1.34752,,
2000,926,"United Kingdom",81.2822,,,0.796,,
2000,826,"United Kingdom excl. Channel Islands and Isle of Man",81.2822,,,0.796,"Estimated",
2000,842,"United States of America",78.9596,,,3.36709,,
2000,630,"Puerto Rico",76.2555,,,3.07724,,
2000,840,"United States of America excluding Puerto Rico and United States Virgin Islands",78.9596,,,3.36709,"Estimated",
2000,858,"Uruguay",43.4743,,,4.77915,,
2000,860,"Uzbekistan",25.7513,,,25.0152,,
2000,548,"Vanuatu",75.1466,,,2.53769,,
2000,862,"Venezuela (Bolivarian Rep. of)",13.6889,,,16.20821,,
2000,704,"Viet Nam",47.7334,,,-1.76823,,
2000,887,"Yemen",35.4344,,,10.96439,,
2000,894,"Zambia",23.8354,,,24.091,,
2000,716,"Zimbabwe",178.1007,,,4.47574,,
2000,0000,"World",72.376,,,4.23445,,
2000,5100,"Africa",40.3963,,,24.24845,,
2000,5110,"Northern Africa",58.8628,,,1.84327,,
2000,5120,"Sub-Saharan Africa",32.8486,,,37.40693,,
2000,5121,"Eastern Africa",42.6891,,,8.67161,,
2000,5122,"Middle Africa",9.2954,,,229.10396,,
2000,5123,"Southern Africa",55.4926,,,5.58925,,
2000,5124,"Western Africa",34.485,,,7.10918,,
2000,5200,"Americas",73.8571,,,4.1249,,
2000,5210,"Northern America",79.179,,,3.31719,,
2000,5220,"Latin America and the Caribbean",54.4192,,,7.80905,,
2000,5221,"Caribbean",51.3753,,,4.01697,,
2000,5222,"Central America",61.674,,,9.11855,,
2000,5223,"South America",51.6926,,,7.46413,,
2000,5300,"Asia",71.6683,,,2.91774,,
2000,5310,"Central Asia",38.4547,,,16.41954,,
2000,5330,"Eastern Asia",88.5945,,,-0.0442,,
2000,5350,"South-eastern Asia",58.9129,,,2.71018,,
2000,5320,"Southern Asia",45.424,,,5.40795,,
2000,5340,"Western Asia",44.4007,,,15.83777,,
2000,5400,"Europe",75.2704,,,3.85099,,
2000,5410,"Eastern Europe",40.6343,,,20.82492,,
2000,5420,"Northern Europe",81.2541,,,1.51585,,
2000,5430,"Southern Europe",77.7311,,,2.98309,,
2000,5440,"Western Europe",84.2908,,,1.74047,,
2000,5500,"Oceania",74.4654,,,4.3185,,
2000,5600,"Asia and Oceania",71.8396,,,3.02181,,
2000,5702,"Northern America and Europe",77.1619,,,3.58662,,
2000,5706,"Europe, Northern America, Australia and New Zealand",77.0839,,,3.60566,,
2000,5703,"Central and Southern Asia",44.8027,,,6.24062,,
2000,5704,"Eastern and South-Eastern Asia",84.0755,,,0.30067,,
2000,5705,"Western Asia and Northern Africa",47.2141,,,12.63022,,
2000,1400,"Developing economies",57.0832,,,7.83889,,
2000,1410,"Developing economies: Africa",40.3963,,,24.24845,,
2000,1420,"Developing economies: Americas",54.4192,,,7.80905,,
2000,1460,"Developing economies: Asia and Oceania",61.5422,,,5.11236,,
2000,1430,"Developing economies: Asia",61.5272,,,5.10295,,
2000,1450,"Developing economies: Oceania",67.0046,,,7.40195,,
2000,1500,"Developed economies",79.3005,,,3.08709,,
2000,1520,"Developed economies: Americas",79.179,,,3.31719,,
2000,1560,"Developed economies: Asia and Oceania",91.5342,,,0.52299,,
2000,1530,"Developed economies: Asia",95.3596,,,-0.17245,,
2000,1550,"Developed economies: Oceania",74.7043,,,4.22314,,
2000,1540,"Developed economies: Europe",75.2704,,,3.85099,,
2000,1600,"Developing economies excluding China",50.1362,,,10.07927,,
2000,1601,"Developing economies excluding LDCs",58.8601,,,5.84801,,
2000,1610,"LDCs (Least developed countries)",25.2866,,,65.20817,,
2000,1612,"LDCs: Asia",42.438,,,4.80982,,
2000,1614,"LDCs: Africa",18.326,,,107.4731,,
2000,1615,"LDCs: Islands and Haiti",34.3136,,,6.44354,,
2000,1620,"LLDCs (Landlocked developing countries)",44.306,,,10.61008,,
2000,1640,"SIDS (Small island developing States) (UN-OHRLLS)",65.7049,,,3.23447,,
2000,1641,"SIDS: Atlantic and Indian Ocean",73.1564,,,1.39385,,
2000,1642,"SIDS: Caribbean",51.037,,,4.47834,,
2000,1643,"SIDS: Pacific",81.8215,,,2.42162,,
2000,2623,"Low-income developing economies",35.4416,,,30.37009,,
2000,2622,"Middle-income developing economies",45.1318,,,9.19018,,
2000,2621,"High-income developing economies",63.0894,,,6.28687,,
2000,2711,"BRICS",61.1937,,,5.15851,,
2000,3412,"European Union (2020 …)",80.0851,,,2.9593,,
2000,3916,"G20 (Group of Twenty)",75.0708,,,3.49001,,
2000,3919,"G-77 (Group of 77)",58.3684,,,6.07399,,
2000,3905,"OECD (Organisation for Economic Cooperation and Development)",79.7966,,,3.19177,,
2001,0001,"Individual economies",,,"Not applicable",,,"Not applicable"
2001,008,"Albania",76.4588,,,3.12096,,
2001,012,"Algeria",73.4053,,,4.20031,,
2001,020,"Andorra",79.1485,,,,,"Not available or not separately reported"
2001,024,"Angola",7.349,,,152.60436,,
2001,660,"Anguilla",71.5,,,4.53216,,
2001,028,"Antigua and Barbuda",82.2199,,,1.93493,,
2001,032,"Argentina",39.7654,,,-1.06555,,
2001,051,"Armenia",67.0145,,,3.15949,,
2001,533,"Aruba",74.1095,,,2.88541,,
2001,036,"Australia",77.6535,,,4.40714,,
2001,040,"Austria",85.133,,,2.30045,,
2001,031,"Azerbaijan",49.9363,,,1.76817,,
2001,044,"Bahamas",81.9132,,,2.36253,,
2001,048,"Bahrain",82.3996,,,-1.17431,,
2001,050,"Bangladesh",56.4698,,,1.81235,,
2001,052,"Barbados",69.0157,,,2.80088,,
2001,112,"Belarus",25.8614,,,61.13225,,
2001,056,"Belgium",83.3766,,,2.43466,,
2001,084,"Belize",78.8104,,,1.14999,,
2001,204,"Benin",76.8822,,,3.75556,,
2001,060,"Bermuda",78.5532,,,2.86083,,
2001,064,"Bhutan",66.3835,,,3.72464,,
2001,068,"Bolivia (Plurinational State of)",64.8386,,,1.59732,,
2001,070,"Bosnia and Herzegovina",81.0774,,,3.2118,,
2001,072,"Botswana",46.909,,,6.565,,
2001,076,"Brazil",56.1243,,,6.84047,,
2001,092,"British Virgin Islands",78.236,,,3.09194,,
2001,096,"Brunei Darussalam",95.525,,,0.59605,,
2001,100,"Bulgaria",60.0648,,,7.35735,,
2001,854,"Burkina Faso",79.7978,,,4.72854,,
2001,108,"Burundi",45.821,,,7.86896,,
2001,132,"Cabo Verde",81.6715,,,3.67375,,
2001,116,"Cambodia",60.7091,,,-0.11703,,
2001,120,"Cameroon",81.056,,,4.45021,,
2001,124,"Canada",83.9577,,,2.52477,,
2001,136,"Cayman Islands",81.2129,,,1.13297,,
2001,140,"Central African Republic",75.4974,,,4.083,,
2001,148,"Chad",82.1256,,,12.43017,,
2001,152,"Chile",75.4319,,,3.56607,,
2001,156,"China",81.563,,,0.71057,,
2001,344,"China, Hong Kong SAR",94.2892,,,-1.61072,,
2001,446,"China, Macao SAR",78.9249,,,-1.98436,,
2001,158,"China, Taiwan Province of",91.0933,,,-0.00585,,
2001,170,"Colombia",62.8632,,,7.95921,,
2001,174,"Comoros",70.1529,,,5.571,,
2001,178,"Congo",75.3847,,,0.84407,,
2001,180,"Congo, Dem. Rep. of the",19.9737,,,357.28,,
2001,188,"Costa Rica",41.5631,,,11.25805,,
2001,384,"Côte d'Ivoire",82.0417,,,4.35388,,
2001,191,"Croatia",78.0955,,,4.25983,,
2001,192,"Cuba",74.7703,,,-0.56391,,
2001,531,"Curaçao",,,"Not applicable",,,"Not applicable"
2001,196,"Cyprus",80.3334,,,1.98924,,
2001,203,"Czechia",81.4453,,,4.6627,,
2001,208,"Denmark",84.1894,,,2.26862,,
2001,262,"Djibouti",71.1625,,,1.88964,,
2001,212,"Dominica",81.598,,,1.55458,,
2001,214,"Dominican Republic",34.6756,,,8.88373,,
2001,218,"Ecuador",62.9184,,,37.67414,,
2001,818,"Egypt",47.9936,,,2.42149,,
2001,222,"El Salvador",74.0536,,,3.74584,,
2001,226,"Equatorial Guinea",62.8473,,,8.73949,,
2001,232,"Eritrea",23.3147,,,14.62642,,
2001,233,"Estonia",69.9158,,,5.62655,,
2001,748,"Eswatini",53.3802,,,7.489,,
2001,231,"Ethiopia",32.1454,,,-8.23944,,
2001,230,"Ethiopia (...1991)",,,"Not applicable",,,"Not applicable"
2001,242,"Fiji",72.8157,,,4.26441,,
2001,246,"Finland",86.797,,,2.66575,,
2001,251,"France",84.66,,,1.78329,"Estimated",
2001,250,"France, metropolitan",84.66,,,1.78329,,
2001,492,"Monaco",84.66,,,1.78329,"Estimated",
2001,258,"French Polynesia",86.9721,,,0.9646,,
2001,266,"Gabon",90.6554,,,2.136,,
2001,270,"Gambia",53.1628,,,4.49231,,
2001,268,"Georgia",55.292,,,4.7197,,
2001,276,"Germany",86.8138,,,1.90035,,
2001,288,"Ghana",30.4895,,,32.93272,,
2001,300,"Greece",74.1384,,,3.64083,,
2001,308,"Grenada",75.8475,,,1.67094,,
2001,320,"Guatemala",55.6358,,,7.28448,,
2001,324,"Guinea",23.9423,,,5.37714,,
2001,624,"Guinea-Bissau",82.1677,,,3.25104,,
2001,328,"Guyana",57.5941,,,2.64789,,
2001,332,"Haiti",36.2389,,,15.48786,,
2001,340,"Honduras",52.7702,,,9.67459,,
2001,348,"Hungary",63.1511,,,9.15738,,
2001,352,"Iceland",58.2477,,,6.39527,,
2001,356,"India",55.6642,,,4.30992,,
2001,360,"Indonesia",,,"Not applicable",,,"Not applicable"
2001,960,"Indonesia (...2002)",49.0621,,,11.46745,,
2001,364,"Iran (Islamic Republic of)",28.4099,,,11.53846,,
2001,368,"Iraq",17.4773,,,16.05839,,
2001,372,"Ireland",83.3749,,,3.99782,,
2001,376,"Israel",81.7775,,,1.11624,,
2001,380,"Italy",82.0551,,,2.32427,,
2001,388,"Jamaica",36.3697,,,6.88091,,
2001,392,"Japan",101.8909,,,-0.69378,,
2001,400,"Jordan",69.8272,,,1.76678,,
2001,398,"Kazakhstan",47.6847,,,8.373,,
2001,404,"Kenya",49.6404,,,5.732,,
2001,296,"Kiribati",78.3695,,,6.00201,,
2001,410,"Korea, Republic of",76.0874,,,4.06644,,
2001,414,"Kuwait",73.7555,,,1.44881,,
2001,417,"Kyrgyzstan",52.377,,,6.9202,,
2001,418,"Lao People's Dem. Rep.",51.9013,,,7.80984,,
2001,428,"Latvia",60.866,,,2.52609,,
2001,426,"Lesotho",54.1333,,,6.91989,,
2001,430,"Liberia",43.3969,,,12.149,,
2001,434,"Libya",87.262,,,-8.83901,,
2001,440,"Lithuania",75.4582,,,1.55071,,
2001,442,"Luxembourg",78.8727,,,2.40529,,
2001,450,"Madagascar",40.7373,,,7.91578,,
2001,454,"Malawi",39.71,,,22.70677,,
2001,458,"Malaysia",81.5461,,,1.42765,,
2001,462,"Maldives",68.0872,,,0.6731,,
2001,466,"Mali",80.3453,,,5.184,,
2001,470,"Malta",80.7907,,,2.51458,,
2001,478,"Mauritania",55.648,,,4.71567,,
2001,480,"Mauritius",60.6919,,,5.39152,,
2001,484,"Mexico",67.3278,,,6.36567,,
2001,583,"Micronesia (Federated States of)",73.37,,,1.31757,,
2001,498,"Moldova, Republic of",44.1603,,,9.64127,,
2001,496,"Mongolia",45.2555,,,6.35182,,
2001,499,"Montenegro",,,"Not applicable",,,"Not applicable"
2001,500,"Montserrat",77.9264,,,,,"Not available or not separately reported"
2001,504,"Morocco",83.1069,,,0.61327,,
2001,508,"Mozambique",37.6956,,,9.06127,,
2001,104,"Myanmar",18.1552,,,21.10839,,
2001,516,"Namibia",56.1923,,,9.26567,,
2001,524,"Nepal",56.5628,,,2.43445,,
2001,528,"Netherlands (Kingdom of the)",85.1029,,,5.11393,,
2001,540,"New Caledonia",93.4712,,,2.14031,,
2001,554,"New Zealand",79.0203,,,2.626,,
2001,558,"Nicaragua",48.4514,,,7.35683,,
2001,562,"Niger",81.0949,,,3.93669,,
2001,566,"Nigeria",35.1856,,,18.86921,,
2001,807,"North Macedonia",85.0977,,,5.19965,,
2001,579,"Norway",84.391,,,3.00504,,
2001,512,"Oman",74.1645,,,-0.84186,,
2001,586,"Pakistan",47.8086,,,4.41121,,
2001,585,"Palau",76.5961,,,-0.72649,,
2001,591,"Panama",77.8282,,,0.31359,,
2001,598,"Papua New Guinea",58.3257,,,9.29786,,
2001,600,"Paraguay",50.7296,,,7.26655,,
2001,604,"Peru",80.7259,,,1.97579,,
2001,608,"Philippines",67.0826,,,5.39528,,
2001,616,"Poland",79.907,,,5.50039,,
2001,620,"Portugal",81.9617,,,4.40961,,
2001,634,"Qatar",61.8881,,,1.72414,,
2001,642,"Romania",42.985,,,34.45418,,
2001,643,"Russian Federation",37.3655,,,21.47889,,
2001,646,"Rwanda",48.2712,,,3.35953,,
2001,659,"Saint Kitts and Nevis",73.7699,,,2.13682,,
2001,662,"Saint Lucia",81.2311,,,5.27355,,
2001,670,"Saint Vincent and the Grenadines",75.8987,,,1.87678,,
2001,882,"Samoa",58.4902,,,1.89227,,
2001,678,"Sao Tome and Principe",24.4105,,,9.2219,,
2001,682,"Saudi Arabia",80.2995,,,-1.11968,,
2001,686,"Senegal",84.0244,,,3.05313,,
2001,688,"Serbia",,,"Not applicable",,,"Not applicable"
2001,690,"Seychelles",50.7484,,,6.00015,,
2001,694,"Sierra Leone",46.4148,,,2.57185,,
2001,702,"Singapore",86.0219,,,1.01431,,
2001,534,"Sint Maarten (Dutch part)",,,"Not applicable",,,"Not applicable"
2001,703,"Slovakia",71.8926,,,7.14355,,
2001,705,"Slovenia",72.1083,,,8.37606,,
2001,090,"Solomon Islands",47.553,,,7.62904,,
2001,710,"South Africa",59.4146,,,5.70455,,
2001,728,"South Sudan",,,"Not applicable",,,"Not applicable"
2001,724,"Spain",77.839,,,2.82525,,
2001,144,"Sri Lanka",45.09,,,14.15719,,
2001,275,"State of Palestine",67.4188,,,1.22399,,
2001,729,"Sudan",,,"Not applicable",,,"Not applicable"
2001,736,"Sudan (...2011)",36.5367,,,1.93634,,
2001,740,"Suriname",39.0771,,,34.36419,,
2001,752,"Sweden",84.955,,,2.68099,,
2001,757,"Switzerland, Liechtenstein",92.653,,,0.99001,,
2001,438,"Liechtenstein",92.653,,,0.99001,"Estimated",
2001,756,"Switzerland",92.653,,,0.99001,"Estimated",
2001,760,"Syrian Arab Republic",61.099,,,0.41085,,
2001,762,"Tajikistan",39.2146,,,38.59173,,
2001,834,"Tanzania, United Republic of",55.3828,,,5.147,,
2001,764,"Thailand",78.6172,,,1.61035,,
2001,626,"Timor-Leste",,,"Not applicable",,,"Not applicable"
2001,768,"Togo",81.2959,,,5.07304,,
2001,776,"Tonga",50.469,,,7.25276,,
2001,780,"Trinidad and Tobago",53.8869,,,5.60169,,
2001,788,"Tunisia",73.4191,,,1.94491,,
2001,792,"Türkiye",30.8145,,,54.24523,,
2001,795,"Turkmenistan",55.5167,,,11.63171,,
2001,796,"Turks and Caicos Islands",77.3731,,,2.84553,,
2001,798,"Tuvalu",75.9911,,,1.531,,
2001,800,"Uganda",54.7174,,,1.92266,,
2001,804,"Ukraine",39.0168,,,11.95881,,
2001,784,"United Arab Emirates",64.4642,,,2.79986,,
2001,926,"United Kingdom",82.2853,,,1.23409,,
2001,826,"United Kingdom excl. Channel Islands and Isle of Man",82.2853,,,1.23409,"Estimated",
2001,842,"United States of America",81.1836,,,2.81662,,
2001,630,"Puerto Rico",76.6999,,,0.58283,,
2001,840,"United States of America excluding Puerto Rico and United States Virgin Islands",81.1836,,,2.81662,"Estimated",
2001,858,"Uruguay",45.3687,,,4.35749,,
2001,860,"Uzbekistan",32.7667,,,27.24289,,
2001,548,"Vanuatu",77.835,,,3.57755,,
2001,862,"Venezuela (Bolivarian Rep. of)",15.4041,,,12.53041,,
2001,704,"Viet Nam",47.5857,,,-0.30962,,
2001,887,"Yemen",39.6567,,,11.916,,
2001,894,"Zambia",28.9262,,,21.35815,,
2001,716,"Zimbabwe",111.8508,,,-37.198,,
2001,0000,"World",75.1445,,,3.82522,,
2001,5100,"Africa",46.8299,,,15.92611,,
2001,5110,"Northern Africa",59.5507,,,1.16856,,
2001,5120,"Sub-Saharan Africa",40.9555,,,24.67965,,
2001,5121,"Eastern Africa",43.477,,,1.84568,,
2001,5122,"Middle Africa",20.6714,,,122.38379,,
2001,5123,"Southern Africa",58.7357,,,5.84424,,
2001,5124,"Western Africa",40.091,,,16.25615,,
2001,5200,"Americas",76.3221,,,3.33748,,
2001,5210,"Northern America",81.3913,,,2.79405,,
2001,5220,"Latin America and the Caribbean",57.5931,,,5.83226,,
2001,5221,"Caribbean",53.7274,,,4.57818,,
2001,5222,"Central America",65.6296,,,6.41374,,
2001,5223,"South America",54.6111,,,5.64586,,
2001,5300,"Asia",74.1823,,,3.50783,,
2001,5310,"Central Asia",43.9495,,,14.28907,,
2001,5330,"Eastern Asia",88.8316,,,0.26764,,
2001,5350,"South-eastern Asia",62.1457,,,5.48739,,
2001,5320,"Southern Asia",48.0346,,,5.74713,,
2001,5340,"Western Asia",51.735,,,16.51835,,
2001,5400,"Europe",78.0611,,,3.70763,,
2001,5410,"Eastern Europe",47.4889,,,16.86896,,
2001,5420,"Northern Europe",82.7476,,,1.83794,,
2001,5430,"Southern Europe",79.8782,,,2.76214,,
2001,5440,"Western Europe",86.1016,,,2.14824,,
2001,5500,"Oceania",77.6025,,,4.21295,,
2001,5600,"Asia and Oceania",74.3961,,,3.55859,,
2001,5702,"Northern America and Europe",79.6738,,,3.25532,,
2001,5706,"Europe, Northern America, Australia and New Zealand",79.6142,,,3.28243,,
2001,5703,"Central and Southern Asia",47.6759,,,6.41297,,
2001,5704,"Eastern and South-Eastern Asia",84.8519,,,0.9235,,
2001,5705,"Western Asia and Northern Africa",53.3807,,,13.06112,,
2001,1400,"Developing economies",60.9898,,,6.84368,,
2001,1410,"Developing economies: Africa",46.8299,,,15.92611,,
2001,1420,"Developing economies: Americas",57.5931,,,5.83226,,
2001,1460,"Developing economies: Asia and Oceania",65.1277,,,5.82612,,
2001,1430,"Developing economies: Asia",65.1131,,,5.82823,,
2001,1450,"Developing economies: Oceania",70.5459,,,5.28514,,
2001,1500,"Developed economies",81.5618,,,2.85146,,
2001,1520,"Developed economies: Americas",81.3913,,,2.79405,,
2001,1560,"Developed economies: Asia and Oceania",92.2368,,,0.76758,,
2001,1530,"Developed economies: Asia",95.4909,,,0.13774,,
2001,1550,"Developed economies: Oceania",77.827,,,4.1801,,
2001,1540,"Developed economies: Europe",78.0611,,,3.70763,,
2001,1600,"Developing economies excluding China",54.5222,,,8.74823,,
2001,1601,"Developing economies excluding LDCs",62.3073,,,5.85658,,
2001,1610,"LDCs (Least developed countries)",34.254,,,35.46323,,
2001,1612,"LDCs: Asia",44.9896,,,6.01253,,
2001,1614,"LDCs: Africa",28.6498,,,56.33424,,
2001,1615,"LDCs: Islands and Haiti",39.2048,,,14.25418,,
2001,1620,"LLDCs (Landlocked developing countries)",47.3734,,,6.92314,,
2001,1640,"SIDS (Small island developing States) (UN-OHRLLS)",67.7813,,,3.1601,,
2001,1641,"SIDS: Atlantic and Indian Ocean",74.2942,,,1.55527,,
2001,1642,"SIDS: Caribbean",53.6164,,,5.05395,,
2001,1643,"SIDS: Pacific",83.2336,,,1.7258,,
2001,2623,"Low-income developing economies",42.4876,,,19.88077,,
2001,2622,"Middle-income developing economies",49.2295,,,9.07941,,
2001,2621,"High-income developing economies",66.5464,,,5.47953,,
2001,2711,"BRICS",64.5494,,,5.4837,,
2001,3412,"European Union (2020 …)",82.4385,,,2.93856,,
2001,3916,"G20 (Group of Twenty)",77.6414,,,3.42412,,
2001,3919,"G-77 (Group of 77)",61.4066,,,5.20513,,
2001,3905,"OECD (Organisation for Economic Cooperation and Development)",82.1871,,,2.99575,,
2002,0001,"Individual economies",,,"Not applicable",,,"Not applicable"
2002,008,"Albania",80.4354,,,5.20099,,
2002,012,"Algeria",74.4572,,,1.433,,
2002,020,"Andorra",81.6238,,,3.1274,,
2002,024,"Angola",15.3514,,,108.89149,,
2002,660,"Anguilla",71.9,,,0.55944,,
2002,028,"Antigua and Barbuda",84.1999,,,2.40818,,
2002,032,"Argentina",50.0519,,,25.86805,,
2002,051,"Armenia",67.71,,,1.03786,,
2002,533,"Aruba",76.5662,,,3.31507,,
2002,036,"Australia",80.0208,,,3.04858,,
2002,040,"Austria",86.5654,,,1.68252,,
2002,031,"Azerbaijan",51.3131,,,2.75709,,
2002,044,"Bahamas",83.1408,,,1.4987,,
2002,048,"Bahrain",81.9916,,,-0.49523,,
2002,050,"Bangladesh",57.8286,,,2.40627,,
2002,052,"Barbados",69.1326,,,0.16927,,
2002,112,"Belarus",36.8704,,,42.56887,,
2002,056,"Belgium",84.6677,,,1.5485,,
2002,084,"Belize",80.5397,,,2.19426,,
2002,204,"Benin",78.9924,,,2.74474,,
2002,060,"Bermuda",80.3846,,,2.33133,,
2002,064,"Bhutan",68.3345,,,2.939,,
2002,068,"Bolivia (Plurinational State of)",65.4365,,,0.9221,,
2002,070,"Bosnia and Herzegovina",81.3312,,,0.31298,,
2002,072,"Botswana",50.6744,,,8.02703,,
2002,076,"Brazil",60.8668,,,8.44998,,
2002,092,"British Virgin Islands",78.5447,,,0.39463,,
2002,096,"Brunei Darussalam",93.314,,,-2.31458,,
2002,100,"Bulgaria",63.5562,,,5.81285,,
2002,854,"Burkina Faso",81.6324,,,2.29908,,
2002,108,"Burundi",45.2445,,,-1.25817,,
2002,132,"Cabo Verde",83.2377,,,1.91765,,
2002,116,"Cambodia",60.6871,,,-0.03624,,
2002,120,"Cameroon",83.339,,,2.81657,,
2002,124,"Canada",85.8544,,,2.25908,,
2002,136,"Cayman Islands",83.2361,,,2.49121,,
2002,140,"Central African Republic",77.2078,,,2.2655,,
2002,148,"Chad",86.3893,,,5.19173,,
2002,152,"Chile",77.3074,,,2.48625,,
2002,156,"China",80.9622,,,-0.7366,,
2002,344,"China, Hong Kong SAR",91.4169,,,-3.04625,,
2002,446,"China, Macao SAR",76.8431,,,-2.63781,,
2002,158,"China, Taiwan Province of",90.9132,,,-0.19775,,
2002,170,"Colombia",66.8545,,,6.34921,,
2002,174,"Comoros",72.6628,,,3.57769,,
2002,178,"Congo",77.6353,,,2.98536,,
2002,180,"Congo, Dem. Rep. of the",25.0303,,,25.31644,,
2002,188,"Costa Rica",45.3728,,,9.16609,,
2002,384,"Côte d'Ivoire",84.5687,,,3.08011,,
2002,191,"Croatia",80.075,,,2.53476,,
2002,192,"Cuba",81.2014,,,8.60113,,
2002,531,"Curaçao",,,"Not applicable",,,"Not applicable"
2002,196,"Cyprus",82.5669,,,2.78036,,
2002,203,"Czechia",82.9956,,,1.90343,,
2002,208,"Denmark",86.2078,,,2.39748,,
2002,262,"Djibouti",72.1628,,,1.4056,,
2002,212,"Dominica",81.7371,,,0.1705,,
2002,214,"Dominican Republic",36.4872,,,5.2246,,
2002,218,"Ecuador",70.7739,,,12.48527,,
2002,818,"Egypt",49.0751,,,2.25342,,
2002,222,"El Salvador",75.4375,,,1.86875,,
2002,226,"Equatorial Guinea",67.6119,,,7.5813,,
2002,232,"Eritrea",27.2495,,,16.87688,,
2002,233,"Estonia",72.4248,,,3.58862,,
2002,748,"Eswatini",59.7159,,,11.86912,,
2002,231,"Ethiopia",32.677,,,1.65353,,
2002,230,"Ethiopia (...1991)",,,"Not applicable",,,"Not applicable"
2002,242,"Fiji",73.3414,,,0.72194,,
2002,246,"Finland",88.5388,,,2.0067,,
2002,251,"France",86.3017,,,1.93919,"Estimated",
2002,250,"France, metropolitan",86.3017,,,1.93919,,
2002,492,"Monaco",86.3017,,,1.93919,"Estimated",
2002,258,"French Polynesia",89.5058,,,2.91328,,
2002,266,"Gabon",90.8045,,,0.16449,,
2002,270,"Gambia",57.74,,,8.60973,,
2002,268,"Georgia",58.392,,,5.6066,,
2002,276,"Germany",87.9655,,,1.32657,,
2002,288,"Ghana",35.0165,,,14.84774,,
2002,300,"Greece",77.0462,,,3.92211,,
2002,308,"Grenada",76.6576,,,1.06807,,
2002,320,"Guatemala",60.1624,,,8.13613,,
2002,324,"Guinea",24.6512,,,2.9607,,
2002,624,"Guinea-Bissau",84.8811,,,3.30227,,
2002,328,"Guyana",60.6814,,,5.36047,,
2002,332,"Haiti",38.6138,,,6.5535,,
2002,340,"Honduras",56.8285,,,7.69045,,
2002,348,"Hungary",66.476,,,5.26499,,
2002,352,"Iceland",61.263,,,5.17676,,
2002,356,"India",57.8813,,,3.98292,,
2002,360,"Indonesia",,,"Not applicable",,,"Not applicable"
2002,960,"Indonesia (...2002)",54.9017,,,11.90235,,
2002,364,"Iran (Islamic Republic of)",32.9073,,,15.83024,,
2002,368,"Iraq",20.8849,,,19.49686,,
2002,372,"Ireland",87.2817,,,4.68579,,
2002,376,"Israel",86.4279,,,5.68664,,
2002,380,"Italy",84.1977,,,2.6112,,
2002,388,"Jamaica",38.9126,,,6.99191,,
2002,392,"Japan",100.9765,,,-0.89735,,
2002,400,"Jordan",71.1083,,,1.83475,,
2002,398,"Kazakhstan",50.4756,,,5.85293,,
2002,404,"Kenya",50.616,,,1.96535,,
2002,296,"Kiribati",80.8585,,,3.17597,,
2002,410,"Korea, Republic of",78.1888,,,2.76176,,
2002,414,"Kuwait",74.3429,,,0.79641,,
2002,417,"Kyrgyzstan",53.494,,,2.13262,,
2002,418,"Lao People's Dem. Rep.",57.4199,,,10.63276,,
2002,428,"Latvia",62.0612,,,1.96366,,
2002,426,"Lesotho",60.9331,,,12.56129,,
2002,430,"Liberia",49.5422,,,14.16063,,
2002,434,"Libya",78.6554,,,-9.8629,,
2002,440,"Lithuania",75.7114,,,0.33552,,
2002,442,"Luxembourg",80.4967,,,2.05901,,
2002,450,"Madagascar",47.4581,,,16.49773,,
2002,454,"Malawi",45.5643,,,14.74265,,
2002,458,"Malaysia",83.0079,,,1.79255,,
2002,462,"Maldives",68.7183,,,0.92687,,
2002,466,"Mali",84.3876,,,5.03118,,
2002,470,"Malta",82.9021,,,2.61337,,
2002,478,"Mauritania",57.815,,,3.89412,,
2002,480,"Mauritius",64.5842,,,6.41322,,
2002,484,"Mexico",70.7196,,,5.03783,,
2002,583,"Micronesia (Federated States of)",73.2526,,,-0.16,,
2002,498,"Moldova, Republic of",46.4649,,,5.21859,,
2002,496,"Mongolia",45.7301,,,1.0486,,
2002,499,"Montenegro",,,"Not applicable",,,"Not applicable"
2002,500,"Montserrat",81.0274,,,3.97931,,
2002,504,"Morocco",85.4171,,,2.77979,,
2002,508,"Mozambique",44.0157,,,16.76633,,
2002,104,"Myanmar",28.5168,,,57.0723,,
2002,516,"Namibia",62.5293,,,11.2773,,
2002,524,"Nepal",58.2012,,,2.89664,,
2002,528,"Netherlands (Kingdom of the)",88.3818,,,3.85278,,
2002,540,"New Caledonia",95.2122,,,1.86263,,
2002,554,"New Zealand",81.1354,,,2.67671,,
2002,558,"Nicaragua",50.2686,,,3.75065,,
2002,562,"Niger",83.1265,,,2.50524,,
2002,566,"Nigeria",39.7171,,,12.87865,,
2002,807,"North Macedonia",86.0077,,,1.06938,,
2002,579,"Norway",85.476,,,1.28568,,
2002,512,"Oman",73.9535,,,-0.28445,,
2002,586,"Pakistan",49.4993,,,3.53647,,
2002,585,"Palau",76.3869,,,-0.27309,,
2002,591,"Panama",78.6059,,,0.99916,,
2002,598,"Papua New Guinea",65.208,,,11.79975,,
2002,600,"Paraguay",56.0611,,,10.50949,,
2002,604,"Peru",80.8805,,,0.19155,,
2002,608,"Philippines",68.9315,,,2.75614,,
2002,616,"Poland",81.4252,,,1.89995,,
2002,620,"Portugal",84.9953,,,3.70118,,
2002,634,"Qatar",61.8881,,,0,,
2002,642,"Romania",52.656,,,22.49855,,
2002,643,"Russian Federation",43.2645,,,15.78734,,
2002,646,"Rwanda",49.2268,,,1.97964,,
2002,659,"Saint Kitts and Nevis",75.3034,,,2.07877,,
2002,662,"Saint Lucia",81.0228,,,-0.25635,,
2002,670,"Saint Vincent and the Grenadines",76.4657,,,0.74709,,
2002,882,"Samoa",62.8363,,,7.4304,,
2002,674,"San Marino",83.7541,,,,,"Not available or not separately reported"
2002,678,"Sao Tome and Principe",26.8831,,,10.12935,,
2002,682,"Saudi Arabia",80.3884,,,0.11073,,
2002,686,"Senegal",86.0395,,,2.39824,,
2002,688,"Serbia",,,"Not applicable",,,"Not applicable"
2002,690,"Seychelles",50.8495,,,0.19922,,
2002,694,"Sierra Leone",46.4689,,,0.11646,,
2002,702,"Singapore",85.6855,,,-0.39101,,
2002,534,"Sint Maarten (Dutch part)",,,"Not applicable",,,"Not applicable"
2002,703,"Slovakia",74.401,,,3.48913,,
2002,705,"Slovenia",77.4991,,,7.47598,,
2002,090,"Solomon Islands",52.0063,,,9.36493,,
2002,710,"South Africa",64.7873,,,9.04279,,
2002,728,"South Sudan",,,"Not applicable",,,"Not applicable"
2002,724,"Spain",80.6335,,,3.59021,,
2002,144,"Sri Lanka",49.3974,,,9.55272,,
2002,275,"State of Palestine",71.2634,,,5.7026,,
2002,729,"Sudan",,,"Not applicable",,,"Not applicable"
2002,736,"Sudan (...2011)",44.6569,,,22.22497,,
2002,740,"Suriname",45.1403,,,15.51585,,
2002,752,"Sweden",86.5997,,,1.93596,,
2002,757,"Switzerland, Liechtenstein",93.2474,,,0.6415,,
2002,438,"Liechtenstein",93.2474,,,0.6415,"Estimated",
2002,756,"Switzerland",93.2474,,,0.6415,"Estimated",
2002,760,"Syrian Arab Republic",59.361,,,-2.84456,,
2002,762,"Tajikistan",44.0094,,,12.22718,,
2002,834,"Tanzania, United Republic of",57.9058,,,4.55553,,
2002,764,"Thailand",79.1371,,,0.66131,,
2002,626,"Timor-Leste",,,"Not applicable",,,"Not applicable"
2002,768,"Togo",83.5152,,,2.72998,,
2002,776,"Tonga",55.5092,,,9.98684,,
2002,780,"Trinidad and Tobago",56.1183,,,4.14091,,
2002,788,"Tunisia",75.4114,,,2.71359,,
2002,792,"Türkiye",44.7225,,,45.13488,,
2002,795,"Turkmenistan",60.3763,,,8.75344,,
2002,796,"Turks and Caicos Islands",78.5964,,,1.58103,,
2002,798,"Tuvalu",79.8292,,,5.05067,,
2002,800,"Uganda",54.5523,,,-0.3017,,
2002,804,"Ukraine",39.3123,,,0.75742,,
2002,784,"United Arab Emirates",66.3454,,,2.91829,,
2002,926,"United Kingdom",83.3208,,,1.25846,,
2002,826,"United Kingdom excl. Channel Islands and Isle of Man",83.3208,,,1.25846,"Estimated",
2002,842,"United States of America",82.479,,,1.59567,,
2002,630,"Puerto Rico",76.8456,,,0.19,,
2002,840,"United States of America excluding Puerto Rico and United States Virgin Islands",82.479,,,1.59567,"Estimated",
2002,858,"Uruguay",51.7039,,,13.9638,,
2002,860,"Uzbekistan",41.7105,,,27.29531,,
2002,548,"Vanuatu",79.3633,,,1.96357,,
2002,862,"Venezuela (Bolivarian Rep. of)",18.8595,,,22.43154,,
2002,704,"Viet Nam",49.5261,,,4.07781,,
2002,887,"Yemen",44.5102,,,12.23864,,
2002,894,"Zambia",35.359,,,22.2389,,
2002,716,"Zimbabwe",73.3241,,,-34.44476,,
2002,0000,"World",77.4618,,,3.08368,,
2002,5100,"Africa",51.3822,,,9.72097,,
2002,5110,"Northern Africa",61.1783,,,2.73313,,
2002,5120,"Sub-Saharan Africa",46.6341,,,13.86516,,
2002,5121,"Eastern Africa",44.6684,,,2.74035,,
2002,5122,"Middle Africa",30.7319,,,48.66878,,
2002,5123,"Southern Africa",64.0847,,,9.10697,,
2002,5124,"Western Africa",44.3398,,,10.59796,,
2002,5200,"Americas",78.5783,,,2.95624,,
2002,5210,"Northern America",82.7324,,,1.6477,,
2002,5220,"Latin America and the Caribbean",62.782,,,9.00954,,
2002,5221,"Caribbean",56.727,,,5.58305,,
2002,5222,"Central America",69.0169,,,5.16127,,
2002,5223,"South America",60.6557,,,11.06862,,
2002,5300,"Asia",76.2165,,,2.74221,,
2002,5310,"Central Asia",48.978,,,11.44148,,
2002,5330,"Eastern Asia",88.3916,,,-0.49527,,
2002,5350,"South-eastern Asia",65.766,,,5.82551,,
2002,5320,"Southern Asia",50.9725,,,6.11619,,
2002,5340,"Western Asia",59.2387,,,14.50417,,
2002,5400,"Europe",80.3933,,,2.98765,,
2002,5410,"Eastern Europe",52.825,,,11.23662,,
2002,5420,"Northern Europe",84.0903,,,1.62268,,
2002,5430,"Southern Europe",82.3433,,,3.08614,,
2002,5440,"Western Europe",87.5926,,,1.7317,,
2002,5500,"Oceania",80.0048,,,3.09555,,
2002,5600,"Asia and Oceania",76.4553,,,2.76785,,
2002,5702,"Northern America and Europe",81.529,,,2.32851,,
2002,5706,"Europe, Northern America, Australia and New Zealand",81.484,,,2.34866,,
2002,5703,"Central and Southern Asia",50.8003,,,6.55328,,
2002,5704,"Eastern and South-Eastern Asia",85.1021,,,0.29488,,
2002,5705,"Western Asia and Northern Africa",59.6517,,,11.74766,,
2002,1400,"Developing economies",64.8492,,,6.32799,,
2002,1410,"Developing economies: Africa",51.3822,,,9.72097,,
2002,1420,"Developing economies: Americas",62.782,,,9.00954,,
2002,1460,"Developing economies: Asia and Oceania",68.1312,,,4.61162,,
2002,1430,"Developing economies: Asia",68.1118,,,4.60538,,
2002,1450,"Developing economies: Oceania",74.9677,,,6.26806,,
2002,1500,"Developed economies",83.2109,,,2.02189,,
2002,1520,"Developed economies: Americas",82.7324,,,1.6477,,
2002,1560,"Developed economies: Asia and Oceania",92.64,,,0.43711,,
2002,1530,"Developed economies: Asia",95.4435,,,-0.04961,,
2002,1550,"Developed economies: Oceania",80.1628,,,3.00124,,
2002,1540,"Developed economies: Europe",80.3933,,,2.98765,,
2002,1600,"Developing economies excluding China",59.2484,,,8.66838,,
2002,1601,"Developing economies excluding LDCs",65.9365,,,5.82468,,
2002,1610,"LDCs (Least developed countries)",41.292,,,20.54634,,
2002,1612,"LDCs: Asia",49.628,,,10.31003,,
2002,1614,"LDCs: Africa",36.7095,,,28.13186,,
2002,1615,"LDCs: Islands and Haiti",41.7721,,,6.54842,,
2002,1620,"LLDCs (Landlocked developing countries)",50.3733,,,6.33251,,
2002,1640,"SIDS (Small island developing States) (UN-OHRLLS)",69.8413,,,3.03932,,
2002,1641,"SIDS: Atlantic and Indian Ocean",75.6175,,,1.78117,,
2002,1642,"SIDS: Caribbean",56.688,,,5.72903,,
2002,1643,"SIDS: Pacific",83.8467,,,0.7366,,
2002,2623,"Low-income developing economies",46.5534,,,9.56936,,
2002,2622,"Middle-income developing economies",53.2076,,,8.08062,,
2002,2621,"High-income developing economies",70.2619,,,5.5833,,
2002,2711,"BRICS",67.3394,,,4.32223,,
2002,3412,"European Union (2020 …)",84.5023,,,2.50349,,
2002,3916,"G20 (Group of Twenty)",79.8301,,,2.81905,,
2002,3919,"G-77 (Group of 77)",64.6469,,,5.27687,,
2002,3905,"OECD (Organisation for Economic Cooperation and Development)",83.9748,,,2.17514,,
2003,0001,"Individual economies",,,"Not applicable",,,"Not applicable"
2003,008,"Albania",82.3363,,,2.36325,,
2003,012,"Algeria",77.6297,,,4.26094,,
2003,020,"Andorra",84.1182,,,3.05593,,
2003,024,"Angola",30.4287,,,98.21479,,
2003,660,"Anguilla",74.2,,,3.19889,,
2003,028,"Antigua and Barbuda",85.8783,,,1.99332,,
2003,032,"Argentina",56.7803,,,13.44281,,
2003,051,"Armenia",70.8809,,,4.68292,,
2003,533,"Aruba",79.365,,,3.65536,,
2003,036,"Australia",82.206,,,2.73082,,
2003,040,"Austria",87.6919,,,1.30139,,
2003,031,"Azerbaijan",52.4019,,,2.12189,,
2003,044,"Bahamas",86.1811,,,3.65677,,
2003,048,"Bahrain",83.368,,,1.67881,,
2003,050,"Bangladesh",60.0725,,,3.88032,,
2003,052,"Barbados",70.2225,,,1.57652,,
2003,112,"Belarus",47.3408,,,28.39791,,
2003,056,"Belgium",85.9512,,,1.51591,,
2003,084,"Belize",82.6517,,,2.62224,,
2003,204,"Benin",80.4245,,,1.81295,,
2003,060,"Bermuda",82.972,,,3.21882,,
2003,064,"Bhutan",70.0235,,,2.47172,,
2003,068,"Bolivia (Plurinational State of)",67.6201,,,3.33699,,
2003,070,"Bosnia and Herzegovina",81.7763,,,0.54729,,
2003,072,"Botswana",55.3285,,,9.18441,,
2003,076,"Brazil",69.823,,,14.71446,,
2003,092,"British Virgin Islands",81.3852,,,3.61635,,
2003,096,"Brunei Darussalam",93.594,,,0.30006,,
2003,100,"Bulgaria",65.048,,,2.34716,,
2003,854,"Burkina Faso",83.298,,,2.04036,,
2003,108,"Burundi",50.0284,,,10.57339,,
2003,132,"Cabo Verde",84.2268,,,1.18829,,
2003,116,"Cambodia",61.3105,,,1.02712,,
2003,120,"Cameroon",83.8646,,,0.63076,,
2003,124,"Canada",88.2224,,,2.75822,,
2003,136,"Cayman Islands",83.691,,,0.54652,,
2003,140,"Central African Republic",80.5938,,,4.38553,,
2003,148,"Chad",84.8757,,,-1.75214,,
2003,152,"Chile",79.4795,,,2.80976,,
2003,156,"China",81.8737,,,1.1259,,
2003,344,"China, Hong Kong SAR",89.0515,,,-2.58749,,
2003,446,"China, Macao SAR",75.6429,,,-1.56184,,
2003,158,"China, Taiwan Province of",90.6584,,,-0.28021,,
2003,170,"Colombia",71.6141,,,7.11936,,
2003,174,"Comoros",75.3613,,,3.71383,,
2003,178,"Congo",78.9472,,,1.68993,,
2003,180,"Congo, Dem. Rep. of the",28.2384,,,12.81675,,
2003,188,"Costa Rica",49.6595,,,9.44782,,
2003,384,"Côte d'Ivoire",87.3575,,,3.29763,,
2003,191,"Croatia",81.9951,,,2.39788,,
2003,192,"Cuba",81.7668,,,0.69626,,
2003,531,"Curaçao",,,"Not applicable",,,"Not applicable"
2003,196,"Cyprus",85.851,,,3.97748,,
2003,203,"Czechia",83.0945,,,0.11917,,
2003,208,"Denmark",87.899,,,1.9618,,
2003,262,"Djibouti",73.3102,,,1.59001,,
2003,212,"Dominica",82.9251,,,1.45348,,
2003,214,"Dominican Republic",46.5016,,,27.44626,,
2003,218,"Ecuador",76.3863,,,7.93009,,
2003,818,"Egypt",50.7505,,,3.41402,,
2003,222,"El Salvador",77.037,,,2.12032,,
2003,226,"Equatorial Guinea",72.5634,,,7.32329,,
2003,232,"Eritrea",33.4266,,,22.66904,,
2003,233,"Estonia",73.4286,,,1.38603,,
2003,748,"Eswatini",64.0608,,,7.27586,,
2003,231,"Ethiopia",38.4812,,,17.76253,,
2003,230,"Ethiopia (...1991)",,,"Not applicable",,,"Not applicable"
2003,242,"Fiji",76.4354,,,4.21866,,
2003,246,"Finland",89.6816,,,1.29076,,
2003,251,"France",88.1741,,,2.16965,"Estimated",
2003,250,"France, metropolitan",88.1741,,,2.16965,,
2003,492,"Monaco",88.1741,,,2.16965,"Estimated",
2003,258,"French Polynesia",89.8799,,,0.4179,,
2003,266,"Gabon",92.7155,,,2.10451,,
2003,270,"Gambia",67.5741,,,17.03165,,
2003,268,"Georgia",61.173,,,4.76264,,
2003,276,"Germany",88.9099,,,1.07362,,
2003,288,"Ghana",44.3392,,,26.62385,,
2003,300,"Greece",79.7041,,,3.44984,,
2003,308,"Grenada",78.3097,,,2.15513,,
2003,320,"Guatemala",63.5324,,,5.60148,,
2003,324,"Guinea",27.3717,,,11.0361,,
2003,624,"Guinea-Bissau",81.9324,,,-3.47391,,
2003,328,"Guyana",64.3094,,,5.97878,,
2003,332,"Haiti",47.2013,,,22.23932,,
2003,340,"Honduras",61.1896,,,7.67424,,
2003,348,"Hungary",69.5759,,,4.6632,,
2003,352,"Iceland",62.5262,,,2.06192,,
2003,356,"India",60.1172,,,3.86282,,
2003,360,"Indonesia",58.6312,,,,,"Not available or not separately reported"
2003,960,"Indonesia (...2002)",,,"Not applicable",,,"Not applicable"
2003,364,"Iran (Islamic Republic of)",38.0317,,,15.57204,,
2003,368,"Iraq",27.9198,,,33.68421,,
2003,372,"Ireland",90.7737,,,4.00081,,
2003,376,"Israel",87.0074,,,0.67044,,
2003,380,"Italy",86.5662,,,2.81296,,
2003,388,"Jamaica",42.8546,,,10.13028,,
2003,392,"Japan",100.7108,,,-0.26318,,
2003,400,"Jordan",72.2655,,,1.62733,,
2003,398,"Kazakhstan",53.7299,,,6.44723,,
2003,404,"Kenya",55.579,,,9.80521,,
2003,296,"Kiribati",82.1783,,,1.6322,,
2003,410,"Korea, Republic of",80.9373,,,3.51527,,
2003,414,"Kuwait",75.0759,,,0.98603,,
2003,417,"Kyrgyzstan",55.086,,,2.97603,,
2003,418,"Lao People's Dem. Rep.",66.3134,,,15.48856,,
2003,428,"Latvia",63.8858,,,2.9399,,
2003,426,"Lesotho",65.2993,,,7.16556,,
2003,430,"Liberia",54.6601,,,10.33039,,
2003,434,"Libya",77.0369,,,-2.05777,,
2003,440,"Lithuania",74.8956,,,-1.0775,,
2003,442,"Luxembourg",82.5319,,,2.52829,,
2003,450,"Madagascar",46.65,,,-1.70274,,
2003,454,"Malawi",49.9294,,,9.58026,,
2003,458,"Malaysia",83.8987,,,1.07321,,
2003,462,"Maldives",66.7924,,,-2.80254,,
2003,466,"Mali",83.2907,,,-1.29983,,
2003,470,"Malta",84.5025,,,1.93048,,
2003,584,"Marshall Islands",74.7768,,,,,"Not available or not separately reported"
2003,478,"Mauritania",60.794,,,5.15264,,
2003,480,"Mauritius",66.3185,,,2.68523,,
2003,484,"Mexico",73.9371,,,4.54966,,
2003,583,"Micronesia (Federated States of)",73.0734,,,-0.2446,,
2003,498,"Moldova, Republic of",51.8859,,,11.66686,,
2003,496,"Mongolia",48.0389,,,5.04873,,
2003,499,"Montenegro",,,"Not applicable",,,"Not applicable"
2003,500,"Montserrat",81.9624,,,1.15391,,
2003,504,"Morocco",86.4098,,,1.16218,,
2003,508,"Mozambique",49.9385,,,13.45597,,
2003,104,"Myanmar",42.1043,,,47.64737,,
2003,516,"Namibia",67.0463,,,7.22392,,
2003,524,"Nepal",60.9614,,,4.74245,,
2003,528,"Netherlands (Kingdom of the)",90.3482,,,2.22493,,
2003,540,"New Caledonia",96.1915,,,1.02857,,
2003,554,"New Zealand",82.5583,,,1.75377,,
2003,558,"Nicaragua",52.9344,,,5.30314,,
2003,562,"Niger",81.8999,,,-1.47548,,
2003,566,"Nigeria",45.2914,,,14.03509,,
2003,807,"North Macedonia",86.7437,,,0.85575,,
2003,579,"Norway",87.603,,,2.48842,,
2003,512,"Oman",74.0906,,,0.18535,,
2003,586,"Pakistan",51.0357,,,3.10373,,
2003,585,"Palau",76.8817,,,0.64766,,
2003,591,"Panama",78.6513,,,0.05776,,
2003,598,"Papua New Guinea",74.7995,,,14.70902,,
2003,600,"Paraguay",64.0376,,,14.22829,,
2003,604,"Peru",82.7095,,,2.26138,,
2003,608,"Philippines",70.4646,,,2.22414,,
2003,616,"Poland",82.0234,,,0.73463,,
2003,620,"Portugal",87.7467,,,3.23716,,
2003,634,"Qatar",63.2867,,,2.25989,,
2003,642,"Romania",60.75,,,15.37147,,
2003,643,"Russian Federation",49.1772,,,13.66629,,
2003,646,"Rwanda",52.8917,,,7.44491,,
2003,659,"Saint Kitts and Nevis",77.0111,,,2.2678,,
2003,662,"Saint Lucia",81.8615,,,1.03506,,
2003,670,"Saint Vincent and the Grenadines",76.5621,,,0.12597,,
2003,882,"Samoa",65.5793,,,4.36536,,
2003,674,"San Marino",84.8759,,,1.33939,,
2003,678,"Sao Tome and Principe",29.516,,,9.79372,,
2003,682,"Saudi Arabia",80.7737,,,0.47928,,
2003,686,"Senegal",85.9977,,,-0.04857,,
2003,688,"Serbia",,,"Not applicable",,,"Not applicable"
2003,690,"Seychelles",52.5275,,,3.29997,,
2003,694,"Sierra Leone",48.3259,,,3.99617,,
2003,702,"Singapore",86.1031,,,0.48734,,
2003,534,"Sint Maarten (Dutch part)",,,"Not applicable",,,"Not applicable"
2003,703,"Slovakia",80.6633,,,8.41701,,
2003,705,"Slovenia",81.7923,,,5.53961,,
2003,090,"Solomon Islands",57.2472,,,10.07743,,
2003,710,"South Africa",68.6227,,,5.92,,
2003,728,"South Sudan",,,"Not applicable",,,"Not applicable"
2003,724,"Spain",83.1358,,,3.10325,,
2003,144,"Sri Lanka",53.8271,,,8.96763,,
2003,275,"State of Palestine",74.4024,,,4.40486,,
2003,729,"Sudan",,,"Not applicable",,,"Not applicable"
2003,736,"Sudan (...2011)",47.5549,,,6.48938,,
2003,740,"Suriname",55.5222,,,22.9994,,
2003,752,"Sweden",88.6074,,,2.31831,,
2003,757,"Switzerland, Liechtenstein",93.8408,,,0.63636,,
2003,438,"Liechtenstein",93.8408,,,0.63636,"Estimated",
2003,756,"Switzerland",93.8408,,,0.63636,"Estimated",
2003,760,"Syrian Arab Republic",62.802,,,5.79674,,
2003,762,"Tajikistan",51.2074,,,16.35567,,
2003,834,"Tanzania, United Republic of",60.4704,,,4.4289,,
2003,764,"Thailand",80.5711,,,1.81201,,
2003,626,"Timor-Leste",74.6964,,,,,"Not available or not separately reported"
2003,768,"Togo",82.7371,,,-0.93166,,
2003,776,"Tonga",61.4316,,,10.66916,,
2003,780,"Trinidad and Tobago",58.2406,,,3.78185,,
2003,788,"Tunisia",77.4621,,,2.71936,,
2003,792,"Türkiye",56.0538,,,25.33684,,
2003,795,"Turkmenistan",63.7495,,,5.58702,,
2003,796,"Turks and Caicos Islands",80.3876,,,2.27904,,
2003,798,"Tuvalu",82.1554,,,2.91396,,
2003,800,"Uganda",59.3047,,,8.7116,,
2003,804,"Ukraine",41.3604,,,5.20989,,
2003,784,"United Arab Emirates",68.415,,,3.1193,,
2003,926,"United Kingdom",84.4559,,,1.36227,,
2003,826,"United Kingdom excl. Channel Islands and Isle of Man",84.4559,,,1.36227,"Estimated",
2003,842,"United States of America",84.3743,,,2.29781,,
2003,630,"Puerto Rico",77.9119,,,1.38758,,
2003,840,"United States of America excluding Puerto Rico and United States Virgin Islands",84.3743,,,2.29781,"Estimated",
2003,858,"Uruguay",61.7232,,,19.37828,,
2003,860,"Uzbekistan",46.9227,,,12.49625,,
2003,548,"Vanuatu",81.7571,,,3.01624,,
2003,862,"Venezuela (Bolivarian Rep. of)",24.7232,,,31.09112,,
2003,704,"Viet Nam",51.162,,,3.30309,,
2003,887,"Yemen",49.331,,,10.83089,,
2003,894,"Zambia",42.9263,,,21.40131,,
2003,716,"Zimbabwe",67.0442,,,-8.56449,,
2003,0000,"World",79.9953,,,3.27067,,
2003,5100,"Africa",56.5462,,,10.05025,,
2003,5110,"Northern Africa",63.0104,,,2.99466,,
2003,5120,"Sub-Saharan Africa",53.2126,,,14.10674,,
2003,5121,"Eastern Africa",48.5013,,,8.58086,,
2003,5122,"Middle Africa",44.3041,,,44.16343,,
2003,5123,"Southern Africa",67.9866,,,6.08866,,
2003,5124,"Western Africa",49.8037,,,12.32272,,
2003,5200,"Americas",81.4574,,,3.66391,,
2003,5210,"Northern America",84.6638,,,2.33451,,
2003,5220,"Latin America and the Caribbean",68.9944,,,9.89522,,
2003,5221,"Caribbean",62.357,,,9.92464,,
2003,5222,"Central America",72.2267,,,4.65077,,
2003,5223,"South America",68.1552,,,12.36395,,
2003,5300,"Asia",78.3007,,,2.73465,,
2003,5310,"Central Asia",52.8756,,,7.95795,,
2003,5330,"Eastern Asia",88.9236,,,0.60186,,
2003,5350,"South-eastern Asia",68.4938,,,4.14773,,
2003,5320,"Southern Asia",54.0851,,,6.1066,,
2003,5340,"Western Asia",65.2301,,,10.11409,,
2003,5400,"Europe",82.5877,,,2.72961,,
2003,5410,"Eastern Europe",57.8145,,,9.44531,,
2003,5420,"Northern Europe",85.5239,,,1.7049,,
2003,5430,"Southern Europe",84.795,,,2.97735,,
2003,5440,"Western Europe",88.9297,,,1.5265,,
2003,5500,"Oceania",82.1935,,,2.73578,,
2003,5600,"Asia and Oceania",78.5461,,,2.73473,,
2003,5702,"Northern America and Europe",83.5957,,,2.53489,,
2003,5706,"Europe, Northern America, Australia and New Zealand",83.5513,,,2.53701,,
2003,5703,"Central and Southern Asia",53.9814,,,6.26201,,
2003,5704,"Eastern and South-Eastern Asia",85.9938,,,1.0478,,
2003,5705,"Western Asia and Northern Africa",64.6755,,,8.42188,,
2003,1400,"Developing economies",68.9335,,,6.29818,,
2003,1410,"Developing economies: Africa",56.5462,,,10.05025,,
2003,1420,"Developing economies: Americas",68.9944,,,9.89522,,
2003,1460,"Developing economies: Asia and Oceania",70.9989,,,4.20909,,
2003,1430,"Developing economies: Asia",70.9713,,,4.19821,,
2003,1450,"Developing economies: Oceania",80.3682,,,7.20377,,
2003,1500,"Developed economies",85.0849,,,2.25213,,
2003,1520,"Developed economies: Americas",84.6638,,,2.33451,,
2003,1560,"Developed economies: Asia and Oceania",93.373,,,0.79128,,
2003,1530,"Developed economies: Asia",95.8637,,,0.44017,,
2003,1550,"Developed economies: Oceania",82.2505,,,2.60441,,
2003,1540,"Developed economies: Europe",82.5877,,,2.72961,,
2003,1600,"Developing economies excluding China",64.0568,,,8.11558,,
2003,1601,"Developing economies excluding LDCs",69.7917,,,5.84679,,
2003,1610,"LDCs (Least developed countries)",49.0938,,,18.89418,,
2003,1612,"LDCs: Asia",54.8323,,,10.48655,,
2003,1614,"LDCs: Africa",45.6886,,,24.45969,,
2003,1615,"LDCs: Islands and Haiti",50.1474,,,20.05024,,
2003,1620,"LLDCs (Landlocked developing countries)",54.2152,,,7.62696,,
2003,1640,"SIDS (Small island developing States) (UN-OHRLLS)",73.5789,,,5.35146,,
2003,1641,"SIDS: Atlantic and Indian Ocean",77.0499,,,1.89425,,
2003,1642,"SIDS: Caribbean",62.3805,,,10.0418,,
2003,1643,"SIDS: Pacific",85.196,,,1.60932,,
2003,2623,"Low-income developing economies",50.2898,,,8.02601,,
2003,2622,"Middle-income developing economies",57.4072,,,7.89295,,
2003,2621,"High-income developing economies",74.2528,,,5.67999,,
2003,2711,"BRICS",71.3308,,,5.9273,,
2003,3412,"European Union (2020 …)",86.3839,,,2.22659,,
2003,3916,"G20 (Group of Twenty)",82.1919,,,2.9585,,
2003,3919,"G-77 (Group of 77)",68.5611,,,6.05477,,
2003,3905,"OECD (Organisation for Economic Cooperation and Development)",85.8733,,,2.2607,,
2004,0001,"Individual economies",,,"Not applicable",,,"Not applicable"
2004,008,"Albania",84.6971,,,2.86727,,
2004,012,"Algeria",80.7106,,,3.96861,,
2004,020,"Andorra",86.5626,,,2.90592,,
2004,024,"Angola",43.6736,,,43.52771,,
2004,660,"Anguilla",77.5,,,4.44744,,
2004,028,"Antigua and Barbuda",87.6218,,,2.0302,,
2004,032,"Argentina",59.287,,,4.41481,,
2004,051,"Armenia",75.7632,,,6.88817,,
2004,533,"Aruba",81.3728,,,2.52982,,
2004,036,"Australia",84.1311,,,2.34177,,
2004,040,"Austria",89.4119,,,1.96136,,
2004,031,"Azerbaijan",55.9171,,,6.70814,,
2004,044,"Bahamas",87.1813,,,1.16064,,
2004,048,"Bahrain",85.243,,,2.24902,,
2004,050,"Bangladesh",64.9622,,,8.13959,,
2004,052,"Barbados",71.2256,,,1.42853,,
2004,112,"Belarus",55.9063,,,18.09345,,
2004,056,"Belgium",87.5474,,,1.85712,,
2004,084,"Belize",85.1866,,,3.06705,,
2004,204,"Benin",81.4983,,,1.33516,,
2004,060,"Bermuda",85.8742,,,3.49779,,
2004,064,"Bhutan",72.3668,,,3.34635,,
2004,068,"Bolivia (Plurinational State of)",70.621,,,4.4378,,
2004,070,"Bosnia and Herzegovina",82.0061,,,0.28106,,
2004,072,"Botswana",59.1947,,,6.98772,,
2004,076,"Brazil",74.4299,,,6.598,,
2004,092,"British Virgin Islands",82.1879,,,0.98634,,
2004,096,"Brunei Darussalam",94.356,,,0.81415,,
2004,100,"Bulgaria",69.0485,,,6.15,,
2004,854,"Burkina Faso",82.9653,,,-0.3994,,
2004,108,"Burundi",54.1193,,,8.17723,,
2004,132,"Cabo Verde",82.6344,,,-1.89061,,
2004,116,"Cambodia",63.7165,,,3.92436,,
2004,120,"Cameroon",84.0742,,,0.24984,,
2004,124,"Canada",89.8606,,,1.85693,,
2004,136,"Cayman Islands",87.433,,,4.47128,,
2004,140,"Central African Republic",78.504,,,-2.59295,,
2004,148,"Chad",80.7998,,,-4.80223,,
2004,152,"Chile",80.3157,,,1.05214,,
2004,156,"China",85.0101,,,3.83069,,
2004,344,"China, Hong Kong SAR",88.7258,,,-0.3658,,
2004,446,"China, Macao SAR",76.3845,,,0.98041,,
2004,158,"China, Taiwan Province of",92.1176,,,1.60958,,
2004,170,"Colombia",75.8446,,,5.9073,,
2004,174,"Comoros",78.7497,,,4.49612,,
2004,178,"Congo",81.8446,,,3.66998,,
2004,180,"Congo, Dem. Rep. of the",29.368,,,4.00051,,
2004,188,"Costa Rica",55.7747,,,12.31413,,
2004,384,"Côte d'Ivoire",88.6325,,,1.45951,,
2004,191,"Croatia",83.7531,,,2.14406,,
2004,192,"Cuba",83.1802,,,1.72861,,
2004,531,"Curaçao",,,"Not applicable",,,"Not applicable"
2004,196,"Cyprus",87.4788,,,1.89613,,
2004,203,"Czechia",85.3876,,,2.75966,,
2004,208,"Denmark",88.7223,,,0.93665,,
2004,262,"Djibouti",75.0977,,,2.43829,,
2004,212,"Dominica",84.9109,,,2.3946,,
2004,214,"Dominican Republic",70.4328,,,51.46322,,
2004,218,"Ecuador",78.48,,,2.74084,,
2004,818,"Egypt",54.8874,,,8.15138,,
2004,222,"El Salvador",80.4675,,,4.45306,,
2004,226,"Equatorial Guinea",75.638,,,4.2372,,
2004,232,"Eritrea",41.8199,,,25.10944,,
2004,233,"Estonia",75.6602,,,3.03917,,
2004,748,"Eswatini",66.2836,,,3.46988,,
2004,231,"Ethiopia",39.7214,,,3.22299,,
2004,230,"Ethiopia (...1991)",,,"Not applicable",,,"Not applicable"
2004,242,"Fiji",78.5961,,,2.82679,,
2004,246,"Finland",89.8137,,,0.14732,,
2004,251,"France",90.2337,,,2.33582,"Estimated",
2004,250,"France, metropolitan",90.2337,,,2.33582,,
2004,492,"Monaco",90.2337,,,2.33582,"Estimated",
2004,258,"French Polynesia",90.2644,,,0.4278,,
2004,266,"Gabon",93.0945,,,0.40878,,
2004,270,"Gambia",77.2286,,,14.28728,,
2004,268,"Georgia",64.633,,,5.65609,,
2004,276,"Germany",90.4933,,,1.78088,,
2004,288,"Ghana",49.955,,,12.6655,,
2004,300,"Greece",82.1106,,,3.01922,,
2004,308,"Grenada",80.1201,,,2.31188,,
2004,320,"Guatemala",68.3474,,,7.5788,,
2004,324,"Guinea",32.1516,,,17.46288,,
2004,624,"Guinea-Bissau",82.6041,,,0.81978,,
2004,328,"Guyana",67.3129,,,4.67043,,
2004,332,"Haiti",59.3363,,,25.709,,
2004,340,"Honduras",66.1543,,,8.11354,,
2004,348,"Hungary",74.2728,,,6.7507,,
2004,352,"Iceland",64.4968,,,3.15161,,
2004,356,"India",62.4171,,,3.82579,,
2004,360,"Indonesia",62.185,,,6.06129,,
2004,960,"Indonesia (...2002)",,,"Not applicable",,,"Not applicable"
2004,364,"Iran (Islamic Republic of)",43.8583,,,15.3206,,
2004,368,"Iraq",35.3943,,,26.77165,,
2004,372,"Ireland",92.8695,,,2.30883,,
2004,376,"Israel",86.6465,,,-0.41476,,
2004,380,"Italy",88.5197,,,2.2567,,
2004,388,"Jamaica",48.6489,,,13.52089,,
2004,392,"Japan",100.7002,,,-0.01047,,
2004,400,"Jordan",74.6976,,,3.36545,,
2004,398,"Kazakhstan",57.4202,,,6.86828,,
2004,404,"Kenya",62.1345,,,11.79497,,
2004,296,"Kiribati",81.5704,,,-0.73965,,
2004,410,"Korea, Republic of",83.8433,,,3.59043,,
2004,414,"Kuwait",76.0195,,,1.25682,,
2004,417,"Kyrgyzstan",57.35,,,4.10994,,
2004,418,"Lao People's Dem. Rep.",73.2551,,,10.46804,,
2004,428,"Latvia",67.8382,,,6.18675,,
2004,426,"Lesotho",68.5794,,,5.02312,,
2004,430,"Liberia",56.6031,,,3.55454,,
2004,434,"Libya",78.0014,,,1.252,,
2004,440,"Lithuania",75.7611,,,1.15569,,
2004,442,"Luxembourg",85.2058,,,3.23978,,
2004,450,"Madagascar",53.1606,,,13.95622,,
2004,454,"Malawi",55.6329,,,11.423,,
2004,458,"Malaysia",85.0905,,,1.42052,,
2004,462,"Maldives",71.0256,,,6.33785,,
2004,466,"Mali",80.6898,,,-3.12271,,
2004,470,"Malta",86.8056,,,2.72549,,
2004,584,"Marshall Islands",76.2843,,,2.01598,,
2004,478,"Mauritania",67.097,,,10.3678,,
2004,480,"Mauritius",69.4421,,,4.71004,,
2004,484,"Mexico",77.408,,,4.69435,,
2004,583,"Micronesia (Federated States of)",74.3488,,,1.74538,,
2004,498,"Moldova, Republic of",58.333,,,12.42559,,
2004,496,"Mongolia",51.9941,,,8.23348,,
2004,499,"Montenegro",,,"Not applicable",,,"Not applicable"
2004,500,"Montserrat",84.5063,,,3.1038,,
2004,504,"Morocco",87.7004,,,1.4936,,
2004,508,"Mozambique",56.2482,,,12.63511,,
2004,104,"Myanmar",40.7171,,,-3.29459,,
2004,516,"Namibia",69.8308,,,4.15297,,
2004,520,"Nauru",60.2436,,,,,"Not available or not separately reported"
2004,524,"Nepal",63.3771,,,3.9627,,
2004,528,"Netherlands (Kingdom of the)",91.5976,,,1.38286,,
2004,540,"New Caledonia",97.1708,,,1.0181,,
2004,554,"New Zealand",84.4494,,,2.2906,,
2004,558,"Nicaragua",57.4175,,,8.46907,,
2004,562,"Niger",82.1002,,,0.24448,,
2004,566,"Nigeria",52.0839,,,14.99747,,
2004,807,"North Macedonia",86.3547,,,-0.44846,,
2004,579,"Norway",88.001,,,0.45432,,
2004,512,"Oman",74.6506,,,0.75591,,
2004,586,"Pakistan",53.3643,,,4.56282,,
2004,585,"Palau",77.2941,,,0.5365,,
2004,591,"Panama",79.0249,,,0.47511,,
2004,598,"Papua New Guinea",76.4142,,,2.15873,,
2004,600,"Paraguay",66.8119,,,4.33225,,
2004,604,"Peru",85.7382,,,3.6618,,
2004,608,"Philippines",73.8454,,,4.79781,,
2004,616,"Poland",84.9258,,,3.53849,,
2004,620,"Portugal",89.9489,,,2.50975,,
2004,634,"Qatar",67.5991,,,6.814,,
2004,642,"Romania",67.951,,,11.8535,,
2004,643,"Russian Federation",54.5307,,,10.88618,,
2004,646,"Rwanda",59.2291,,,11.982,,
2004,659,"Saint Kitts and Nevis",78.7435,,,2.24946,,
2004,662,"Saint Lucia",83.0569,,,1.46037,,
2004,670,"Saint Vincent and the Grenadines",78.7458,,,2.85221,,
2004,882,"Samoa",70.7253,,,7.84688,,
2004,674,"San Marino",86.089,,,1.42926,,
2004,678,"Sao Tome and Principe",33.437,,,13.28437,,
2004,682,"Saudi Arabia",81.0108,,,0.29353,,
2004,686,"Senegal",86.4406,,,0.51504,,
2004,688,"Serbia",,,"Not applicable",,,"Not applicable"
2004,690,"Seychelles",54.5762,,,3.90027,,
2004,694,"Sierra Leone",54.5677,,,12.91617,,
2004,702,"Singapore",87.5412,,,1.67019,,
2004,534,"Sint Maarten (Dutch part)",,,"Not applicable",,,"Not applicable"
2004,703,"Slovakia",86.6737,,,7.45122,,
2004,705,"Slovenia",84.7271,,,3.58818,,
2004,090,"Solomon Islands",61.2054,,,6.91425,,
2004,710,"South Africa",69.575,,,1.38768,,
2004,728,"South Sudan",,,"Not applicable",,,"Not applicable"
2004,724,"Spain",85.6742,,,3.05332,,
2004,144,"Sri Lanka",58.6783,,,9.01244,,
2004,275,"State of Palestine",76.6399,,,3.00721,,
2004,729,"Sudan",,,"Not applicable",,,"Not applicable"
2004,736,"Sudan (...2011)",52.1472,,,9.65688,,
2004,740,"Suriname",60.5895,,,9.12661,,
2004,752,"Sweden",89.5106,,,1.01937,,
2004,757,"Switzerland, Liechtenstein",94.5916,,,0.80012,,
2004,438,"Liechtenstein",94.5916,,,0.80012,"Estimated",
2004,756,"Switzerland",94.5916,,,0.80012,"Estimated",
2004,760,"Syrian Arab Republic",65.586,,,4.43298,,
2004,762,"Tajikistan",54.8973,,,7.20575,,
2004,834,"Tanzania, United Republic of",62.9733,,,4.13916,,
2004,764,"Thailand",82.8365,,,2.81163,,
2004,626,"Timor-Leste",76.3477,,,2.21078,,
2004,768,"Togo",83.2974,,,0.67715,,
2004,776,"Tonga",68.6558,,,11.75987,,
2004,780,"Trinidad and Tobago",60.4284,,,3.75643,,
2004,788,"Tunisia",80.3219,,,3.69188,,
2004,792,"Türkiye",60.8739,,,8.599,,
2004,795,"Turkmenistan",67.5012,,,5.88492,,
2004,796,"Turks and Caicos Islands",82.5284,,,2.66304,,
2004,798,"Tuvalu",84.1021,,,2.36956,,
2004,800,"Uganda",61.4791,,,3.66653,,
2004,804,"Ukraine",45.0979,,,9.03627,,
2004,784,"United Arab Emirates",71.8637,,,5.04092,,
2004,926,"United Kingdom",85.591,,,1.34396,,
2004,826,"United Kingdom excl. Channel Islands and Isle of Man",85.591,,,1.34396,"Estimated",
2004,842,"United States of America",86.6248,,,2.66739,,
2004,630,"Puerto Rico",79.8879,,,2.53619,,
2004,840,"United States of America excluding Puerto Rico and United States Virgin Islands",86.6248,,,2.66739,"Estimated",
2004,858,"Uruguay",67.3849,,,9.17272,,
2004,860,"Uzbekistan",50.36,,,7.32537,,
2004,548,"Vanuatu",82.9172,,,1.41892,,
2004,862,"Venezuela (Bolivarian Rep. of)",30.1,,,21.74805,,
2004,704,"Viet Nam",55.2015,,,7.89544,,
2004,887,"Yemen",55.4927,,,12.49048,,
2004,894,"Zambia",50.6389,,,17.96715,,
2004,716,"Zimbabwe",143.1859,,,113.56923,,
2004,0000,"World",82.4722,,,3.09635,,
2004,5100,"Africa",61.414,,,8.60853,,
2004,5110,"Northern Africa",66.4762,,,5.50048,,
2004,5120,"Sub-Saharan Africa",58.761,,,10.42683,,
2004,5121,"Eastern Africa",55.9413,,,15.33971,,
2004,5122,"Middle Africa",52.7537,,,19.07185,,
2004,5123,"Southern Africa",69.1413,,,1.6984,,
2004,5124,"Western Africa",55.8497,,,12.13965,,
2004,5200,"Americas",84.0492,,,3.1818,,
2004,5210,"Northern America",86.8687,,,2.60433,,
2004,5220,"Latin America and the Caribbean",73.0578,,,5.8895,,
2004,5221,"Caribbean",72.322,,,15.98053,,
2004,5222,"Central America",75.8624,,,5.03365,,
2004,5223,"South America",71.9322,,,5.54182,,
2004,5300,"Asia",80.69,,,3.05137,,
2004,5310,"Central Asia",56.478,,,6.81283,,
2004,5330,"Eastern Asia",90.6377,,,1.92755,,
2004,5350,"South-eastern Asia",71.3108,,,4.11289,,
2004,5320,"Southern Asia",57.5854,,,6.47167,,
2004,5340,"Western Asia",68.4435,,,4.92611,,
2004,5400,"Europe",84.7509,,,2.61922,,
2004,5410,"Eastern Europe",62.8446,,,8.7004,,
2004,5420,"Northern Europe",86.5757,,,1.22984,,
2004,5430,"Southern Europe",86.9686,,,2.56342,,
2004,5440,"Western Europe",90.5822,,,1.85821,,
2004,5500,"Oceania",84.1053,,,2.32599,,
2004,5600,"Asia and Oceania",80.9022,,,2.99962,,
2004,5702,"Northern America and Europe",85.7791,,,2.61184,,
2004,5706,"Europe, Northern America, Australia and New Zealand",85.7263,,,2.60325,,
2004,5703,"Central and Southern Asia",57.4903,,,6.50033,,
2004,5704,"Eastern and South-Eastern Asia",87.889,,,2.20385,,
2004,5705,"Western Asia and Northern Africa",67.9508,,,5.06414,,
2004,1400,"Developing economies",72.5702,,,5.27567,,
2004,1410,"Developing economies: Africa",61.414,,,8.60853,,
2004,1420,"Developing economies: Americas",73.0578,,,5.8895,,
2004,1460,"Developing economies: Asia and Oceania",74.1995,,,4.50792,,
2004,1430,"Developing economies: Asia",74.1769,,,4.5167,,
2004,1450,"Developing economies: Oceania",81.9881,,,2.01556,,
2004,1500,"Developed economies",87.0717,,,2.33505,,
2004,1520,"Developed economies: Americas",86.8687,,,2.60433,,
2004,1560,"Developed economies: Asia and Oceania",94.2188,,,0.90583,,
2004,1530,"Developed economies: Asia",96.4603,,,0.62238,,
2004,1550,"Developed economies: Oceania",84.1712,,,2.33513,,
2004,1540,"Developed economies: Europe",84.7509,,,2.61922,,
2004,1600,"Developing economies excluding China",67.778,,,5.80936,,
2004,1601,"Developing economies excluding LDCs",73.3255,,,5.06335,,
2004,1610,"LDCs (Least developed countries)",54.6026,,,11.22106,,
2004,1612,"LDCs: Asia",58.8287,,,7.28842,,
2004,1614,"LDCs: Africa",51.7982,,,13.37244,,
2004,1615,"LDCs: Islands and Haiti",60.9345,,,21.51074,,
2004,1620,"LLDCs (Landlocked developing countries)",58.9728,,,8.77531,,
2004,1640,"SIDS (Small island developing States) (UN-OHRLLS)",79.4016,,,7.91358,,
2004,1641,"SIDS: Atlantic and Indian Ocean",79.5137,,,3.19772,,
2004,1642,"SIDS: Caribbean",72.0971,,,15.57626,,
2004,1643,"SIDS: Pacific",86.6701,,,1.73018,,
2004,2623,"Low-income developing economies",53.2307,,,5.84799,,
2004,2622,"Middle-income developing economies",61.4791,,,7.09289,,
2004,2621,"High-income developing economies",77.7066,,,4.65143,,
2004,2711,"BRICS",75.0228,,,5.17594,,
2004,3412,"European Union (2020 …)",88.3628,,,2.29087,,
2004,3916,"G20 (Group of Twenty)",84.4599,,,2.75941,,
2004,3919,"G-77 (Group of 77)",72.2558,,,5.38885,,
2004,3905,"OECD (Organisation for Economic Cooperation and Development)",87.7755,,,2.21523,,
2005,0001,"Individual economies",,,"Not applicable",,,"Not applicable"
2005,008,"Albania",86.6982,,,2.36267,,
2005,012,"Algeria",81.8263,,,1.38242,,
2005,020,"Andorra",89.6156,,,3.52694,,
2005,024,"Angola",53.7019,,,22.96183,,
2005,660,"Anguilla",81,,,4.51613,,
2005,028,"Antigua and Barbuda",89.4602,,,2.09803,,
2005,032,"Argentina",65.0037,,,9.64239,,
2005,051,"Armenia",76.1944,,,0.56912,,
2005,533,"Aruba",84.1374,,,3.39741,,
2005,036,"Australia",86.3684,,,2.65925,,
2005,040,"Austria",91.2925,,,2.10333,,
2005,031,"Azerbaijan",61.2723,,,9.57703,,
2005,044,"Bahamas",88.7666,,,1.81834,,
2005,048,"Bahrain",87.4737,,,2.61685,,
2005,050,"Bangladesh",69.1757,,,6.48622,,
2005,052,"Barbados",75.5453,,,6.0648,,
2005,112,"Belarus",61.685,,,10.33631,,
2005,056,"Belgium",89.769,,,2.53767,,
2005,084,"Belize",88.2966,,,3.65079,,
2005,204,"Benin",85.2944,,,4.658,,
2005,060,"Bermuda",88.5627,,,3.13079,,
2005,064,"Bhutan",75.857,,,4.823,,
2005,068,"Bolivia (Plurinational State of)",74.4347,,,5.40036,,
2005,070,"Bosnia and Herzegovina",84.9441,,,3.58262,,
2005,072,"Botswana",64.2917,,,8.61052,,
2005,076,"Brazil",79.5434,,,6.87018,,
2005,092,"British Virgin Islands",83.789,,,1.94816,,
2005,096,"Brunei Darussalam",95.53,,,1.24422,,
2005,100,"Bulgaria",73.2175,,,6.03791,,
2005,854,"Burkina Faso",88.282,,,6.40827,,
2005,108,"Burundi",61.2916,,,13.2527,,
2005,132,"Cabo Verde",82.9929,,,0.43382,,
2005,116,"Cambodia",67.7623,,,6.34963,,
2005,120,"Cameroon",85.7494,,,1.99262,,
2005,124,"Canada",91.8501,,,2.21388,,
2005,136,"Cayman Islands",93.8048,,,7.28761,,
2005,140,"Central African Republic",80.7635,,,2.87818,,
2005,148,"Chad",84.3939,,,4.44816,,
2005,152,"Chile",82.7679,,,3.05318,,
2005,156,"China",86.5236,,,1.78037,,
2005,344,"China, Hong Kong SAR",89.5368,,,0.91405,,
2005,446,"China, Macao SAR",79.7416,,,4.39495,,
2005,158,"China, Taiwan Province of",94.2441,,,2.30844,,
2005,170,"Colombia",79.6723,,,5.04684,,
2005,174,"Comoros",81.1173,,,3.00655,,
2005,178,"Congo",83.8632,,,2.46641,,
2005,180,"Congo, Dem. Rep. of the",35.6954,,,21.54499,,
2005,188,"Costa Rica",63.4712,,,13.79933,,
2005,384,"Côte d'Ivoire",92.074,,,3.88299,,
2005,191,"Croatia",86.2621,,,2.9957,,
2005,192,"Cuba",86.0777,,,3.48343,,
2005,531,"Curaçao",,,"Not applicable",,,"Not applicable"
2005,196,"Cyprus",89.2507,,,2.02553,,
2005,203,"Czechia",86.9733,,,1.8571,,
2005,208,"Denmark",90.2532,,,1.7254,,
2005,262,"Djibouti",77.5616,,,3.28089,,
2005,212,"Dominica",86.3381,,,1.68087,,
2005,214,"Dominican Republic",73.3834,,,4.18921,,
2005,218,"Ecuador",80.1829,,,2.16987,,
2005,818,"Egypt",59.6655,,,8.70525,,
2005,222,"El Salvador",84.2412,,,4.68979,,
2005,226,"Equatorial Guinea",79.9025,,,5.638,,
2005,232,"Eritrea",47.05,,,12.50619,,
2005,233,"Estonia",78.7752,,,4.11702,,
2005,748,"Eswatini",69.528,,,4.89466,,
2005,231,"Ethiopia",44.3505,,,11.65377,,
2005,230,"Ethiopia (...1991)",,,"Not applicable",,,"Not applicable"
2005,242,"Fiji",80.407,,,2.30409,,
2005,246,"Finland",90.5095,,,0.77474,,
2005,251,"France",91.9371,,,1.88775,"Estimated",
2005,250,"France, metropolitan",91.9371,,,1.88775,,
2005,492,"Monaco",91.9371,,,1.88775,"Estimated",
2005,258,"French Polynesia",91.1502,,,0.9814,,
2005,266,"Gabon",94.1845,,,1.17082,,
2005,270,"Gambia",81.0586,,,4.95927,,
2005,268,"Georgia",69.963,,,8.24656,,
2005,276,"Germany",92.2375,,,1.92743,,
2005,288,"Ghana",57.4958,,,15.09512,,
2005,300,"Greece",84.9733,,,3.48646,,
2005,308,"Grenada",82.9058,,,3.47683,,
2005,320,"Guatemala",74.5717,,,9.1069,,
2005,324,"Guinea",42.2337,,,31.35806,,
2005,624,"Guinea-Bissau",85.3785,,,3.35862,,
2005,328,"Guyana",71.9736,,,6.9239,,
2005,332,"Haiti",67.7088,,,14.11027,,
2005,340,"Honduras",71.9822,,,8.80954,,
2005,348,"Hungary",76.9137,,,3.55571,,
2005,352,"Iceland",67.0768,,,4.00024,,
2005,356,"India",65.1658,,,4.40372,,
2005,360,"Indonesia",68.6923,,,10.46435,,
2005,960,"Indonesia (...2002)",,,"Not applicable",,,"Not applicable"
2005,364,"Iran (Islamic Republic of)",48.3557,,,10.2543,,
2005,368,"Iraq",48.4891,,,36.99689,,
2005,372,"Ireland",94.9143,,,2.20187,,
2005,376,"Israel",87.7985,,,1.32962,,
2005,380,"Italy",90.4733,,,2.2069,,
2005,388,"Jamaica",55.995,,,15.1002,,
2005,392,"Japan",100.4102,,,-0.28799,,
2005,400,"Jordan",77.3049,,,3.49059,,
2005,398,"Kazakhstan",61.7385,,,7.52036,,
2005,404,"Kenya",68.2933,,,9.91205,,
2005,296,"Kiribati",81.2837,,,-0.35147,,
2005,410,"Korea, Republic of",86.1531,,,2.75484,,
2005,414,"Kuwait",79.1518,,,4.12044,,
2005,417,"Kyrgyzstan",59.838,,,4.33827,,
2005,418,"Lao People's Dem. Rep.",78.5062,,,7.1682,,
2005,428,"Latvia",72.5125,,,6.89037,,
2005,426,"Lesotho",70.9372,,,3.43806,,
2005,430,"Liberia",60.5342,,,6.94504,,
2005,434,"Libya",80.0744,,,2.65773,,
2005,440,"Lithuania",77.7844,,,2.67055,,
2005,442,"Luxembourg",88.4133,,,3.76446,,
2005,450,"Madagascar",62.9227,,,18.36354,,
2005,454,"Malawi",64.2367,,,15.46536,,
2005,458,"Malaysia",87.6771,,,3.03977,,
2005,462,"Maldives",72.7728,,,2.45992,,
2005,466,"Mali",85.8465,,,6.39087,,
2005,470,"Malta",88.9954,,,2.52265,,
2005,584,"Marshall Islands",78.9436,,,3.48605,,
2005,478,"Mauritania",75.233,,,12.12573,,
2005,480,"Mauritius",72.8717,,,4.93878,,
2005,484,"Mexico",80.4975,,,3.99113,,
2005,583,"Micronesia (Federated States of)",77.3878,,,4.08737,,
2005,498,"Moldova, Republic of",65.2462,,,11.85123,,
2005,496,"Mongolia",58.5739,,,12.65476,,
2005,499,"Montenegro",,,"Not applicable",,,"Not applicable"
2005,500,"Montserrat",86.7653,,,2.67312,,
2005,504,"Morocco",88.5619,,,0.9823,,
2005,508,"Mozambique",59.8636,,,6.42746,,
2005,104,"Myanmar",44.5308,,,9.36613,,
2005,516,"Namibia",71.4095,,,2.26088,,
2005,520,"Nauru",65.4615,,,8.66129,,
2005,524,"Nepal",66.2546,,,4.54032,,
2005,528,"Netherlands (Kingdom of the)",92.9643,,,1.49209,,
2005,540,"New Caledonia",90.9684,,,-6.38298,,
2005,554,"New Zealand",87.0142,,,3.0371,,
2005,558,"Nicaragua",62.9296,,,9.60009,,
2005,562,"Niger",88.5127,,,7.81056,,
2005,566,"Nigeria",61.3873,,,17.8623,,
2005,807,"North Macedonia",86.8067,,,0.52343,,
2005,579,"Norway",89.349,,,1.5318,,
2005,512,"Oman",76.0406,,,1.86197,,
2005,586,"Pakistan",58.3149,,,9.2769,,
2005,585,"Palau",80.0439,,,3.55758,,
2005,591,"Panama",81.2845,,,2.85929,,
2005,598,"Papua New Guinea",77.7751,,,1.78088,,
2005,600,"Paraguay",71.3504,,,6.79308,,
2005,604,"Peru",87.125,,,1.61746,,
2005,608,"Philippines",78.7491,,,6.64056,,
2005,616,"Poland",86.8024,,,2.20967,,
2005,620,"Portugal",91.8648,,,2.12989,,
2005,634,"Qatar",73.6597,,,8.96552,,
2005,642,"Romania",74.064,,,8.99619,,
2005,643,"Russian Federation",61.4495,,,12.68792,,
2005,646,"Rwanda",64.6311,,,9.12053,,
2005,659,"Saint Kitts and Nevis",81.4,,,3.37371,,
2005,662,"Saint Lucia",86.3045,,,3.91006,,
2005,670,"Saint Vincent and the Grenadines",81.4598,,,3.44654,,
2005,882,"Samoa",76.2563,,,7.82048,,
2005,674,"San Marino",87.5409,,,1.68652,,
2005,678,"Sao Tome and Principe",39.1724,,,17.15292,,
2005,682,"Saudi Arabia",81.4755,,,0.57364,,
2005,686,"Senegal",87.9156,,,1.70641,,
2005,688,"Serbia",,,"Not applicable",,,"Not applicable"
2005,690,"Seychelles",54.9306,,,0.64942,,
2005,694,"Sierra Leone",62.0465,,,13.7055,,
2005,702,"Singapore",87.9519,,,0.46917,,
2005,534,"Sint Maarten (Dutch part)",,,"Not applicable",,,"Not applicable"
2005,703,"Slovakia",89.0818,,,2.77834,,
2005,705,"Slovenia",86.808,,,2.45598,,
2005,090,"Solomon Islands",65.8145,,,7.53046,,
2005,710,"South Africa",71.917,,,3.36616,,
2005,728,"South Sudan",,,"Not applicable",,,"Not applicable"
2005,724,"Spain",88.574,,,3.3847,,
2005,144,"Sri Lanka",65.1224,,,10.98222,,
2005,275,"State of Palestine",80.6994,,,5.29686,,
2005,729,"Sudan",,,"Not applicable",,,"Not applicable"
2005,736,"Sudan (...2011)",56.5829,,,8.50609,,
2005,740,"Suriname",69.0595,,,13.97924,,
2005,752,"Sweden",90.2583,,,0.8353,,
2005,757,"Switzerland, Liechtenstein",95.7016,,,1.17348,,
2005,438,"Liechtenstein",95.7016,,,1.17348,"Estimated",
2005,756,"Switzerland",95.7016,,,1.17348,"Estimated",
2005,760,"Syrian Arab Republic",70.334,,,7.23935,,
2005,762,"Tajikistan",58.8919,,,7.27654,,
2005,834,"Tanzania, United Republic of",65.718,,,4.35855,,
2005,764,"Thailand",86.5369,,,4.4672,,
2005,626,"Timor-Leste",77.5778,,,1.61111,,
2005,768,"Togo",87.709,,,5.29623,,
2005,776,"Tonga",75.5095,,,9.98259,,
2005,780,"Trinidad and Tobago",64.5846,,,6.87787,,
2005,788,"Tunisia",81.8978,,,1.96203,,
2005,792,"Türkiye",65.8531,,,8.17963,,
2005,795,"Turkmenistan",74.7294,,,10.70836,,
2005,796,"Turks and Caicos Islands",85.5866,,,3.70566,,
2005,798,"Tuvalu",86.8115,,,3.22156,,
2005,800,"Uganda",66.7667,,,8.60072,,
2005,804,"Ukraine",51.1952,,,13.52014,,
2005,784,"United Arab Emirates",76.316,,,6.19554,,
2005,926,"United Kingdom",87.3511,,,2.05649,,
2005,826,"United Kingdom excl. Channel Islands and Isle of Man",87.3511,,,2.05649,"Estimated",
2005,842,"United States of America",89.5408,,,3.36619,,
2005,630,"Puerto Rico",84.3704,,,5.61089,,
2005,840,"United States of America excluding Puerto Rico and United States Virgin Islands",89.5408,,,3.36619,"Estimated",
2005,858,"Uruguay",70.5511,,,4.69876,,
2005,860,"Uzbekistan",55.7476,,,10.69808,,
2005,548,"Vanuatu",83.9115,,,1.1992,,
2005,862,"Venezuela (Bolivarian Rep. of)",34.9022,,,15.95427,,
2005,704,"Viet Nam",59.8351,,,8.39403,,
2005,887,"Yemen",60.968,,,9.86674,,
2005,894,"Zambia",59.9192,,,18.32634,,
2005,716,"Zimbabwe",98.0498,,,-31.52271,,
2005,0000,"World",85.2196,,,3.33128,,
2005,5100,"Africa",66.5633,,,8.38462,,
2005,5110,"Northern Africa",69.8105,,,5.01578,,
2005,5120,"Sub-Saharan Africa",64.8251,,,10.31988,,
2005,5121,"Eastern Africa",60.1012,,,7.4362,,
2005,5122,"Middle Africa",60.1598,,,14.0389,,
2005,5123,"Southern Africa",71.5895,,,3.5409,,
2005,5124,"Western Africa",64.4542,,,15.40668,,
2005,5200,"Americas",87.2058,,,3.75567,,
2005,5210,"Northern America",89.715,,,3.27656,,
2005,5220,"Latin America and the Caribbean",77.4158,,,5.96509,,
2005,5221,"Caribbean",76.4521,,,5.71082,,
2005,5222,"Central America",79.3601,,,4.6106,,
2005,5223,"South America",76.6788,,,6.59866,,
2005,5300,"Asia",82.9864,,,2.84595,,
2005,5310,"Central Asia",61.2468,,,8.44368,,
2005,5330,"Eastern Asia",91.5481,,,1.00444,,
2005,5350,"South-eastern Asia",75.8938,,,6.42671,,
2005,5320,"Southern Asia",61.1921,,,6.2633,,
2005,5340,"Western Asia",72.8183,,,6.39196,,
2005,5400,"Europe",87.1707,,,2.85516,,
2005,5410,"Eastern Europe",68.4769,,,8.96217,,
2005,5420,"Northern Europe",88.1801,,,1.85309,,
2005,5430,"Southern Europe",89.286,,,2.66458,,
2005,5440,"Western Europe",92.2744,,,1.86815,,
2005,5500,"Oceania",86.3297,,,2.64469,,
2005,5600,"Asia and Oceania",83.1934,,,2.83204,,
2005,5702,"Northern America and Europe",88.4081,,,3.06483,,
2005,5706,"Europe, Northern America, Australia and New Zealand",88.3442,,,3.05378,,
2005,5703,"Central and Southern Asia",61.198,,,6.44925,,
2005,5704,"Eastern and South-Eastern Asia",89.3771,,,1.6931,,
2005,5705,"Western Asia and Northern Africa",72.0781,,,6.07403,,
2005,1400,"Developing economies",76.2713,,,5.09998,,
2005,1410,"Developing economies: Africa",66.5633,,,8.38462,,
2005,1420,"Developing economies: Americas",77.4158,,,5.96509,,
2005,1460,"Developing economies: Asia and Oceania",77.3648,,,4.26593,,
2005,1430,"Developing economies: Asia",77.3505,,,4.2785,,
2005,1450,"Developing economies: Oceania",82.3724,,,0.46874,,
2005,1500,"Developed economies",89.4109,,,2.68658,,
2005,1520,"Developed economies: Americas",89.715,,,3.27656,,
2005,1560,"Developed economies: Asia and Oceania",94.9014,,,0.72444,,
2005,1530,"Developed economies: Asia",96.7783,,,0.32968,,
2005,1550,"Developed economies: Oceania",86.4508,,,2.70832,,
2005,1540,"Developed economies: Europe",87.1707,,,2.85516,,
2005,1600,"Developing economies excluding China",72.0907,,,6.36293,,
2005,1601,"Developing economies excluding LDCs",76.9242,,,4.90788,,
2005,1610,"LDCs (Least developed countries)",60.3499,,,10.52562,,
2005,1612,"LDCs: Asia",63.1875,,,7.40924,,
2005,1614,"LDCs: Africa",58.3034,,,12.55869,,
2005,1615,"LDCs: Islands and Haiti",68.3394,,,12.15224,,
2005,1620,"LLDCs (Landlocked developing countries)",63.2515,,,7.25533,,
2005,1640,"SIDS (Small island developing States) (UN-OHRLLS)",81.8041,,,3.02581,,
2005,1641,"SIDS: Atlantic and Indian Ocean",82.0119,,,3.14182,,
2005,1642,"SIDS: Caribbean",76.3274,,,5.86752,,
2005,1643,"SIDS: Pacific",87.0811,,,0.47423,,
2005,2623,"Low-income developing economies",58.3308,,,9.58106,,
2005,2622,"Middle-income developing economies",66.4507,,,8.08676,,
2005,2621,"High-income developing economies",80.7452,,,3.91035,,
2005,2711,"BRICS",78.4065,,,4.51017,,
2005,3412,"European Union (2020 …)",90.3212,,,2.21632,,
2005,3916,"G20 (Group of Twenty)",86.9711,,,2.9733,,
2005,3919,"G-77 (Group of 77)",76.0042,,,5.1877,,
2005,3905,"OECD (Organisation for Economic Cooperation and Development)",89.9687,,,2.49864,,
2006,0001,"Individual economies",,,"Not applicable",,,"Not applicable"
2006,008,"Albania",88.7528,,,2.36979,,
2006,012,"Algeria",83.7172,,,2.31089,,
2006,020,"Andorra",92.9157,,,3.68249,,
2006,024,"Angola",60.8467,,,13.30451,,
2006,660,"Anguilla",87.9,,,8.51852,,
2006,028,"Antigua and Barbuda",91.0597,,,1.78799,,
2006,032,"Argentina",72.0877,,,10.8979,,
2006,051,"Armenia",78.403,,,2.89858,,
2006,533,"Aruba",87.1744,,,3.60964,,
2006,036,"Australia",89.4381,,,3.55422,,
2006,040,"Austria",92.8308,,,1.685,,
2006,031,"Azerbaijan",66.3131,,,8.227,,
2006,044,"Bahamas",90.5045,,,1.95784,,
2006,048,"Bahrain",89.2594,,,2.04145,,
2006,050,"Bangladesh",74.1306,,,7.16276,,
2006,052,"Barbados",81.0654,,,7.30702,,
2006,112,"Belarus",65.998,,,6.992,,
2006,056,"Belgium",91.8582,,,2.3273,,
2006,084,"Belize",92.0412,,,4.24085,,
2006,204,"Benin",89.6984,,,5.16326,,
2006,060,"Bermuda",88.5724,,,0.01092,,
2006,064,"Bhutan",79.5962,,,4.92926,,
2006,068,"Bolivia (Plurinational State of)",77.6349,,,4.29925,,
2006,070,"Bosnia and Herzegovina",90.1472,,,6.12527,,
2006,072,"Botswana",71.7195,,,11.55326,,
2006,076,"Brazil",82.8713,,,4.18371,,
2006,092,"British Virgin Islands",86.0966,,,2.75401,,
2006,096,"Brunei Darussalam",95.683,,,0.16016,,
2006,100,"Bulgaria",78.6467,,,7.41505,,
2006,854,"Burkina Faso",90.3445,,,2.33623,,
2006,108,"Burundi",62.9743,,,2.74534,,
2006,132,"Cabo Verde",87.0116,,,4.84224,,
2006,116,"Cambodia",71.9246,,,6.14259,,
2006,120,"Cameroon",89.9562,,,4.90586,,
2006,124,"Canada",93.6892,,,2.00234,,
2006,136,"Cayman Islands",94.5131,,,0.7551,,
2006,140,"Central African Republic",86.327,,,6.88862,,
2006,148,"Chad",92.5301,,,9.64076,,
2006,152,"Chile",85.5836,,,3.40193,,
2006,156,"China",87.9473,,,1.64547,,
2006,344,"China, Hong Kong SAR",91.3277,,,2.00024,,
2006,446,"China, Macao SAR",83.8487,,,5.1506,,
2006,158,"China, Taiwan Province of",94.808,,,0.5983,,
2006,170,"Colombia",83.1015,,,4.3041,,
2006,174,"Comoros",83.867,,,3.38983,,
2006,178,"Congo",87.7687,,,4.65692,,
2006,180,"Congo, Dem. Rep. of the",40.2804,,,12.84497,,
2006,188,"Costa Rica",70.7508,,,11.46917,,
2006,384,"Côte d'Ivoire",94.3447,,,2.46612,,
2006,191,"Croatia",89.0985,,,3.28811,,
2006,192,"Cuba",89.7527,,,4.26929,,
2006,531,"Curaçao",,,"Not applicable",,,"Not applicable"
2006,196,"Cyprus",91.2603,,,2.2516,,
2006,203,"Czechia",89.1772,,,2.53399,,
2006,208,"Denmark",91.9178,,,1.84444,,
2006,262,"Djibouti",80.2879,,,3.51501,,
2006,212,"Dominica",88.5771,,,2.59323,,
2006,214,"Dominican Republic",78.9412,,,7.57365,,
2006,218,"Ecuador",82.8273,,,3.29796,,
2006,818,"Egypt",62.2245,,,4.28883,,
2006,222,"El Salvador",87.6401,,,4.03466,,
2006,226,"Equatorial Guinea",83.4701,,,4.465,,
2006,232,"Eritrea",50.6761,,,7.707,,
2006,233,"Estonia",82.2755,,,4.44345,,
2006,748,"Eswatini",73.1403,,,5.19553,,
2006,231,"Ethiopia",50.3633,,,13.55752,,
2006,230,"Ethiopia (...1991)",,,"Not applicable",,,"Not applicable"
2006,242,"Fiji",82.4036,,,2.48302,,
2006,246,"Finland",91.6634,,,1.27482,,
2006,251,"France",93.6777,,,1.89325,"Estimated",
2006,250,"France, metropolitan",93.6777,,,1.89325,,
2006,492,"Monaco",93.6777,,,1.89325,"Estimated",
2006,258,"French Polynesia",93.6665,,,2.76061,,
2006,266,"Gabon",92.8602,,,-1.40606,,
2006,270,"Gambia",82.7248,,,2.05562,,
2006,268,"Georgia",76.372,,,9.16056,,
2006,276,"Germany",93.8748,,,1.77514,,
2006,288,"Ghana",64.2131,,,11.68305,,
2006,300,"Greece",87.7893,,,3.314,,
2006,308,"Grenada",86.43,,,4.25096,,
2006,320,"Guatemala",79.4652,,,6.56208,,
2006,324,"Guinea",56.8898,,,34.70236,,
2006,624,"Guinea-Bissau",87.0459,,,1.95295,,
2006,328,"Guyana",76.7794,,,6.67722,,
2006,332,"Haiti",76.492,,,12.972,,
2006,340,"Honduras",75.9969,,,5.57732,,
2006,348,"Hungary",79.9256,,,3.91596,,
2006,352,"Iceland",71.5536,,,6.67408,,
2006,356,"India",69.5292,,,6.69584,,
2006,360,"Indonesia",77.6917,,,13.10113,,
2006,960,"Indonesia (...2002)",,,"Not applicable",,,"Not applicable"
2006,364,"Iran (Islamic Republic of)",54.1583,,,11.99975,,
2006,368,"Iraq",74.3061,,,53.24281,,
2006,372,"Ireland",97.453,,,2.6747,,
2006,376,"Israel",89.6485,,,2.107,,
2006,380,"Italy",92.4905,,,2.22971,,
2006,388,"Jamaica",60.7656,,,8.51978,,
2006,392,"Japan",100.6675,,,0.25626,,
2006,400,"Jordan",82.1403,,,6.25486,,
2006,398,"Kazakhstan",67.037,,,8.58224,,
2006,404,"Kenya",72.4131,,,6.0325,,
2006,296,"Kiribati",80.4837,,,-0.98425,,
2006,410,"Korea, Republic of",88.0842,,,2.24154,,
2006,414,"Kuwait",81.5994,,,3.0923,,
2006,417,"Kyrgyzstan",63.161,,,5.55333,,
2006,418,"Lao People's Dem. Rep.",83.645,,,6.54571,,
2006,428,"Latvia",77.2772,,,6.57083,,
2006,426,"Lesotho",75.2451,,,6.07293,,
2006,430,"Liberia",66.2933,,,9.51379,,
2006,434,"Libya",81.2477,,,1.46523,,
2006,440,"Lithuania",80.7067,,,3.75697,,
2006,442,"Luxembourg",91.0292,,,2.95871,,
2006,450,"Madagascar",69.6967,,,10.76561,,
2006,454,"Malawi",73.1812,,,13.92424,,
2006,458,"Malaysia",90.8516,,,3.62063,,
2006,462,"Maldives",75.3198,,,3.49995,,
2006,466,"Mali",87.1787,,,1.55179,,
2006,470,"Malta",91.2876,,,2.57565,,
2006,584,"Marshall Islands",83.0903,,,5.25274,,
2006,478,"Mauritania",79.928,,,6.24061,,
2006,480,"Mauritius",79.366,,,8.91195,,
2006,484,"Mexico",83.4221,,,3.63319,,
2006,583,"Micronesia (Federated States of)",80.7894,,,4.39563,,
2006,498,"Moldova, Republic of",73.5372,,,12.7072,,
2006,496,"Mongolia",61.1591,,,4.41368,,
2006,499,"Montenegro",,,"Not applicable",,,"Not applicable"
2006,500,"Montserrat",88.4432,,,1.93391,,
2006,504,"Morocco",91.4712,,,3.285,,
2006,508,"Mozambique",67.7927,,,13.24531,,
2006,104,"Myanmar",53.436,,,19.99806,,
2006,516,"Namibia",74.9587,,,4.97009,,
2006,520,"Nauru",78.097,,,19.30223,,
2006,524,"Nepal",71.5296,,,7.96163,,
2006,528,"Netherlands (Kingdom of the)",94.5005,,,1.65247,,
2006,540,"New Caledonia",93.4712,,,2.7512,,
2006,554,"New Zealand",89.9425,,,3.36525,,
2006,558,"Nicaragua",68.6812,,,9.13974,,
2006,562,"Niger",88.5483,,,0.04027,,
2006,566,"Nigeria",66.4365,,,8.22516,,
2006,807,"North Macedonia",89.5978,,,3.21525,,
2006,579,"Norway",91.431,,,2.33019,,
2006,512,"Oman",78.4768,,,3.20382,,
2006,586,"Pakistan",62.9363,,,7.925,,
2006,585,"Palau",83.4377,,,4.23989,,
2006,591,"Panama",83.2833,,,2.459,,
2006,598,"Papua New Guinea",79.6171,,,2.36845,,
2006,600,"Paraguay",78.1975,,,9.59635,,
2006,604,"Peru",88.8683,,,2.00095,,
2006,608,"Philippines",83.0391,,,5.44767,,
2006,616,"Poland",87.841,,,1.19654,,
2006,620,"Portugal",94.6623,,,3.04531,,
2006,634,"Qatar",82.2844,,,11.70886,,
2006,642,"Romania",78.945,,,6.59025,,
2006,643,"Russian Federation",67.3895,,,9.66636,,
2006,646,"Rwanda",70.3387,,,8.83091,,
2006,659,"Saint Kitts and Nevis",88.3087,,,8.4873,,
2006,662,"Saint Lucia",89.3808,,,3.56442,,
2006,670,"Saint Vincent and the Grenadines",83.9176,,,3.01719,,
2006,882,"Samoa",78.7206,,,3.23165,,
2006,674,"San Marino",89.3761,,,2.0964,,
2006,678,"Sao Tome and Principe",48.2115,,,23.07507,,
2006,682,"Saudi Arabia",83.0261,,,1.90318,,
2006,686,"Senegal",89.774,,,2.11386,,
2006,688,"Serbia",,,"Not applicable",,,"Not applicable"
2006,690,"Seychelles",53.9092,,,-1.85953,,
2006,694,"Sierra Leone",68.5809,,,10.53144,,
2006,702,"Singapore",88.7985,,,0.96258,,
2006,534,"Sint Maarten (Dutch part)",,,"Not applicable",,,"Not applicable"
2006,703,"Slovakia",92.8815,,,4.26543,,
2006,705,"Slovenia",88.945,,,2.4618,,
2006,090,"Solomon Islands",73.2092,,,11.23574,,
2006,710,"South Africa",75.271,,,4.66372,,
2006,728,"South Sudan",,,"Not applicable",,,"Not applicable"
2006,724,"Spain",91.7279,,,3.56071,,
2006,144,"Sri Lanka",71.6483,,,10.02083,,
2006,275,"State of Palestine",83.8019,,,3.84452,,
2006,729,"Sudan",,,"Not applicable",,,"Not applicable"
2006,736,"Sudan (...2011)",60.6566,,,7.19954,,
2006,740,"Suriname",76.8502,,,11.28112,,
2006,752,"Sweden",91.6127,,,1.50051,,
2006,757,"Switzerland, Liechtenstein",96.7191,,,1.06322,,
2006,438,"Liechtenstein",96.7191,,,1.06322,"Estimated",
2006,756,"Switzerland",96.7191,,,1.06322,"Estimated",
2006,760,"Syrian Arab Republic",77.385,,,10.02502,,
2006,762,"Tajikistan",64.763,,,9.96924,,
2006,834,"Tanzania, United Republic of",70.4833,,,7.251,,
2006,764,"Thailand",90.6146,,,4.71204,,
2006,626,"Timor-Leste",81.637,,,5.23237,,
2006,768,"Togo",88.6583,,,1.08232,,
2006,776,"Tonga",80.9815,,,7.24678,,
2006,780,"Trinidad and Tobago",69.9512,,,8.30948,,
2006,788,"Tunisia",85.2908,,,4.14295,,
2006,792,"Türkiye",72.1732,,,9.59721,,
2006,795,"Turkmenistan",80.8251,,,8.15696,,
2006,796,"Turks and Caicos Islands",86.8536,,,1.48035,,
2006,798,"Tuvalu",90.4482,,,4.18923,,
2006,800,"Uganda",71.5875,,,7.22028,,
2006,804,"Ukraine",55.8414,,,9.07559,,
2006,784,"United Arab Emirates",83.4022,,,9.28532,,
2006,926,"United Kingdom",89.3853,,,2.32871,,
2006,826,"United Kingdom excl. Channel Islands and Isle of Man",89.3853,,,2.32871,"Estimated",
2006,842,"United States of America",92.4256,,,3.22174,,
2006,630,"Puerto Rico",88.7442,,,5.18405,,
2006,840,"United States of America excluding Puerto Rico and United States Virgin Islands",92.4256,,,3.22174,"Estimated",
2006,858,"Uruguay",75.0563,,,6.38573,,
2006,860,"Uzbekistan",63.0572,,,13.11208,,
2006,548,"Vanuatu",85.624,,,2.04082,,
2006,862,"Venezuela (Bolivarian Rep. of)",39.6706,,,13.66218,,
2006,704,"Viet Nam",64.3245,,,7.503,,
2006,887,"Yemen",67.58,,,10.84512,,
2006,894,"Zambia",65.3224,,,9.01745,,
2006,716,"Zimbabwe",130.3822,,,32.9755,,
2006,0000,"World",88.0479,,,3.31889,,
2006,5100,"Africa",70.6535,,,6.1447,,
2006,5110,"Northern Africa",72.368,,,3.66343,,
2006,5120,"Sub-Saharan Africa",69.7301,,,7.56659,,
2006,5121,"Eastern Africa",66.0252,,,9.85674,,
2006,5122,"Middle Africa",65.8784,,,9.50573,,
2006,5123,"Southern Africa",75.1167,,,4.92692,,
2006,5124,"Western Africa",69.5314,,,7.87719,,
2006,5200,"Americas",90.2324,,,3.4706,,
2006,5210,"Northern America",92.5195,,,3.12595,,
2006,5220,"Latin America and the Caribbean",81.3229,,,5.04698,,
2006,5221,"Caribbean",81.1334,,,6.1231,,
2006,5222,"Central America",82.5844,,,4.06293,,
2006,5223,"South America",80.8234,,,5.40521,,
2006,5300,"Asia",85.87,,,3.47485,,
2006,5310,"Central Asia",67.0744,,,9.515,,
2006,5330,"Eastern Asia",92.5668,,,1.1128,,
2006,5350,"South-eastern Asia",81.5628,,,7.46968,,
2006,5320,"Southern Asia",66.0167,,,7.88437,,
2006,5340,"Western Asia",79.0344,,,8.53635,,
2006,5400,"Europe",89.5456,,,2.72447,,
2006,5410,"Eastern Europe",73.2419,,,6.95865,,
2006,5420,"Northern Europe",90.1504,,,2.23448,,
2006,5430,"Southern Europe",91.7829,,,2.79653,,
2006,5440,"Western Europe",93.9144,,,1.77732,,
2006,5500,"Oceania",89.361,,,3.51131,,
2006,5600,"Asia and Oceania",86.0863,,,3.47729,,
2006,5702,"Northern America and Europe",90.9942,,,2.92524,,
2006,5706,"Europe, Northern America, Australia and New Zealand",90.9451,,,2.94396,,
2006,5703,"Central and Southern Asia",66.1097,,,8.02583,,
2006,5704,"Eastern and South-Eastern Asia",91.0901,,,1.91659,,
2006,5705,"Western Asia and Northern Africa",77.423,,,7.41533,,
2006,1400,"Developing economies",80.1592,,,5.09752,,
2006,1410,"Developing economies: Africa",70.6535,,,6.1447,,
2006,1420,"Developing economies: Americas",81.3229,,,5.04698,,
2006,1460,"Developing economies: Asia and Oceania",81.2011,,,4.95873,,
2006,1430,"Developing economies: Asia",81.1911,,,4.96523,,
2006,1450,"Developing economies: Oceania",84.7519,,,2.88871,,
2006,1500,"Developed economies",91.7734,,,2.64235,,
2006,1520,"Developed economies: Americas",92.5195,,,3.12595,,
2006,1560,"Developed economies: Asia and Oceania",96.0099,,,1.1681,,
2006,1530,"Developed economies: Asia",97.4519,,,0.69606,,
2006,1550,"Developed economies: Oceania",89.5021,,,3.52955,,
2006,1540,"Developed economies: Europe",89.5456,,,2.72447,,
2006,1600,"Developing economies excluding China",76.763,,,6.48107,,
2006,1601,"Developing economies excluding LDCs",80.7212,,,4.9361,,
2006,1610,"LDCs (Least developed countries)",66.1594,,,9.62635,,
2006,1612,"LDCs: Asia",69.241,,,9.58026,,
2006,1614,"LDCs: Africa",63.8771,,,9.55988,,
2006,1615,"LDCs: Islands and Haiti",76.4146,,,11.81624,,
2006,1620,"LLDCs (Landlocked developing countries)",68.9785,,,9.05433,,
2006,1640,"SIDS (Small island developing States) (UN-OHRLLS)",84.7263,,,3.57213,,
2006,1641,"SIDS: Atlantic and Indian Ocean",84.6728,,,3.24456,,
2006,1642,"SIDS: Caribbean",81.0671,,,6.2097,,
2006,1643,"SIDS: Pacific",88.1894,,,1.27274,,
2006,2623,"Low-income developing economies",63.7912,,,9.36111,,
2006,2622,"Middle-income developing economies",72.1554,,,8.58474,,
2006,2621,"High-income developing economies",83.7882,,,3.76864,,
2006,2711,"BRICS",81.4479,,,3.87902,,
2006,3412,"European Union (2020 …)",92.3289,,,2.22282,,
2006,3916,"G20 (Group of Twenty)",89.5553,,,2.97131,,
2006,3919,"G-77 (Group of 77)",79.9216,,,5.15417,,
2006,3905,"OECD (Organisation for Economic Cooperation and Development)",92.2648,,,2.55208,,
2007,0001,"Individual economies",,,"Not applicable",,,"Not applicable"
2007,008,"Albania",91.3797,,,2.95985,,
2007,012,"Algeria",86.7973,,,3.67915,,
2007,020,"Andorra",95.3864,,,2.65913,,
2007,024,"Angola",68.2999,,,12.24919,,
2007,660,"Anguilla",91.8,,,4.43686,,
2007,028,"Antigua and Barbuda",92.3496,,,1.41656,,
2007,032,"Argentina",78.4558,,,8.83383,,
2007,051,"Armenia",81.8603,,,4.40961,,
2007,533,"Aruba",91.8718,,,5.38844,,
2007,036,"Australia",91.5453,,,2.35602,,
2007,040,"Austria",94.8739,,,2.20091,,
2007,031,"Azerbaijan",77.3115,,,16.58551,,
2007,044,"Bahamas",92.6833,,,2.40738,,
2007,048,"Bahrain",92.1611,,,3.25083,,
2007,050,"Bangladesh",79.4717,,,7.205,,
2007,052,"Barbados",84.3358,,,4.03424,,
2007,112,"Belarus",71.5608,,,8.42867,,
2007,056,"Belgium",93.5272,,,1.81689,,
2007,084,"Belize",94.1744,,,2.31766,,
2007,204,"Benin",90.8217,,,1.25225,,
2007,060,"Bermuda",91.53,,,3.33916,,
2007,064,"Bhutan",83.7718,,,5.24593,,
2007,068,"Bolivia (Plurinational State of)",82.8021,,,6.65583,,
2007,070,"Bosnia and Herzegovina",91.5002,,,1.50091,,
2007,072,"Botswana",76.7953,,,7.07736,,
2007,076,"Brazil",85.8889,,,3.64136,,
2007,092,"British Virgin Islands",88.2578,,,2.51022,,
2007,096,"Brunei Darussalam",96.609,,,0.96778,,
2007,100,"Bulgaria",84.6023,,,7.57271,,
2007,854,"Burkina Faso",90.1337,,,-0.23326,,
2007,108,"Burundi",68.2708,,,8.41056,,
2007,132,"Cabo Verde",90.8401,,,4.40004,,
2007,116,"Cambodia",77.44,,,7.66823,,
2007,120,"Cameroon",90.9686,,,1.12544,,
2007,124,"Canada",95.6923,,,2.13807,,
2007,136,"Cayman Islands",97.2685,,,2.91535,,
2007,140,"Central African Republic",87.0756,,,0.86713,,
2007,148,"Chad",85.6459,,,-7.43989,,
2007,152,"Chile",89.3615,,,4.41419,,
2007,156,"China",92.1851,,,4.81855,,
2007,344,"China, Hong Kong SAR",93.1863,,,2.03502,,
2007,446,"China, Macao SAR",88.5206,,,5.57178,,
2007,158,"China, Taiwan Province of",96.5124,,,1.79772,,
2007,170,"Colombia",87.7072,,,5.54223,,
2007,174,"Comoros",87.6288,,,4.48542,,
2007,178,"Congo",90.046,,,2.59473,,
2007,180,"Congo, Dem. Rep. of the",46.9958,,,16.67158,,
2007,184,"Cook Islands",89.963,,,,,"Not available or not separately reported"
2007,188,"Costa Rica",77.3718,,,9.35809,,
2007,384,"Côte d'Ivoire",96.1334,,,1.89593,,
2007,191,"Croatia",91.467,,,2.65832,,
2007,192,"Cuba",95.053,,,5.90551,,
2007,531,"Curaçao",,,"Not applicable",,,"Not applicable"
2007,196,"Cyprus",93.2415,,,2.17091,,
2007,203,"Czechia",91.7219,,,2.85353,,
2007,208,"Denmark",93.4401,,,1.65617,,
2007,262,"Djibouti",85.0213,,,5.89555,,
2007,212,"Dominica",91.4456,,,3.23842,,
2007,214,"Dominican Republic",83.7914,,,6.14403,,
2007,218,"Ecuador",84.7126,,,2.27621,,
2007,818,"Egypt",68.9971,,,10.88422,,
2007,222,"El Salvador",91.6542,,,4.58024,,
2007,226,"Equatorial Guinea",85.8058,,,2.79816,,
2007,232,"Eritrea",55.4442,,,9.40886,,
2007,233,"Estonia",87.8244,,,6.74432,,
2007,748,"Eswatini",79.047,,,8.07583,,
2007,231,"Ethiopia",59.0473,,,17.24261,,
2007,230,"Ethiopia (...1991)",,,"Not applicable",,,"Not applicable"
2007,242,"Fiji",86.3687,,,4.81187,,
2007,246,"Finland",93.1145,,,1.58307,,
2007,251,"France",95.1833,,,1.60723,"Estimated",
2007,250,"France, metropolitan",95.1833,,,1.60723,,
2007,492,"Monaco",95.1833,,,1.60723,"Estimated",
2007,258,"French Polynesia",95.5228,,,1.98179,,
2007,266,"Gabon",91.9122,,,-1.02084,,
2007,270,"Gambia",87.1671,,,5.3699,,
2007,268,"Georgia",83.433,,,9.24554,,
2007,276,"Germany",96.0065,,,2.27077,,
2007,288,"Ghana",71.1022,,,10.72853,,
2007,300,"Greece",90.4133,,,2.98895,,
2007,308,"Grenada",89.766,,,3.85977,,
2007,320,"Guatemala",84.8865,,,6.82226,,
2007,324,"Guinea",69.8951,,,22.8605,,
2007,624,"Guinea-Bissau",91.0737,,,4.62727,,
2007,328,"Guyana",86.1466,,,12.20007,,
2007,332,"Haiti",81.7801,,,6.91325,,
2007,340,"Honduras",81.2685,,,6.93663,,
2007,348,"Hungary",86.2924,,,7.96592,,
2007,352,"Iceland",75.1792,,,5.06692,,
2007,356,"India",73.8428,,,6.2041,,
2007,360,"Indonesia",82.6014,,,6.3195,,
2007,960,"Indonesia (...2002)",,,"Not applicable",,,"Not applicable"
2007,364,"Iran (Islamic Republic of)",64.1296,,,18.41153,,
2007,368,"Iraq",97.1696,,,30.76923,,
2007,372,"Ireland",100.2682,,,2.88878,,
2007,376,"Israel",90.1118,,,0.51683,,
2007,380,"Italy",94.363,,,2.02453,,
2007,388,"Jamaica",66.4089,,,9.28684,,
2007,392,"Japan",100.7139,,,0.04609,,
2007,400,"Jordan",85.6544,,,4.27816,,
2007,398,"Kazakhstan",74.2628,,,10.77877,,
2007,404,"Kenya",75.5056,,,4.2707,,
2007,296,"Kiribati",83.3643,,,3.5791,,
2007,410,"Korea, Republic of",90.3176,,,2.53546,,
2007,414,"Kuwait",86.0584,,,5.46448,,
2007,417,"Kyrgyzstan",69.622,,,10.22941,,
2007,418,"Lao People's Dem. Rep.",87.5435,,,4.66084,,
2007,428,"Latvia",85.068,,,10.08172,,
2007,426,"Lesotho",81.2744,,,8.01281,,
2007,430,"Liberia",73.8447,,,11.39103,,
2007,434,"Libya",86.2944,,,6.21148,,
2007,440,"Lithuania",85.4024,,,5.81816,,
2007,442,"Luxembourg",93.446,,,2.65504,,
2007,450,"Madagascar",76.8674,,,10.28837,,
2007,454,"Malawi",78.9917,,,7.93989,,
2007,458,"Malaysia",92.6922,,,2.02604,,
2007,462,"Maldives",80.4379,,,6.7952,,
2007,466,"Mali",88.4108,,,1.4133,,
2007,470,"Malta",91.9239,,,0.69696,,
2007,584,"Marshall Islands",85.2808,,,2.63634,,
2007,478,"Mauritania",85.726,,,7.25403,,
2007,480,"Mauritius",86.3706,,,8.82576,,
2007,484,"Mexico",86.7336,,,3.96956,,
2007,583,"Micronesia (Federated States of)",83.7295,,,3.63916,,
2007,498,"Moldova, Republic of",82.6423,,,12.38172,,
2007,496,"Mongolia",67.0559,,,9.64172,,
2007,499,"Montenegro",,,"Not applicable",,,"Not applicable"
2007,500,"Montserrat",90.8412,,,2.71129,,
2007,504,"Morocco",93.334,,,2.03647,,
2007,508,"Mozambique",74.8469,,,10.40555,,
2007,104,"Myanmar",72.1519,,,35.02487,,
2007,516,"Namibia",79.8673,,,6.54841,,
2007,520,"Nauru",82.4712,,,5.6009,,
2007,524,"Nepal",75.9663,,,6.20259,,
2007,528,"Netherlands (Kingdom of the)",96.0009,,,1.58767,,
2007,540,"New Caledonia",94.3417,,,0.93132,,
2007,554,"New Zealand",92.0792,,,2.37563,,
2007,558,"Nicaragua",76.3234,,,11.12705,,
2007,562,"Niger",88.5955,,,0.05327,,
2007,566,"Nigeria",70.016,,,5.38774,,
2007,807,"North Macedonia",91.6148,,,2.25122,,
2007,579,"Norway",92.082,,,0.71201,,
2007,512,"Oman",83.1008,,,5.89215,,
2007,586,"Pakistan",67.8261,,,7.76932,,
2007,585,"Palau",85.9572,,,3.01959,,
2007,591,"Panama",86.7547,,,4.16818,,
2007,598,"Papua New Guinea",80.3427,,,0.91137,,
2007,600,"Paraguay",84.554,,,8.12877,,
2007,604,"Peru",90.4491,,,1.77883,,
2007,608,"Philippines",85.4599,,,2.91526,,
2007,616,"Poland",90.0125,,,2.47208,,
2007,620,"Portugal",96.9557,,,2.42272,,
2007,634,"Qatar",93.5897,,,13.73938,,
2007,642,"Romania",82.762,,,4.83501,,
2007,643,"Russian Federation",73.4597,,,9.00771,,
2007,646,"Rwanda",76.7259,,,9.08066,,
2007,659,"Saint Kitts and Nevis",92.2665,,,4.48177,,
2007,662,"Saint Lucia",91.9042,,,2.82329,,
2007,670,"Saint Vincent and the Grenadines",89.7865,,,6.99367,,
2007,882,"Samoa",82.2493,,,4.48248,,
2007,674,"San Marino",91.5876,,,2.47435,,
2007,678,"Sao Tome and Principe",57.1548,,,18.55002,,
2007,682,"Saudi Arabia",87.1575,,,4.97608,,
2007,686,"Senegal",95.038,,,5.86353,,
2007,688,"Serbia",,,"Not applicable",,,"Not applicable"
2007,690,"Seychelles",56.7795,,,5.32431,,
2007,694,"Sierra Leone",80.2251,,,16.97886,,
2007,702,"Singapore",90.6679,,,2.10521,,
2007,534,"Sint Maarten (Dutch part)",,,"Not applicable",,,"Not applicable"
2007,703,"Slovakia",94.6461,,,1.89986,,
2007,705,"Slovenia",92.2041,,,3.66413,,
2007,090,"Solomon Islands",78.8123,,,7.65346,,
2007,710,"South Africa",80.6437,,,7.13786,,
2007,728,"South Sudan",,,"Not applicable",,,"Not applicable"
2007,724,"Spain",94.3364,,,2.8438,,
2007,144,"Sri Lanka",82.9988,,,15.84203,,
2007,275,"State of Palestine",85.3592,,,1.85836,,
2007,729,"Sudan",,,"Not applicable",,,"Not applicable"
2007,736,"Sudan (...2011)",69.6059,,,14.75412,,
2007,740,"Suriname",81.7896,,,6.42732,,
2007,752,"Sweden",93.1505,,,1.67868,,
2007,757,"Switzerland, Liechtenstein",97.4296,,,0.73459,,
2007,438,"Liechtenstein",97.4296,,,0.73459,"Estimated",
2007,756,"Switzerland",97.4296,,,0.73459,"Estimated",
2007,760,"Syrian Arab Republic",80.409,,,3.90773,,
2007,762,"Tajikistan",73.2912,,,13.16821,,
2007,834,"Tanzania, United Republic of",75.4365,,,7.02756,,
2007,764,"Thailand",92.5775,,,2.16625,,
2007,626,"Timor-Leste",88.6892,,,8.63858,,
2007,768,"Togo",89.0419,,,0.43269,,
2007,776,"Tonga",85.0626,,,5.03954,,
2007,780,"Trinidad and Tobago",75.4591,,,7.87391,,
2007,788,"Tunisia",88.209,,,3.42149,,
2007,792,"Türkiye",78.4927,,,8.75603,,
2007,795,"Turkmenistan",85.884,,,6.25916,,
2007,796,"Turks and Caicos Islands",88.8196,,,2.26358,,
2007,798,"Tuvalu",92.5155,,,2.28553,,
2007,800,"Uganda",75.9463,,,6.08884,,
2007,804,"Ukraine",63.0131,,,12.84295,,
2007,784,"United Arab Emirates",92.683,,,11.12771,,
2007,926,"United Kingdom",91.4619,,,2.32325,,
2007,826,"United Kingdom excl. Channel Islands and Isle of Man",91.4619,,,2.32325,"Estimated",
2007,842,"United States of America",95.0788,,,2.87064,,
2007,630,"Puerto Rico",92.4961,,,4.22782,,
2007,840,"United States of America excluding Puerto Rico and United States Virgin Islands",95.0788,,,2.87064,"Estimated",
2007,858,"Uruguay",81.1474,,,8.11526,,
2007,860,"Uzbekistan",70.0914,,,11.15524,,
2007,548,"Vanuatu",88.9937,,,3.93548,,
2007,862,"Venezuela (Bolivarian Rep. of)",47.0883,,,18.6982,,
2007,704,"Viet Nam",69.6947,,,8.3486,,
2007,887,"Yemen",72.9221,,,7.90482,,
2007,894,"Zambia",72.2819,,,10.65407,,
2007,716,"Zimbabwe",35.556,,,-72.72938,,
2007,0000,"World",91.0632,,,3.42456,,
2007,5100,"Africa",75.4576,,,6.79963,,
2007,5110,"Northern Africa",77.9416,,,7.70173,,
2007,5120,"Sub-Saharan Africa",74.1124,,,6.28461,,
2007,5121,"Eastern Africa",69.1795,,,4.77738,,
2007,5122,"Middle Africa",71.2422,,,8.14198,,
2007,5123,"Southern Africa",80.4764,,,7.13521,,
2007,5124,"Western Africa",73.4195,,,5.59187,,
2007,5200,"Americas",93.0988,,,3.1767,,
2007,5210,"Northern America",95.1231,,,2.81409,,
2007,5220,"Latin America and the Caribbean",85.222,,,4.79451,,
2007,5221,"Caribbean",85.9949,,,5.99204,,
2007,5222,"Central America",86.2006,,,4.37879,,
2007,5223,"South America",84.7733,,,4.88705,,
2007,5300,"Asia",89.5275,,,4.2593,,
2007,5310,"Central Asia",74.1013,,,10.47631,,
2007,5330,"Eastern Asia",94.9487,,,2.57313,,
2007,5350,"South-eastern Asia",85.4238,,,4.73376,,
2007,5320,"Southern Asia",71.8348,,,8.81304,,
2007,5340,"Western Asia",85.5288,,,8.21727,,
2007,5400,"Europe",91.9605,,,2.6968,,
2007,5410,"Eastern Europe",78.4531,,,7.11504,,
2007,5420,"Northern Europe",92.1151,,,2.17933,,
2007,5430,"Southern Europe",93.9824,,,2.3964,,
2007,5440,"Western Europe",95.6532,,,1.8515,,
2007,5500,"Oceania",91.4592,,,2.34803,,
2007,5600,"Asia and Oceania",89.646,,,4.13501,,
2007,5702,"Northern America and Europe",93.5013,,,2.7552,,
2007,5706,"Europe, Northern America, Australia and New Zealand",93.4396,,,2.74287,,
2007,5703,"Central and Southern Asia",72.0335,,,8.96051,,
2007,5704,"Eastern and South-Eastern Asia",93.6816,,,2.84508,,
2007,5705,"Western Asia and Northern Africa",83.694,,,8.09975,,
2007,1400,"Developing economies",84.8619,,,5.86662,,
2007,1410,"Developing economies: Africa",75.4576,,,6.79963,,
2007,1420,"Developing economies: Americas",85.222,,,4.79451,,
2007,1460,"Developing economies: Asia and Oceania",86.1609,,,6.10814,,
2007,1430,"Developing economies: Asia",86.1603,,,6.12028,,
2007,1450,"Developing economies: Oceania",86.4347,,,1.98558,,
2007,1500,"Developed economies",94.022,,,2.45015,,
2007,1520,"Developed economies: Americas",95.1231,,,2.81409,,
2007,1560,"Developed economies: Asia and Oceania",96.8257,,,0.84966,,
2007,1530,"Developed economies: Asia",97.9821,,,0.54407,,
2007,1550,"Developed economies: Oceania",91.6131,,,2.35855,,
2007,1540,"Developed economies: Europe",91.9605,,,2.6968,,
2007,1600,"Developing economies excluding China",81.6083,,,6.31214,,
2007,1601,"Developing economies excluding LDCs",85.3174,,,5.69389,,
2007,1610,"LDCs (Least developed countries)",73.2793,,,10.76176,,
2007,1612,"LDCs: Asia",76.9184,,,11.08793,,
2007,1614,"LDCs: Africa",70.7128,,,10.70128,,
2007,1615,"LDCs: Islands and Haiti",81.814,,,7.06597,,
2007,1620,"LLDCs (Landlocked developing countries)",74.3748,,,7.82328,,
2007,1640,"SIDS (Small island developing States) (UN-OHRLLS)",88.1625,,,4.05567,,
2007,1641,"SIDS: Atlantic and Indian Ocean",88.6974,,,4.753,,
2007,1642,"SIDS: Caribbean",85.98,,,6.06031,,
2007,1643,"SIDS: Pacific",90.053,,,2.11314,,
2007,2623,"Low-income developing economies",70.3309,,,10.2517,,
2007,2622,"Middle-income developing economies",77.2258,,,7.02716,,
2007,2621,"High-income developing economies",88.2229,,,5.29276,,
2007,2711,"BRICS",85.8618,,,5.41938,,
2007,3412,"European Union (2020 …)",94.4009,,,2.24416,,
2007,3916,"G20 (Group of Twenty)",92.2981,,,3.06268,,
2007,3919,"G-77 (Group of 77)",84.7231,,,6.00776,,
2007,3905,"OECD (Organisation for Economic Cooperation and Development)",94.4559,,,2.37479,,
2008,0001,"Individual economies",,,"Not applicable",,,"Not applicable"
2008,008,"Albania",94.4042,,,3.30981,,
2008,012,"Algeria",91.0115,,,4.85521,,
2008,020,"Andorra",99.5331,,,4.34725,,
2008,024,"Angola",76.8128,,,12.46401,,
2008,660,"Anguilla",98.6,,,7.40741,,
2008,028,"Antigua and Barbuda",97.2751,,,5.33348,,
2008,032,"Argentina",85.1888,,,8.58188,,
2008,051,"Armenia",89.322,,,9.11522,,
2008,533,"Aruba",100.1037,,,8.96024,,
2008,036,"Australia",95.5255,,,4.34783,,
2008,040,"Austria",97.9377,,,3.22931,,
2008,031,"Azerbaijan",93.3789,,,20.78271,,
2008,044,"Bahamas",96.7921,,,4.43321,,
2008,048,"Bahrain",95.4185,,,3.53445,,
2008,050,"Bangladesh",87.3689,,,9.93704,,
2008,052,"Barbados",91.1738,,,8.10813,,
2008,112,"Belarus",82.1718,,,14.82803,,
2008,056,"Belgium",97.7251,,,4.48846,,
2008,084,"Belize",100.1966,,,6.39482,,
2008,204,"Benin",96.9984,,,6.80099,,
2008,060,"Bermuda",95.9039,,,4.77869,,
2008,064,"Bhutan",89.0495,,,6.3001,,
2008,068,"Bolivia (Plurinational State of)",94.4012,,,14.00817,,
2008,070,"Bosnia and Herzegovina",98.2955,,,7.42652,,
2008,072,"Botswana",86.4892,,,12.62302,,
2008,076,"Brazil",90.766,,,5.6783,,
2008,092,"British Virgin Islands",94.8878,,,7.51207,,
2008,096,"Brunei Darussalam",98.623,,,2.08469,,
2008,100,"Bulgaria",94.7126,,,11.95035,,
2008,854,"Burkina Faso",99.7497,,,10.66855,,
2008,108,"Burundi",84.9341,,,24.40775,,
2008,132,"Cabo Verde",96.9944,,,6.77487,,
2008,116,"Cambodia",96.7983,,,24.99787,,
2008,120,"Cameroon",95.8243,,,5.3378,,
2008,124,"Canada",97.9608,,,2.37057,,
2008,136,"Cayman Islands",101.264,,,4.10767,,
2008,140,"Central African Republic",95.1292,,,9.24903,,
2008,148,"Chad",92.7816,,,8.33159,,
2008,152,"Chile",97.156,,,8.72253,,
2008,156,"China",97.6314,,,5.90798,,
2008,344,"China, Hong Kong SAR",97.1953,,,4.30217,,
2008,446,"China, Macao SAR",96.1433,,,8.61126,,
2008,158,"China, Taiwan Province of",99.9169,,,3.52753,,
2008,170,"Colombia",93.8481,,,7.0016,,
2008,174,"Comoros",91.8491,,,4.81611,,
2008,178,"Congo",95.4672,,,6.02052,,
2008,180,"Congo, Dem. Rep. of the",55.4392,,,17.96624,,
2008,184,"Cook Islands",94.3355,,,4.86025,,
2008,188,"Costa Rica",87.758,,,13.42376,,
2008,384,"Côte d'Ivoire",97.7721,,,1.70455,,
2008,191,"Croatia",96.7757,,,5.8039,,
2008,192,"Cuba",96.7491,,,1.78439,,
2008,531,"Curaçao",,,"Not applicable",,,"Not applicable"
2008,196,"Cyprus",97.33,,,4.3849,,
2008,203,"Czechia",97.5542,,,6.35864,,
2008,208,"Denmark",96.8396,,,3.6381,,
2008,262,"Djibouti",92.4437,,,8.73002,,
2008,212,"Dominica",97.2606,,,6.35904,,
2008,214,"Dominican Republic",92.7101,,,10.64397,,
2008,218,"Ecuador",91.8291,,,8.40071,,
2008,818,"Egypt",77.0995,,,11.74304,,
2008,222,"El Salvador",98.3065,,,7.25803,,
2008,226,"Equatorial Guinea",89.7972,,,4.65177,,
2008,232,"Eritrea",67.735,,,22.16801,,
2008,233,"Estonia",97.1397,,,10.60671,,
2008,748,"Eswatini",89.0522,,,12.6573,,
2008,231,"Ethiopia",85.2494,,,44.37481,,
2008,230,"Ethiopia (...1991)",,,"Not applicable",,,"Not applicable"
2008,242,"Fiji",93.0417,,,7.72613,,
2008,246,"Finland",96.7609,,,3.9161,,
2008,251,"France",98.1913,,,3.16026,"Estimated",
2008,250,"France, metropolitan",98.1913,,,3.16026,,
2008,492,"Monaco",98.1913,,,3.16026,"Estimated",
2008,258,"French Polynesia",98.6006,,,3.22207,,
2008,266,"Gabon",96.7496,,,5.26306,,
2008,270,"Gambia",91.0467,,,4.45083,,
2008,268,"Georgia",91.776,,,9.99964,,
2008,276,"Germany",98.6508,,,2.75436,,
2008,288,"Ghana",82.8378,,,16.50526,,
2008,300,"Greece",94.238,,,4.23018,,
2008,304,"Greenland",96.0719,,,,,"Not available or not separately reported"
2008,308,"Grenada",96.9768,,,8.03287,,
2008,320,"Guatemala",94.5247,,,11.35414,,
2008,324,"Guinea",82.7326,,,18.36675,,
2008,624,"Guinea-Bissau",100.5872,,,10.4459,,
2008,328,"Guyana",93.1259,,,8.10169,,
2008,332,"Haiti",92.012,,,12.51149,,
2008,340,"Honduras",90.5357,,,11.40322,,
2008,348,"Hungary",91.5143,,,6.05134,,
2008,352,"Iceland",84.7118,,,12.67992,,
2008,356,"India",80.5548,,,9.08955,,
2008,360,"Indonesia",90.7531,,,9.86864,,
2008,960,"Indonesia (...2002)",,,"Not applicable",,,"Not applicable"
2008,364,"Iran (Islamic Republic of)",80.3557,,,25.302,,
2008,368,"Iraq",99.8076,,,2.71493,,
2008,372,"Ireland",103.3953,,,3.11871,,
2008,376,"Israel",94.251,,,4.59346,,
2008,380,"Italy",97.6586,,,3.49238,,
2008,388,"Jamaica",81.036,,,22.02594,,
2008,392,"Japan",102.107,,,1.38322,,
2008,400,"Jordan",96.5423,,,12.71146,,
2008,398,"Kazakhstan",86.9974,,,17.14807,,
2008,404,"Kenya",86.9176,,,15.11404,,
2008,296,"Kiribati",94.7561,,,13.66514,,
2008,410,"Korea, Republic of",94.5388,,,4.67376,,
2008,414,"Kuwait",91.4803,,,6.30023,,
2008,417,"Kyrgyzstan",86.693,,,24.51955,,
2008,418,"Lao People's Dem. Rep.",94.2228,,,7.62967,,
2008,428,"Latvia",98.0442,,,15.25387,,
2008,422,"Lebanon",95.0334,,,,,"Not available or not separately reported"
2008,426,"Lesotho",89.9824,,,10.71435,,
2008,430,"Liberia",86.7606,,,17.49059,,
2008,434,"Libya",95.2692,,,10.40021,,
2008,440,"Lithuania",94.8748,,,11.09154,,
2008,442,"Luxembourg",97.2682,,,4.09021,,
2008,450,"Madagascar",84.0129,,,9.29588,,
2008,454,"Malawi",85.8777,,,8.71735,,
2008,458,"Malaysia",97.7254,,,5.42995,,
2008,462,"Maldives",90.1239,,,12.04161,,
2008,466,"Mali",96.5245,,,9.17723,,
2008,470,"Malta",96.2294,,,4.6838,,
2008,584,"Marshall Islands",97.7961,,,14.67535,,
2008,478,"Mauritania",92.024,,,7.34666,,
2008,480,"Mauritius",94.7685,,,9.72299,,
2008,484,"Mexico",91.1825,,,5.12941,,
2008,583,"Micronesia (Federated States of)",89.2327,,,6.57264,,
2008,498,"Moldova, Republic of",93.1415,,,12.7043,,
2008,496,"Mongolia",85.8151,,,27.97538,,
2008,499,"Montenegro",96.2047,,,,,"Not available or not separately reported"
2008,500,"Montserrat",95.2921,,,4.89966,,
2008,504,"Morocco",96.966,,,3.8914,,
2008,508,"Mozambique",85.7018,,,14.5028,,
2008,104,"Myanmar",91.488,,,26.79903,,
2008,516,"Namibia",87.1297,,,9.09313,,
2008,520,"Nauru",83.3247,,,1.03492,,
2008,524,"Nepal",81.0385,,,6.67697,,
2008,528,"Netherlands (Kingdom of the)",98.1237,,,2.21131,,
2008,540,"New Caledonia",97.062,,,2.88351,,
2008,554,"New Zealand",95.7251,,,3.95949,,
2008,558,"Nicaragua",91.4553,,,19.82607,,
2008,562,"Niger",98.6162,,,11.31069,,
2008,566,"Nigeria",78.1241,,,11.58037,,
2008,807,"North Macedonia",99.248,,,8.33179,,
2008,579,"Norway",95.539,,,3.75426,,
2008,512,"Oman",93.5384,,,12.56024,,
2008,586,"Pakistan",75.9616,,,11.99466,,
2008,585,"Palau",94.4933,,,9.93069,,
2008,591,"Panama",94.3529,,,8.75825,,
2008,598,"Papua New Guinea",88.9929,,,10.76657,,
2008,600,"Paraguay",93.1406,,,10.1552,,
2008,604,"Peru",95.684,,,5.78768,,
2008,608,"Philippines",92.4763,,,8.21017,,
2008,616,"Poland",93.9202,,,4.34126,,
2008,620,"Portugal",99.5269,,,2.65196,,
2008,634,"Qatar",107.6923,,,15.06849,,
2008,642,"Romania",89.255,,,7.84539,,
2008,643,"Russian Federation",83.8258,,,14.11126,,
2008,646,"Rwanda",88.5731,,,15.44101,,
2008,659,"Saint Kitts and Nevis",97.1564,,,5.29977,,
2008,662,"Saint Lucia",97.0042,,,5.5492,,
2008,670,"Saint Vincent and the Grenadines",98.8759,,,10.12332,,
2008,882,"Samoa",87.4029,,,6.26584,,
2008,674,"San Marino",95.3392,,,4.09628,,
2008,678,"Sao Tome and Principe",75.4387,,,31.99022,,
2008,682,"Saudi Arabia",92.4923,,,6.12078,,
2008,686,"Senegal",101.0582,,,6.33457,,
2008,688,"Serbia",87.1395,,,,,"Not available or not separately reported"
2008,690,"Seychelles",77.7686,,,36.96609,,
2008,694,"Sierra Leone",86.8136,,,8.21245,,
2008,702,"Singapore",96.6776,,,6.62831,,
2008,534,"Sint Maarten (Dutch part)",,,"Not applicable",,,"Not applicable"
2008,703,"Slovakia",98.3848,,,3.95013,,
2008,705,"Slovenia",97.4148,,,5.65125,,
2008,090,"Solomon Islands",92.4761,,,17.33717,,
2008,710,"South Africa",89.5304,,,11.01961,,
2008,728,"South Sudan",,,"Not applicable",,,"Not applicable"
2008,724,"Spain",98.2333,,,4.13084,,
2008,144,"Sri Lanka",90.9964,,,9.6358,,
2008,275,"State of Palestine",93.8028,,,9.89178,,
2008,729,"Sudan",,,"Not applicable",,,"Not applicable"
2008,736,"Sudan (...2011)",79.5577,,,14.29729,,
2008,740,"Suriname",93.7859,,,14.66728,,
2008,752,"Sweden",96.2688,,,3.34758,,
2008,757,"Switzerland, Liechtenstein",99.7953,,,2.42809,,
2008,438,"Liechtenstein",99.7953,,,2.42809,"Estimated",
2008,756,"Switzerland",99.7953,,,2.42809,"Estimated",
2008,760,"Syrian Arab Republic",93.069,,,15.74451,,
2008,762,"Tajikistan",88.2637,,,20.42883,,
2008,834,"Tanzania, United Republic of",83.1887,,,10.2765,,
2008,764,"Thailand",97.6565,,,5.48616,,
2008,626,"Timor-Leste",95.2763,,,7.42719,,
2008,768,"Togo",95.8886,,,7.68922,,
2008,776,"Tonga",93.2434,,,9.61737,,
2008,780,"Trinidad and Tobago",84.5409,,,12.03543,,
2008,788,"Tunisia",92.5454,,,4.91595,,
2008,792,"Türkiye",86.6906,,,10.44412,,
2008,795,"Turkmenistan",98.3706,,,14.53889,,
2008,796,"Turks and Caicos Islands",93.1006,,,4.81997,,
2008,798,"Tuvalu",102.1772,,,10.44341,,
2008,800,"Uganda",85.0942,,,12.04523,,
2008,804,"Ukraine",78.8933,,,25.20135,,
2008,784,"United Arab Emirates",104.0447,,,12.25865,,
2008,926,"United Kingdom",94.7553,,,3.60077,,
2008,826,"United Kingdom excl. Channel Islands and Isle of Man",94.7553,,,3.60077,"Estimated",
2008,842,"United States of America",98.706,,,3.81492,,
2008,630,"Puerto Rico",97.3153,,,5.21011,,
2008,840,"United States of America excluding Puerto Rico and United States Virgin Islands",98.706,,,3.81492,"Estimated",
2008,858,"Uruguay",87.5389,,,7.87646,,
2008,860,"Uzbekistan",79.2919,,,13.1264,,
2008,548,"Vanuatu",93.3025,,,4.84171,,
2008,862,"Venezuela (Bolivarian Rep. of)",61.8935,,,31.44146,,
2008,704,"Viet Nam",85.8053,,,23.11595,,
2008,887,"Yemen",86.76,,,18.97617,,
2008,894,"Zambia",81.2809,,,12.44989,,
2008,716,"Zimbabwe",91.3657,,,156.96253,,
2008,0000,"World",95.6972,,,5.08878,,
2008,5100,"Africa",84.2765,,,11.68714,,
2008,5110,"Northern Africa",85.0579,,,9.13029,,
2008,5120,"Sub-Saharan Africa",83.8448,,,13.13201,,
2008,5121,"Eastern Africa",85.5856,,,23.71529,,
2008,5122,"Middle Africa",78.829,,,10.64928,,
2008,5123,"Southern Africa",89.3646,,,11.04445,,
2008,5124,"Western Africa",81.5397,,,11.05994,,
2008,5200,"Americas",97.0607,,,4.25563,,
2008,5210,"Northern America",98.6458,,,3.70337,,
2008,5220,"Latin America and the Caribbean",90.8786,,,6.63749,,
2008,5221,"Caribbean",92.7796,,,7.88965,,
2008,5222,"Central America",91.3971,,,6.02836,,
2008,5223,"South America",90.5404,,,6.80289,,
2008,5300,"Asia",95.0977,,,6.22179,,
2008,5310,"Central Asia",86.141,,,16.2476,,
2008,5330,"Eastern Asia",98.7793,,,4.0344,,
2008,5350,"South-eastern Asia",93.3479,,,9.27625,,
2008,5320,"Southern Asia",80.6908,,,12.32835,,
2008,5340,"Western Asia",93.3501,,,9.14457,,
2008,5400,"Europe",96.0092,,,4.40274,,
2008,5410,"Eastern Europe",87.3749,,,11.37214,,
2008,5420,"Northern Europe",95.6121,,,3.79635,,
2008,5430,"Southern Europe",97.545,,,3.7908,,
2008,5440,"Western Europe",98.4541,,,2.92818,,
2008,5500,"Oceania",95.4719,,,4.38741,,
2008,5600,"Asia and Oceania",95.1202,,,6.10655,,
2008,5702,"Northern America and Europe",97.2947,,,4.05704,,
2008,5706,"Europe, Northern America, Australia and New Zealand",97.2375,,,4.06458,,
2008,5703,"Central and Southern Asia",81.1678,,,12.68072,,
2008,5704,"Eastern and South-Eastern Asia",98.0745,,,4.68915,,
2008,5705,"Western Asia and Northern Africa",91.3448,,,9.1413,,
2008,1400,"Developing economies",91.7483,,,8.11488,,
2008,1410,"Developing economies: Africa",84.2765,,,11.68714,,
2008,1420,"Developing economies: Americas",90.8786,,,6.63749,,
2008,1460,"Developing economies: Asia and Oceania",93.1505,,,8.11222,,
2008,1430,"Developing economies: Asia",93.1514,,,8.11415,,
2008,1450,"Developing economies: Oceania",92.8568,,,7.42997,,
2008,1500,"Developed economies",97.6064,,,3.81222,,
2008,1520,"Developed economies: Americas",98.6458,,,3.70337,,
2008,1560,"Developed economies: Asia and Oceania",99.2723,,,2.52681,,
2008,1530,"Developed economies: Asia",100.1028,,,2.1643,,
2008,1550,"Developed economies: Oceania",95.5502,,,4.29757,,
2008,1540,"Developed economies: Europe",96.0092,,,4.40274,,
2008,1600,"Developing economies excluding China",89.054,,,9.12362,,
2008,1601,"Developing economies excluding LDCs",92.0452,,,7.88554,,
2008,1610,"LDCs (Least developed countries)",83.9999,,,14.62975,,
2008,1612,"LDCs: Asia",88.0334,,,14.45045,,
2008,1614,"LDCs: Africa",81.2041,,,14.83645,,
2008,1615,"LDCs: Islands and Haiti",91.9876,,,12.43499,,
2008,1620,"LLDCs (Landlocked developing countries)",88.2875,,,18.70609,,
2008,1640,"SIDS (Small island developing States) (UN-OHRLLS)",94.5664,,,7.26373,,
2008,1641,"SIDS: Atlantic and Indian Ocean",94.5208,,,6.56556,,
2008,1642,"SIDS: Caribbean",92.86,,,8.00175,,
2008,1643,"SIDS: Pacific",96.1257,,,6.74349,,
2008,2623,"Low-income developing economies",81.1373,,,15.36513,,
2008,2622,"Middle-income developing economies",85.3051,,,10.46187,,
2008,2621,"High-income developing economies",94.4457,,,7.05348,,
2008,2711,"BRICS",92.2572,,,7.44845,,
2008,3412,"European Union (2020 …)",97.7268,,,3.52321,,
2008,3916,"G20 (Group of Twenty)",96.3954,,,4.43919,,
2008,3919,"G-77 (Group of 77)",91.7666,,,8.31362,,
2008,3905,"OECD (Organisation for Economic Cooperation and Development)",97.8436,,,3.58658,,
2009,0001,"Individual economies",,,"Not applicable",,,"Not applicable"
2009,008,"Albania",96.5111,,,2.23179,,
2009,012,"Algeria",96.2365,,,5.74102,,
2009,020,"Andorra",98.3223,,,-1.21653,,
2009,024,"Angola",87.3516,,,13.72006,,
2009,660,"Anguilla",97.9,,,-0.70994,,
2009,028,"Antigua and Barbuda",96.7404,,,-0.54968,,
2009,032,"Argentina",90.5301,,,6.26993,,
2009,051,"Armenia",92.4623,,,3.51571,,
2009,533,"Aruba",97.9646,,,-2.13685,,
2009,036,"Australia",97.2164,,,1.77015,,
2009,040,"Austria",98.3348,,,0.40548,,
2009,031,"Azerbaijan",94.6393,,,1.34974,,
2009,044,"Bahamas",98.4041,,,1.66536,,
2009,048,"Bahrain",98.0763,,,2.7854,,
2009,050,"Bangladesh",93.1829,,,6.65462,,
2009,052,"Barbados",94.4967,,,3.64451,,
2009,112,"Belarus",92.8137,,,12.95079,,
2009,056,"Belgium",97.7197,,,-0.00556,,
2009,084,"Belize",99.0902,,,-1.10429,,
2009,204,"Benin",97.7139,,,0.73764,,
2009,060,"Bermuda",97.6332,,,1.80321,,
2009,064,"Bhutan",95.396,,,7.12701,,
2009,068,"Bolivia (Plurinational State of)",97.5583,,,3.34437,,
2009,070,"Bosnia and Herzegovina",97.9211,,,-0.38089,,
2009,072,"Botswana",93.5019,,,8.10816,,
2009,076,"Brazil",95.2027,,,4.8881,,
2009,092,"British Virgin Islands",97.6875,,,2.95054,,
2009,096,"Brunei Darussalam",99.644,,,1.03526,,
2009,100,"Bulgaria",97.0506,,,2.46852,,
2009,854,"Burkina Faso",100.6119,,,0.86438,,
2009,108,"Burundi",93.8998,,,10.55606,,
2009,132,"Cabo Verde",97.9682,,,1.00398,,
2009,116,"Cambodia",96.1566,,,-0.66288,,
2009,120,"Cameroon",98.7368,,,3.03942,,
2009,124,"Canada",98.2536,,,0.29888,,
2009,136,"Cayman Islands",99.7466,,,-1.49845,,
2009,140,"Central African Republic",98.5355,,,3.58069,,
2009,148,"Chad",102.1553,,,10.10302,,
2009,152,"Chile",98.6127,,,1.49931,,
2009,156,"China",96.9224,,,-0.72618,,
2009,344,"China, Hong Kong SAR",97.7589,,,0.57991,,
2009,446,"China, Macao SAR",97.2671,,,1.16882,,
2009,158,"China, Taiwan Province of",99.0439,,,-0.8737,,
2009,170,"Colombia",97.7831,,,4.19291,,
2009,174,"Comoros",96.2475,,,4.78871,,
2009,178,"Congo",99.6107,,,4.34016,,
2009,180,"Congo, Dem. Rep. of the",80.9972,,,46.10091,,
2009,184,"Cook Islands",98.5704,,,4.48927,,
2009,188,"Costa Rica",94.6416,,,7.84387,,
2009,384,"Côte d'Ivoire",98.2792,,,0.5187,,
2009,191,"Croatia",98.9281,,,2.22413,,
2009,192,"Cuba",97.9505,,,1.24178,,
2009,531,"Curaçao",,,"Not applicable",,,"Not applicable"
2009,196,"Cyprus",97.5057,,,0.18043,,
2009,203,"Czechia",98.5487,,,1.01937,,
2009,208,"Denmark",97.8488,,,1.04215,,
2009,262,"Djibouti",97.5757,,,5.55146,,
2009,212,"Dominica",97.2666,,,0.00617,,
2009,214,"Dominican Republic",94.0472,,,1.44225,,
2009,218,"Ecuador",96.5671,,,5.15962,,
2009,818,"Egypt",89.5574,,,16.15821,,
2009,222,"El Salvador",98.8347,,,0.53733,,
2009,226,"Equatorial Guinea",94.9489,,,5.737,,
2009,232,"Eritrea",90.6643,,,33.85152,,
2009,233,"Estonia",97.333,,,0.19895,,
2009,748,"Eswatini",95.685,,,7.44814,,
2009,231,"Ethiopia",92.4778,,,8.47912,,
2009,230,"Ethiopia (...1991)",,,"Not applicable",,,"Not applicable"
2009,242,"Fiji",96.4425,,,3.65519,,
2009,246,"Finland",98.3419,,,1.63393,,
2009,251,"France",98.2902,,,0.10071,"Estimated",
2009,250,"France, metropolitan",98.2902,,,0.10071,,
2009,492,"Monaco",98.2902,,,0.10071,"Estimated",
2009,258,"French Polynesia",98.7096,,,0.11053,,
2009,266,"Gabon",98.5736,,,1.88529,,
2009,270,"Gambia",95.1932,,,4.55427,,
2009,268,"Georgia",93.361,,,1.72703,,
2009,276,"Germany",98.8937,,,0.24617,,
2009,288,"Ghana",93.7222,,,13.13943,,
2009,300,"Greece",95.5075,,,1.34712,,
2009,304,"Greenland",98.1543,,,2.16749,,
2009,308,"Grenada",96.6775,,,-0.30865,,
2009,320,"Guatemala",96.2825,,,1.85968,,
2009,324,"Guinea",86.6057,,,4.6814,,
2009,624,"Guinea-Bissau",98.9401,,,-1.63746,,
2009,328,"Guyana",95.8761,,,2.95324,,
2009,332,"Haiti",97.162,,,5.59713,,
2009,340,"Honduras",95.5117,,,5.49618,,
2009,348,"Hungary",95.3581,,,4.20031,,
2009,352,"Iceland",94.8819,,,12.00551,,
2009,356,"India",90.4741,,,12.31375,,
2009,360,"Indonesia",95.1108,,,4.8017,,
2009,960,"Indonesia (...2002)",,,"Not applicable",,,"Not applicable"
2009,364,"Iran (Islamic Republic of)",89.049,,,10.81852,,
2009,368,"Iraq",97.6279,,,-2.18392,,
2009,372,"Ireland",101.6633,,,-1.67508,,
2009,376,"Israel",97.3771,,,3.31675,,
2009,380,"Italy",98.4063,,,0.76563,,
2009,388,"Jamaica",88.7965,,,9.57652,,
2009,392,"Japan",100.7477,,,-1.3313,,
2009,400,"Jordan",95.3012,,,-1.28553,,
2009,398,"Kazakhstan",93.3484,,,7.30026,,
2009,404,"Kenya",96.076,,,10.53686,,
2009,296,"Kiribati",104.0578,,,9.81643,,
2009,410,"Korea, Republic of",97.1438,,,2.75546,,
2009,414,"Kuwait",95.697,,,4.60942,,
2009,417,"Kyrgyzstan",92.62,,,6.83677,,
2009,418,"Lao People's Dem. Rep.",94.3553,,,0.1406,,
2009,428,"Latvia",101.2393,,,3.25883,,
2009,422,"Lebanon",96.1691,,,1.1951,,
2009,426,"Lesotho",96.6238,,,7.38076,,
2009,430,"Liberia",93.2042,,,7.4269,,
2009,434,"Libya",97.6018,,,2.44851,,
2009,440,"Lithuania",98.8228,,,4.1613,,
2009,442,"Luxembourg",97.2802,,,0.01237,,
2009,450,"Madagascar",91.5358,,,8.95446,,
2009,454,"Malawi",93.1043,,,8.41503,,
2009,458,"Malaysia",98.3083,,,0.59647,,
2009,462,"Maldives",94.2068,,,4.53029,,
2009,466,"Mali",98.8183,,,2.37645,,
2009,470,"Malta",97.9998,,,1.83973,,
2009,584,"Marshall Islands",98.2633,,,0.47781,,
2009,478,"Mauritania",94.068,,,2.22116,,
2009,480,"Mauritius",97.1598,,,2.52332,,
2009,484,"Mexico",96.0115,,,5.29595,,
2009,583,"Micronesia (Federated States of)",96.5083,,,8.15347,,
2009,498,"Moldova, Republic of",93.1467,,,0.00564,,
2009,496,"Mongolia",92.3309,,,7.59281,,
2009,499,"Montenegro",99.6208,,,3.5509,,
2009,500,"Montserrat",97.948,,,2.78716,,
2009,504,"Morocco",99.0708,,,2.17063,,
2009,508,"Mozambique",88.9464,,,3.78593,,
2009,104,"Myanmar",92.8352,,,1.47253,,
2009,516,"Namibia",95.3497,,,9.43426,,
2009,520,"Nauru",102.0082,,,22.42247,,
2009,524,"Nepal",91.2684,,,12.62342,,
2009,528,"Netherlands (Kingdom of the)",99.0787,,,0.97323,,
2009,540,"New Caledonia",97.9325,,,0.89686,,
2009,554,"New Zealand",97.7501,,,2.11549,,
2009,558,"Nicaragua",94.8273,,,3.68705,,
2009,562,"Niger",99.0649,,,0.45497,,
2009,566,"Nigeria",87.9186,,,12.53716,,
2009,807,"North Macedonia",98.515,,,-0.73857,,
2009,579,"Norway",97.638,,,2.19701,,
2009,512,"Oman",96.8474,,,3.53753,,
2009,586,"Pakistan",90.8242,,,19.56593,,
2009,585,"Palau",98.9189,,,4.68344,,
2009,591,"Panama",96.6264,,,2.40959,,
2009,598,"Papua New Guinea",95.1453,,,6.91333,,
2009,600,"Paraguay",95.5549,,,2.59206,,
2009,604,"Peru",98.4931,,,2.93573,,
2009,608,"Philippines",96.3973,,,4.23997,,
2009,616,"Poland",97.4752,,,3.78519,,
2009,620,"Portugal",98.628,,,-0.90318,,
2009,634,"Qatar",102.4476,,,-4.87013,,
2009,642,"Romania",94.239,,,5.584,,
2009,643,"Russian Federation",93.5888,,,11.64678,,
2009,646,"Rwanda",97.7336,,,10.34225,,
2009,659,"Saint Kitts and Nevis",99.1555,,,2.05758,,
2009,662,"Saint Lucia",96.8528,,,-0.15612,,
2009,670,"Saint Vincent and the Grenadines",99.2443,,,0.37261,,
2009,882,"Samoa",100.2008,,,14.64241,,
2009,674,"San Marino",97.643,,,2.41641,,
2009,678,"Sao Tome and Principe",88.2307,,,16.95681,,
2009,682,"Saudi Arabia",96.434,,,4.26173,,
2009,686,"Senegal",98.7872,,,-2.24726,,
2009,688,"Serbia",94.2125,,,8.11695,,
2009,690,"Seychelles",102.4636,,,31.7544,,
2009,694,"Sierra Leone",93.2971,,,7.46832,,
2009,702,"Singapore",97.2543,,,0.59642,,
2009,534,"Sint Maarten (Dutch part)",,,"Not applicable",,,"Not applicable"
2009,703,"Slovakia",99.3064,,,0.9367,,
2009,705,"Slovenia",98.2359,,,0.84291,,
2009,090,"Solomon Islands",99.1035,,,7.16662,,
2009,710,"South Africa",95.959,,,7.18042,,
2009,728,"South Sudan",,,"Not applicable",,,"Not applicable"
2009,724,"Spain",97.9984,,,-0.23914,,
2009,144,"Sri Lanka",94.1176,,,3.43008,,
2009,275,"State of Palestine",96.3847,,,2.75249,,
2009,729,"Sudan",,,"Not applicable",,,"Not applicable"
2009,736,"Sudan (...2011)",88.5133,,,11.25675,,
2009,740,"Suriname",93.5029,,,-0.30178,,
2009,752,"Sweden",98.1344,,,1.93789,,
2009,757,"Switzerland, Liechtenstein",99.3171,,,-0.47923,,
2009,438,"Liechtenstein",99.3171,,,-0.47923,"Estimated",
2009,756,"Switzerland",99.3171,,,-0.47923,"Estimated",
2009,760,"Syrian Arab Republic",95.788,,,2.92149,,
2009,762,"Tajikistan",93.9296,,,6.41928,,
2009,834,"Tanzania, United Republic of",93.2912,,,12.14401,,
2009,764,"Thailand",96.807,,,-0.8699,,
2009,626,"Timor-Leste",95.077,,,-0.20924,,
2009,768,"Togo",99.7887,,,4.06736,,
2009,776,"Tonga",98.3527,,,5.47957,,
2009,780,"Trinidad and Tobago",90.468,,,7.01089,,
2009,788,"Tunisia",95.8215,,,3.54006,,
2009,792,"Türkiye",92.1093,,,6.25065,,
2009,795,"Turkmenistan",95.7424,,,-2.6718,,
2009,796,"Turks and Caicos Islands",96.8994,,,4.08026,,
2009,798,"Tuvalu",101.8876,,,-0.28348,,
2009,800,"Uganda",96.1698,,,13.01562,,
2009,804,"Ukraine",91.437,,,15.89964,,
2009,784,"United Arab Emirates",99.1289,,,-4.72465,,
2009,926,"United Kingdom",96.8073,,,2.16563,,
2009,826,"United Kingdom excl. Channel Islands and Isle of Man",96.8073,,,2.16563,"Estimated",
2009,842,"United States of America",98.39,,,-0.32009,,
2009,630,"Puerto Rico",97.5859,,,0.27811,,
2009,840,"United States of America excluding Puerto Rico and United States Virgin Islands",98.39,,,-0.32009,"Estimated",
2009,858,"Uruguay",93.7265,,,7.06842,,
2009,860,"Uzbekistan",89.0433,,,12.29816,,
2009,548,"Vanuatu",97.3116,,,4.29682,,
2009,862,"Venezuela (Bolivarian Rep. of)",78.0107,,,26.04021,,
2009,704,"Viet Nam",91.5686,,,6.71674,,
2009,887,"Yemen",89.9483,,,3.67495,,
2009,894,"Zambia",92.1656,,,13.39147,,
2009,716,"Zimbabwe",97.0453,,,6.21637,,
2009,0000,"World",97.2221,,,1.59348,,
2009,5100,"Africa",92.5623,,,9.83171,,
2009,5110,"Northern Africa",93.0727,,,9.42276,,
2009,5120,"Sub-Saharan Africa",92.2798,,,10.06027,,
2009,5121,"Eastern Africa",94.232,,,10.10262,,
2009,5122,"Middle Africa",90.2834,,,14.53071,,
2009,5123,"Southern Africa",95.8648,,,7.27377,,
2009,5124,"Western Africa",89.9537,,,10.31897,,
2009,5200,"Americas",97.7447,,,0.7047,,
2009,5210,"Northern America",98.379,,,-0.27047,,
2009,5220,"Latin America and the Caribbean",95.2058,,,4.76158,,
2009,5221,"Caribbean",95.3305,,,2.74939,,
2009,5222,"Central America",96.0241,,,5.06253,,
2009,5223,"South America",94.8737,,,4.78606,,
2009,5300,"Asia",96.6661,,,1.64927,,
2009,5310,"Central Asia",92.4976,,,7.37926,,
2009,5330,"Eastern Asia",98.2104,,,-0.57594,,
2009,5350,"South-eastern Asia",95.8344,,,2.66363,,
2009,5320,"Southern Asia",90.5288,,,12.19214,,
2009,5340,"Western Asia",95.7595,,,2.58102,,
2009,5400,"Europe",97.7164,,,1.77815,,
2009,5410,"Eastern Europe",94.8411,,,8.54499,,
2009,5420,"Northern Europe",97.4304,,,1.90169,,
2009,5430,"Southern Europe",98.0284,,,0.49549,,
2009,5440,"Western Europe",98.6559,,,0.20495,,
2009,5500,"Oceania",97.2694,,,1.88277,,
2009,5600,"Asia and Oceania",96.7026,,,1.66351,,
2009,5702,"Northern America and Europe",98.0445,,,0.77065,,
2009,5706,"Europe, Northern America, Australia and New Zealand",98.0188,,,0.80357,,
2009,5703,"Central and Southern Asia",90.7032,,,11.74776,,
2009,5704,"Eastern and South-Eastern Asia",97.9072,,,-0.17058,,
2009,5705,"Western Asia and Northern Africa",95.1144,,,4.12688,,
2009,1400,"Developing economies",95.1415,,,3.69835,,
2009,1410,"Developing economies: Africa",92.5623,,,9.83171,,
2009,1420,"Developing economies: Americas",95.2058,,,4.76158,,
2009,1460,"Developing economies: Asia and Oceania",95.483,,,2.50399,,
2009,1430,"Developing economies: Asia",95.4796,,,2.49935,,
2009,1450,"Developing economies: Oceania",96.8069,,,4.25397,,
2009,1500,"Developed economies",98.2485,,,0.65785,,
2009,1520,"Developed economies: Americas",98.379,,,-0.27047,,
2009,1560,"Developed economies: Asia and Oceania",99.3338,,,0.06193,,
2009,1530,"Developed economies: Asia",99.8,,,-0.30243,,
2009,1550,"Developed economies: Oceania",97.283,,,1.81348,,
2009,1540,"Developed economies: Europe",97.7164,,,1.77815,,
2009,1600,"Developing economies excluding China",94.2402,,,5.82369,,
2009,1601,"Developing economies excluding LDCs",95.2704,,,3.50403,,
2009,1610,"LDCs (Least developed countries)",91.7025,,,9.16975,,
2009,1612,"LDCs: Asia",92.5984,,,5.18556,,
2009,1614,"LDCs: Africa",90.9148,,,11.95844,,
2009,1615,"LDCs: Islands and Haiti",97.0027,,,5.45198,,
2009,1620,"LLDCs (Landlocked developing countries)",93.9671,,,6.4331,,
2009,1640,"SIDS (Small island developing States) (UN-OHRLLS)",96.4277,,,1.96831,,
2009,1641,"SIDS: Atlantic and Indian Ocean",97.6125,,,3.27092,,
2009,1642,"SIDS: Caribbean",95.3336,,,2.66389,,
2009,1643,"SIDS: Pacific",97.1807,,,1.09754,,
2009,2623,"Low-income developing economies",91.5528,,,12.83676,,
2009,2622,"Middle-income developing economies",92.6216,,,8.57691,,
2009,2621,"High-income developing economies",96.1352,,,1.78889,,
2009,2711,"BRICS",95.4322,,,3.44148,,
2009,3412,"European Union (2020 …)",98.3353,,,0.62265,,
2009,3916,"G20 (Group of Twenty)",97.5191,,,1.16567,,
2009,3919,"G-77 (Group of 77)",95.0986,,,3.63088,,
2009,3905,"OECD (Organisation for Economic Cooperation and Development)",98.2897,,,0.45593,,
2010,0001,"Individual economies",,,"Not applicable",,,"Not applicable"
2010,004,"Afghanistan",100,,,,,"Not available or not separately reported"
2010,008,"Albania",100,,,3.61499,,
2010,012,"Algeria",100,,,3.91067,,
2010,020,"Andorra",100,,,1.70638,,
2010,024,"Angola",100,,,14.47993,,
2010,660,"Anguilla",100,,,2.14505,,
2010,028,"Antigua and Barbuda",100,,,3.36947,,
2010,032,"Argentina",100,,,10.46048,,
2010,051,"Armenia",100,,,8.15218,,
2010,533,"Aruba",100,,,2.07766,,
2010,036,"Australia",100,,,2.86326,,
2010,040,"Austria",100,,,1.69337,,
2010,031,"Azerbaijan",100,,,5.66436,,
2010,044,"Bahamas",100,,,1.62181,,
2010,048,"Bahrain",100,,,1.96147,,
2010,050,"Bangladesh",100,,,7.31577,,
2010,052,"Barbados",100,,,5.82383,,
2010,112,"Belarus",100,,,7.74272,,
2010,056,"Belgium",100,,,2.33351,,
2010,084,"Belize",100,,,0.91818,,
2010,204,"Benin",100,,,2.33955,,
2010,060,"Bermuda",100,,,2.42413,,
2010,064,"Bhutan",100,,,4.82617,,
2010,068,"Bolivia (Plurinational State of)",100,,,2.50279,,
2010,070,"Bosnia and Herzegovina",100,,,2.12307,,
2010,072,"Botswana",100,,,6.9497,,
2010,076,"Brazil",100,,,5.03905,,
2010,092,"British Virgin Islands",100,,,2.36724,,
2010,096,"Brunei Darussalam",100,,,0.35727,,
2010,100,"Bulgaria",100,,,3.03902,,
2010,854,"Burkina Faso",100,,,-0.60817,,
2010,108,"Burundi",100,,,6.49649,,
2010,132,"Cabo Verde",100,,,2.0739,,
2010,116,"Cambodia",100,,,3.99698,,
2010,120,"Cameroon",100,,,1.27934,,
2010,124,"Canada",100,,,1.77746,,
2010,136,"Cayman Islands",100,,,0.25406,,
2010,140,"Central African Republic",100,,,1.48626,,
2010,148,"Chad",100,,,-2.10987,,
2010,152,"Chile",100,,,1.40682,,
2010,156,"China",100,,,3.17536,,
2010,344,"China, Hong Kong SAR",100,,,2.29243,,
2010,446,"China, Macao SAR",100,,,2.80971,,
2010,158,"China, Taiwan Province of",100,,,0.96535,,
2010,170,"Colombia",100,,,2.2672,,
2010,174,"Comoros",100,,,3.89878,,
2010,178,"Congo",100,,,0.39085,,
2010,180,"Congo, Dem. Rep. of the",100,,,23.46107,,
2010,184,"Cook Islands",100,,,1.45028,,
2010,188,"Costa Rica",100,,,5.66181,,
2010,384,"Côte d'Ivoire",100,,,1.75093,,
2010,191,"Croatia",100,,,1.0835,,
2010,192,"Cuba",100,,,2.09235,,
2010,531,"Curaçao",,,"Not applicable",,,"Not applicable"
2010,196,"Cyprus",100,,,2.55816,,
2010,203,"Czechia",100,,,1.47272,,
2010,208,"Denmark",100,,,2.19851,,
2010,262,"Djibouti",100,,,2.48458,,
2010,212,"Dominica",100,,,2.81019,,
2010,214,"Dominican Republic",100,,,6.32958,,
2010,218,"Ecuador",100,,,3.55493,,
2010,818,"Egypt",100,,,11.66029,,
2010,222,"El Salvador",100,,,1.179,,
2010,226,"Equatorial Guinea",100,,,5.3198,,
2010,232,"Eritrea",100,,,10.29694,,
2010,233,"Estonia",100,,,2.74011,,
2010,748,"Eswatini",100,,,4.50964,,
2010,231,"Ethiopia",100,,,8.13406,,
2010,230,"Ethiopia (...1991)",,,"Not applicable",,,"Not applicable"
2010,242,"Fiji",100,,,3.68871,,
2010,246,"Finland",100,,,1.68603,,
2010,251,"France",100,,,1.73951,"Estimated",
2010,250,"France, metropolitan",100,,,1.73951,,
2010,492,"Monaco",100,,,1.73951,"Estimated",
2010,258,"French Polynesia",100,,,1.30728,,
2010,266,"Gabon",100,,,1.447,,
2010,270,"Gambia",100,,,5.04949,,
2010,268,"Georgia",100,,,7.11111,,
2010,276,"Germany",100,,,1.11869,,
2010,288,"Ghana",100,,,6.69833,,
2010,300,"Greece",100,,,4.70386,,
2010,304,"Greenland",100,,,1.88042,,
2010,308,"Grenada",100,,,3.43667,,
2010,320,"Guatemala",100,,,3.86101,,
2010,324,"Guinea",100,,,15.46589,,
2010,624,"Guinea-Bissau",100,,,1.07126,,
2010,328,"Guyana",100,,,4.30126,,
2010,332,"Haiti",100,,,2.92092,,
2010,340,"Honduras",100,,,4.69922,,
2010,348,"Hungary",100,,,4.86782,,
2010,352,"Iceland",100,,,5.39416,,
2010,356,"India",100,,,10.52882,,
2010,360,"Indonesia",100,,,5.14056,,
2010,960,"Indonesia (...2002)",,,"Not applicable",,,"Not applicable"
2010,364,"Iran (Islamic Republic of)",100,,,12.29775,,
2010,368,"Iraq",100,,,2.42972,,
2010,372,"Ireland",100,,,-1.63613,,
2010,376,"Israel",100,,,2.69354,,
2010,380,"Italy",100,,,1.61954,,
2010,388,"Jamaica",100,,,12.61711,,
2010,392,"Japan",100,,,-0.74214,,
2010,400,"Jordan",100,,,4.93048,,
2010,398,"Kazakhstan",100,,,7.12552,,
2010,404,"Kenya",100,,,4.08429,,
2010,296,"Kiribati",100,,,-3.89958,,
2010,410,"Korea, Republic of",100,,,2.94019,,
2010,414,"Kuwait",100,,,4.49647,,
2010,417,"Kyrgyzstan",100,,,7.96804,,
2010,418,"Lao People's Dem. Rep.",100,,,5.9824,,
2010,428,"Latvia",100,,,-1.22414,,
2010,422,"Lebanon",100,,,3.98348,,
2010,426,"Lesotho",100,,,3.49419,,
2010,430,"Liberia",100,,,7.29125,,
2010,434,"Libya",100,,,2.45708,,
2010,440,"Lithuania",100,,,1.19118,,
2010,442,"Luxembourg",100,,,2.79583,,
2010,450,"Madagascar",100,,,9.24686,,
2010,454,"Malawi",100,,,7.40644,,
2010,458,"Malaysia",100,,,1.72082,,
2010,462,"Maldives",100,,,6.14942,,
2010,466,"Mali",100,,,1.19581,,
2010,470,"Malta",100,,,2.04107,,
2010,584,"Marshall Islands",100,,,1.76735,,
2010,478,"Mauritania",100,,,6.30608,,
2010,480,"Mauritius",100,,,2.92326,,
2010,484,"Mexico",100,,,4.15419,,
2010,583,"Micronesia (Federated States of)",100,,,3.61804,,
2010,498,"Moldova, Republic of",100,,,7.35752,,
2010,496,"Mongolia",100,,,8.30615,,
2010,499,"Montenegro",100,,,0.38063,,
2010,500,"Montserrat",100,,,2.09495,,
2010,504,"Morocco",100,,,0.93796,,
2010,508,"Mozambique",100,,,12.42727,,
2010,104,"Myanmar",100,,,7.71782,,
2010,516,"Namibia",100,,,4.87705,,
2010,520,"Nauru",100,,,-1.96862,,
2010,524,"Nepal",100,,,9.56699,,
2010,528,"Netherlands (Kingdom of the)",100,,,0.92986,,
2010,540,"New Caledonia",100,,,2.11111,,
2010,554,"New Zealand",100,,,2.30168,,
2010,558,"Nicaragua",100,,,5.45486,,
2010,562,"Niger",100,,,0.94392,,
2010,566,"Nigeria",100,,,13.74154,,
2010,807,"North Macedonia",100,,,1.50742,,
2010,579,"Norway",100,,,2.41914,,
2010,512,"Oman",100,,,3.25523,,
2010,586,"Pakistan",100,,,10.10287,,
2010,585,"Palau",100,,,1.09294,,
2010,591,"Panama",100,,,3.4914,,
2010,598,"Papua New Guinea",100,,,5.10244,,
2010,600,"Paraguay",100,,,4.65193,,
2010,604,"Peru",100,,,1.53,,
2010,608,"Philippines",100,,,3.73732,,
2010,616,"Poland",100,,,2.59016,,
2010,620,"Portugal",100,,,1.39105,,
2010,634,"Qatar",100,,,-2.38908,,
2010,642,"Romania",100,,,6.11318,,
2010,643,"Russian Federation",100,,,6.85038,,
2010,646,"Rwanda",100,,,2.31899,,
2010,659,"Saint Kitts and Nevis",100,,,0.85171,,
2010,662,"Saint Lucia",100,,,3.24951,,
2010,670,"Saint Vincent and the Grenadines",100,,,0.76146,,
2010,882,"Samoa",100,,,-0.20039,,
2010,674,"San Marino",100,,,2.41386,,
2010,678,"Sao Tome and Principe",100,,,13.33927,,
2010,682,"Saudi Arabia",100,,,3.69783,,
2010,686,"Senegal",100,,,1.22771,,
2010,688,"Serbia",100,,,6.14298,,
2010,690,"Seychelles",100,,,-2.40434,,
2010,694,"Sierra Leone",100,,,7.18449,,
2010,702,"Singapore",100,,,2.82326,,
2010,534,"Sint Maarten (Dutch part)",,,"Not applicable",,,"Not applicable"
2010,703,"Slovakia",100,,,0.69848,,
2010,705,"Slovenia",100,,,1.79577,,
2010,090,"Solomon Islands",100,,,0.9046,,
2010,706,"Somalia",100,,,,,"Not available or not separately reported"
2010,710,"South Africa",100,,,4.21114,,
2010,728,"South Sudan",,,"Not applicable",,,"Not applicable"
2010,724,"Spain",100,,,2.04248,,
2010,144,"Sri Lanka",100,,,6.25,,
2010,275,"State of Palestine",100,,,3.75095,,
2010,729,"Sudan",,,"Not applicable",,,"Not applicable"
2010,736,"Sudan (...2011)",100,,,12.97738,,
2010,740,"Suriname",100,,,6.94859,,
2010,752,"Sweden",100,,,1.90105,,
2010,757,"Switzerland, Liechtenstein",100,,,0.68763,,
2010,438,"Liechtenstein",100,,,0.68763,"Estimated",
2010,756,"Switzerland",100,,,0.68763,"Estimated",
2010,760,"Syrian Arab Republic",100,,,4.39721,,
2010,762,"Tajikistan",100,,,6.46275,,
2010,834,"Tanzania, United Republic of",100,,,7.19125,,
2010,764,"Thailand",100,,,3.29835,,
2010,626,"Timor-Leste",100,,,5.17793,,
2010,768,"Togo",100,,,0.21176,,
2010,776,"Tonga",100,,,1.67491,,
2010,780,"Trinidad and Tobago",100,,,10.53634,,
2010,788,"Tunisia",100,,,4.36068,,
2010,792,"Türkiye",100,,,8.56666,,
2010,795,"Turkmenistan",100,,,4.44699,,
2010,796,"Turks and Caicos Islands",100,,,3.19982,,
2010,798,"Tuvalu",100,,,-1.85263,,
2010,800,"Uganda",100,,,3.9828,,
2010,804,"Ukraine",100,,,9.36489,,
2010,784,"United Arab Emirates",100,,,0.87873,,
2010,926,"United Kingdom",100,,,3.29799,,
2010,826,"United Kingdom excl. Channel Islands and Isle of Man",100,,,3.29799,"Estimated",
2010,842,"United States of America",100,,,1.63633,,
2010,630,"Puerto Rico",100,,,2.47382,,
2010,840,"United States of America excluding Puerto Rico and United States Virgin Islands",100,,,1.63633,"Estimated",
2010,858,"Uruguay",100,,,6.69339,,
2010,860,"Uzbekistan",100,,,12.30488,,
2010,548,"Vanuatu",100,,,2.76268,,
2010,862,"Venezuela (Bolivarian Rep. of)",100,,,28.18753,,
2010,704,"Viet Nam",100,,,9.2077,,
2010,887,"Yemen",100,,,11.17493,,
2010,894,"Zambia",100,,,8.50033,,
2010,716,"Zimbabwe",100,,,3.04465,,
2010,0000,"World",100,,,2.85725,,
2010,5100,"Africa",100,,,8.03535,,
2010,5110,"Northern Africa",100,,,7.44292,,
2010,5120,"Sub-Saharan Africa",100,,,8.36605,,
2010,5121,"Eastern Africa",100,,,6.1211,,
2010,5122,"Middle Africa",100,,,10.76233,,
2010,5123,"Southern Africa",100,,,4.31359,,
2010,5124,"Western Africa",100,,,11.16824,,
2010,5200,"Americas",100,,,2.30734,,
2010,5210,"Northern America",100,,,1.6477,,
2010,5220,"Latin America and the Caribbean",100,,,5.03558,,
2010,5221,"Caribbean",100,,,4.89823,,
2010,5222,"Central America",100,,,4.14049,,
2010,5223,"South America",100,,,5.40332,,
2010,5300,"Asia",100,,,3.44884,,
2010,5310,"Central Asia",100,,,8.11091,,
2010,5330,"Eastern Asia",100,,,1.82219,,
2010,5350,"South-eastern Asia",100,,,4.3467,,
2010,5320,"Southern Asia",100,,,10.46211,,
2010,5340,"Western Asia",100,,,4.42832,,
2010,5400,"Europe",100,,,2.33693,,
2010,5410,"Eastern Europe",100,,,5.43952,,
2010,5420,"Northern Europe",100,,,2.63741,,
2010,5430,"Southern Europe",100,,,2.01128,,
2010,5440,"Western Europe",100,,,1.36241,,
2010,5500,"Oceania",100,,,2.80726,,
2010,5600,"Asia and Oceania",100,,,3.40987,,
2010,5702,"Northern America and Europe",100,,,1.99454,,
2010,5706,"Europe, Northern America, Australia and New Zealand",100,,,2.0212,,
2010,5703,"Central and Southern Asia",100,,,10.24967,,
2010,5704,"Eastern and South-Eastern Asia",100,,,2.13752,,
2010,5705,"Western Asia and Northern Africa",100,,,5.1365,,
2010,1400,"Developing economies",100,,,5.10663,,
2010,1410,"Developing economies: Africa",100,,,8.03535,,
2010,1420,"Developing economies: Americas",100,,,5.03558,,
2010,1460,"Developing economies: Asia and Oceania",100,,,4.73072,,
2010,1430,"Developing economies: Asia",100,,,4.73439,,
2010,1450,"Developing economies: Oceania",100,,,3.29841,,
2010,1500,"Developed economies",100,,,1.78276,,
2010,1520,"Developed economies: Americas",100,,,1.6477,,
2010,1560,"Developed economies: Asia and Oceania",100,,,0.6707,,
2010,1530,"Developed economies: Asia",100,,,0.20038,,
2010,1550,"Developed economies: Oceania",100,,,2.79288,,
2010,1540,"Developed economies: Europe",100,,,2.33693,,
2010,1600,"Developing economies excluding China",100,,,6.11183,,
2010,1601,"Developing economies excluding LDCs",100,,,4.96434,,
2010,1610,"LDCs (Least developed countries)",100,,,9.04833,,
2010,1612,"LDCs: Asia",100,,,7.99318,,
2010,1614,"LDCs: Africa",100,,,9.99306,,
2010,1615,"LDCs: Islands and Haiti",100,,,3.08987,,
2010,1620,"LLDCs (Landlocked developing countries)",100,,,6.42024,,
2010,1640,"SIDS (Small island developing States) (UN-OHRLLS)",100,,,3.70459,,
2010,1641,"SIDS: Atlantic and Indian Ocean",100,,,2.44586,,
2010,1642,"SIDS: Caribbean",100,,,4.89477,,
2010,1643,"SIDS: Pacific",100,,,2.90109,,
2010,2623,"Low-income developing economies",100,,,9.22665,,
2010,2622,"Middle-income developing economies",100,,,7.96613,,
2010,2621,"High-income developing economies",100,,,4.02014,,
2010,2711,"BRICS",100,,,4.7864,,
2010,3412,"European Union (2020 …)",100,,,1.69285,,
2010,3916,"G20 (Group of Twenty)",100,,,2.54406,,
2010,3919,"G-77 (Group of 77)",100,,,5.15405,,
2010,3905,"OECD (Organisation for Economic Cooperation and Development)",100,,,1.74003,,
2011,0001,"Individual economies",,,"Not applicable",,,"Not applicable"
2011,004,"Afghanistan",112.1667,,,12.16675,,
2011,008,"Albania",103.4432,,,3.44321,,
2011,012,"Algeria",104.4997,,,4.49974,,
2011,020,"Andorra",102.5516,,,2.5516,,
2011,024,"Angola",113.4846,,,13.48458,,
2011,660,"Anguilla",104.7,,,4.7,,
2011,028,"Antigua and Barbuda",103.4573,,,3.4573,,
2011,032,"Argentina",109.7784,,,9.77839,,
2011,051,"Armenia",107.494,,,7.49403,,
2011,533,"Aruba",104.3752,,,4.37521,,
2011,036,"Australia",103.3559,,,3.35588,,
2011,040,"Austria",103.5421,,,3.54215,,
2011,031,"Azerbaijan",107.754,,,7.754,,
2011,044,"Bahamas",103.0638,,,3.06375,,
2011,048,"Bahrain",99.6645,,,-0.33549,,
2011,050,"Bangladesh",108.7874,,,8.78745,,
2011,052,"Barbados",109.432,,,9.43197,,
2011,112,"Belarus",153.2274,,,53.22736,,
2011,056,"Belgium",103.352,,,3.35205,,
2011,084,"Belize",101.656,,,1.65597,,
2011,204,"Benin",102.8477,,,2.84769,,
2011,060,"Bermuda",102.6956,,,2.69557,,
2011,064,"Bhutan",108.5523,,,8.5523,,
2011,068,"Bolivia (Plurinational State of)",109.8829,,,9.88286,,
2011,070,"Bosnia and Herzegovina",103.9894,,,3.98939,,
2011,072,"Botswana",108.4728,,,8.4728,,
2011,076,"Brazil",106.6364,,,6.63636,,
2011,092,"British Virgin Islands",102.5292,,,2.52924,,
2011,096,"Brunei Darussalam",100.138,,,0.138,,
2011,100,"Bulgaria",103.387,,,3.38699,,
2011,854,"Burkina Faso",102.7685,,,2.76851,,
2011,108,"Burundi",109.5834,,,9.58338,,
2011,132,"Cabo Verde",104.4734,,,4.47337,,
2011,116,"Cambodia",105.4801,,,5.48015,,
2011,120,"Cameroon",102.9552,,,2.95515,,
2011,124,"Canada",102.9116,,,2.91155,,
2011,136,"Cayman Islands",101.3928,,,1.39275,,
2011,140,"Central African Republic",101.1947,,,1.19466,,
2011,148,"Chad",102.029,,,2.02902,,
2011,152,"Chile",103.3359,,,3.33595,,
2011,156,"China",105.5338,,,5.53375,,
2011,344,"China, Hong Kong SAR",105.3053,,,5.30527,,
2011,446,"China, Macao SAR",105.8055,,,5.80551,,
2011,158,"China, Taiwan Province of",101.424,,,1.42405,,
2011,170,"Colombia",103.4154,,,3.41543,,
2011,174,"Comoros",102.2321,,,2.23209,,
2011,178,"Congo",101.7599,,,1.75989,,
2011,180,"Congo, Dem. Rep. of the",114.9497,,,14.94972,,
2011,184,"Cook Islands",102.477,,,2.477,,
2011,188,"Costa Rica",104.8788,,,4.87878,,
2011,384,"Côte d'Ivoire",104.8951,,,4.89512,,
2011,191,"Croatia",102.2097,,,2.20969,,
2011,192,"Cuba",104.8057,,,4.80565,,
2011,531,"Curaçao",102.3,,,,,"Not available or not separately reported"
2011,196,"Cyprus",103.4818,,,3.48178,,
2011,203,"Czechia",101.9169,,,1.91685,,
2011,208,"Denmark",102.6558,,,2.65582,,
2011,262,"Djibouti",105.2429,,,5.24287,,
2011,212,"Dominica",101.0629,,,1.06292,,
2011,214,"Dominican Republic",108.4595,,,8.45953,,
2011,218,"Ecuador",104.4744,,,4.47442,,
2011,818,"Egypt",111.0543,,,11.05431,,
2011,222,"El Salvador",105.1289,,,5.12894,,
2011,226,"Equatorial Guinea",104.7988,,,4.79876,,
2011,232,"Eritrea",105.8864,,,5.88642,,
2011,233,"Estonia",105.0805,,,5.08055,,
2011,748,"Eswatini",106.1073,,,6.10732,,
2011,231,"Ethiopia",133.2309,,,33.23091,,
2011,230,"Ethiopia (...1991)",,,"Not applicable",,,"Not applicable"
2011,242,"Fiji",107.2823,,,7.28232,,
2011,246,"Finland",103.3239,,,3.32386,,
2011,251,"France",102.2861,,,2.28607,"Estimated",
2011,250,"France, metropolitan",102.2861,,,2.28607,,
2011,492,"Monaco",102.2861,,,2.28607,"Estimated",
2011,258,"French Polynesia",101.8728,,,1.87284,,
2011,266,"Gabon",101.2622,,,1.26216,,
2011,270,"Gambia",104.796,,,4.79603,,
2011,268,"Georgia",108.543,,,8.543,,
2011,276,"Germany",102.4825,,,2.48246,,
2011,288,"Ghana",107.6757,,,7.67572,,
2011,300,"Greece",103.1185,,,3.11852,,
2011,304,"Greenland",101.9404,,,1.94037,,
2011,308,"Grenada",103.0328,,,3.03282,,
2011,320,"Guatemala",106.2152,,,6.21516,,
2011,324,"Guinea",121.3512,,,21.35115,,
2011,624,"Guinea-Bissau",105.0546,,,5.0546,,
2011,328,"Guyana",104.4074,,,4.40738,,
2011,332,"Haiti",105.2409,,,5.2409,,
2011,340,"Honduras",106.762,,,6.76197,,
2011,348,"Hungary",103.9199,,,3.91988,,
2011,352,"Iceland",103.9901,,,3.99014,,
2011,356,"India",109.4993,,,9.49934,,
2011,360,"Indonesia",105.3446,,,5.34462,,
2011,960,"Indonesia (...2002)",,,"Not applicable",,,"Not applicable"
2011,364,"Iran (Islamic Republic of)",121.5283,,,21.52826,,
2011,368,"Iraq",105.6037,,,5.60374,,
2011,372,"Ireland",101.2122,,,1.21216,,
2011,376,"Israel",103.4505,,,3.45051,,
2011,380,"Italy",102.9357,,,2.93571,,
2011,388,"Jamaica",107.5216,,,7.52157,,
2011,392,"Japan",99.7226,,,-0.27735,,
2011,400,"Jordan",104.1791,,,4.17909,,
2011,398,"Kazakhstan",108.3539,,,8.35394,,
2011,404,"Kenya",114.0219,,,14.02186,,
2011,296,"Kiribati",101.4976,,,1.49756,,
2011,410,"Korea, Republic of",104.0256,,,4.02556,,
2011,414,"Kuwait",104.9056,,,4.90557,,
2011,417,"Kyrgyzstan",116.636,,,16.636,,
2011,418,"Lao People's Dem. Rep.",107.5688,,,7.56876,,
2011,428,"Latvia",104.2225,,,4.22247,,
2011,422,"Lebanon",104.9715,,,4.97149,,
2011,426,"Lesotho",105.0366,,,5.03657,,
2011,430,"Liberia",108.4868,,,8.48676,,
2011,434,"Libya",115.9019,,,15.90195,,
2011,440,"Lithuania",104.1244,,,4.12438,,
2011,442,"Luxembourg",103.7259,,,3.7259,,
2011,450,"Madagascar",109.4824,,,9.48244,,
2011,454,"Malawi",107.6257,,,7.62568,,
2011,458,"Malaysia",103.1745,,,3.17446,,
2011,462,"Maldives",111.2729,,,11.27294,,
2011,466,"Mali",102.9561,,,2.95612,,
2011,470,"Malta",102.5134,,,2.51337,,
2011,584,"Marshall Islands",105.3536,,,5.35358,,
2011,478,"Mauritania",105.686,,,5.686,,
2011,480,"Mauritius",106.5319,,,6.53191,,
2011,484,"Mexico",103.4041,,,3.40412,,
2011,583,"Micronesia (Federated States of)",103.8509,,,3.85094,,
2011,498,"Moldova, Republic of",107.6496,,,7.64961,,
2011,496,"Mongolia",108.7173,,,8.71727,,
2011,499,"Montenegro",103.4514,,,3.4514,,
2011,500,"Montserrat",103.6659,,,3.66593,,
2011,504,"Morocco",100.7722,,,0.77222,,
2011,508,"Mozambique",111.1648,,,11.16483,,
2011,104,"Myanmar",105.0214,,,5.02144,,
2011,516,"Namibia",105.0131,,,5.01309,,
2011,520,"Nauru",96.6299,,,-3.37006,,
2011,524,"Nepal",109.5653,,,9.56532,,
2011,528,"Netherlands (Kingdom of the)",102.4716,,,2.47162,,
2011,540,"New Caledonia",102.2851,,,2.28509,,
2011,554,"New Zealand",104.0278,,,4.02778,,
2011,558,"Nicaragua",108.0823,,,8.0823,,
2011,562,"Niger",102.93,,,2.93002,,
2011,566,"Nigeria",110.8246,,,10.82458,,
2011,807,"North Macedonia",103.9051,,,3.90508,,
2011,579,"Norway",101.285,,,1.285,,
2011,512,"Oman",104.0607,,,4.0607,,
2011,586,"Pakistan",113.6616,,,13.6616,,
2011,585,"Palau",102.6335,,,2.63347,,
2011,591,"Panama",105.8753,,,5.8753,,
2011,598,"Papua New Guinea",104.4408,,,4.4408,,
2011,600,"Paraguay",108.2541,,,8.25409,,
2011,604,"Peru",103.3694,,,3.36945,,
2011,608,"Philippines",104.7452,,,4.74524,,
2011,616,"Poland",104.2263,,,4.22632,,
2011,620,"Portugal",103.5549,,,3.55488,,
2011,634,"Qatar",101.9814,,,1.98135,,
2011,642,"Romania",105.795,,,5.795,,
2011,643,"Russian Federation",108.4402,,,8.44016,,
2011,646,"Rwanda",105.6637,,,5.66371,,
2011,659,"Saint Kitts and Nevis",105.8348,,,5.83482,,
2011,662,"Saint Lucia",102.7696,,,2.76957,,
2011,670,"Saint Vincent and the Grenadines",103.1857,,,3.1857,,
2011,882,"Samoa",102.8747,,,2.8747,,
2011,674,"San Marino",102.1794,,,2.17937,,
2011,678,"Sao Tome and Principe",114.3205,,,14.3205,,
2011,682,"Saudi Arabia",103.745,,,3.74498,,
2011,686,"Senegal",103.4045,,,3.40447,,
2011,688,"Serbia",111.1369,,,11.13687,,
2011,690,"Seychelles",102.5589,,,2.55886,,
2011,694,"Sierra Leone",106.7919,,,6.79195,,
2011,702,"Singapore",105.2478,,,5.2478,,
2011,534,"Sint Maarten (Dutch part)",104.5787,,,,,"Not available or not separately reported"
2011,703,"Slovakia",104.0724,,,4.07237,,
2011,705,"Slovenia",101.7991,,,1.79905,,
2011,090,"Solomon Islands",107.4175,,,7.41754,,
2011,706,"Somalia",100.5,,,0.5,,
2011,710,"South Africa",104.9915,,,4.99148,,
2011,728,"South Sudan",,,"Not applicable",,,"Not applicable"
2011,724,"Spain",103.0497,,,3.04969,,
2011,144,"Sri Lanka",106.7227,,,6.72269,,
2011,275,"State of Palestine",102.8754,,,2.87543,,
2011,729,"Sudan",,,"Not applicable",,,"Not applicable"
2011,736,"Sudan (...2011)",118.0964,,,18.09639,,
2011,740,"Suriname",117.6842,,,17.68418,,
2011,752,"Sweden",101.3595,,,1.35952,,
2011,757,"Switzerland, Liechtenstein",100.2283,,,0.2283,,
2011,438,"Liechtenstein",100.2283,,,0.2283,"Estimated",
2011,756,"Switzerland",100.2283,,,0.2283,"Estimated",
2011,760,"Syrian Arab Republic",104.753,,,4.753,,
2011,762,"Tajikistan",112.422,,,12.42203,,
2011,834,"Tanzania, United Republic of",112.6913,,,12.69126,,
2011,764,"Thailand",103.8103,,,3.81034,,
2011,626,"Timor-Leste",113.1742,,,13.17423,,
2011,768,"Togo",103.5577,,,3.55769,,
2011,776,"Tonga",106.0193,,,6.01934,,
2011,780,"Trinidad and Tobago",105.091,,,5.09101,,
2011,788,"Tunisia",103.2401,,,3.24012,,
2011,792,"Türkiye",106.472,,,6.47197,,
2011,795,"Turkmenistan",105.2769,,,5.27686,,
2011,796,"Turks and Caicos Islands",105.1999,,,5.19985,,
2011,798,"Tuvalu",100.5,,,0.49997,,
2011,800,"Uganda",118.6593,,,18.65933,,
2011,804,"Ukraine",107.9581,,,7.95805,,
2011,784,"United Arab Emirates",100.8755,,,0.87546,,
2011,926,"United Kingdom",104.4642,,,4.46418,,
2011,826,"United Kingdom excl. Channel Islands and Isle of Man",104.4642,,,4.46418,"Estimated",
2011,842,"United States of America",103.1397,,,3.13973,,
2011,630,"Puerto Rico",102.8993,,,2.89927,,
2011,840,"United States of America excluding Puerto Rico and United States Virgin Islands",103.1397,,,3.13973,"Estimated",
2011,858,"Uruguay",108.0927,,,8.09273,,
2011,860,"Uzbekistan",112.4468,,,12.44678,,
2011,548,"Vanuatu",100.8743,,,0.87429,,
2011,862,"Venezuela (Bolivarian Rep. of)",126.0906,,,26.09061,,
2011,704,"Viet Nam",118.6775,,,18.67752,,
2011,887,"Yemen",119.5438,,,19.54382,,
2011,894,"Zambia",108.6583,,,8.65831,,
2011,716,"Zimbabwe",103.4712,,,3.47118,,
2011,0000,"World",104.1803,,,4.18028,,
2011,5100,"Africa",109.4018,,,9.40176,,
2011,5110,"Northern Africa",109.4356,,,9.43558,,
2011,5120,"Sub-Saharan Africa",109.3832,,,9.38319,,
2011,5121,"Eastern Africa",114.9017,,,14.9017,,
2011,5122,"Middle Africa",109.5983,,,9.59828,,
2011,5123,"Southern Africa",105.1212,,,5.1212,,
2011,5124,"Western Africa",109.549,,,9.54898,,
2011,5200,"Americas",103.6675,,,3.66753,,
2011,5210,"Northern America",103.1215,,,3.12154,,
2011,5220,"Latin America and the Caribbean",105.8446,,,5.84456,,
2011,5221,"Caribbean",105.872,,,5.87203,,
2011,5222,"Central America",103.7738,,,3.77377,,
2011,5223,"South America",106.6495,,,6.64946,,
2011,5300,"Asia",104.8891,,,4.88909,,
2011,5310,"Central Asia",109.2958,,,9.2958,,
2011,5330,"Eastern Asia",103.4812,,,3.48123,,
2011,5350,"South-eastern Asia",105.9112,,,5.9112,,
2011,5320,"Southern Asia",111.7997,,,11.79975,,
2011,5340,"Western Asia",104.61,,,4.61,,
2011,5400,"Europe",103.4744,,,3.47441,,
2011,5410,"Eastern Europe",107.5928,,,7.59276,,
2011,5420,"Northern Europe",103.5282,,,3.5282,,
2011,5430,"Southern Europe",103.0994,,,3.09943,,
2011,5440,"Western Europe",102.339,,,2.339,,
2011,5500,"Oceania",103.4517,,,3.45173,,
2011,5600,"Asia and Oceania",104.806,,,4.80603,,
2011,5702,"Northern America and Europe",103.2989,,,3.29886,,
2011,5706,"Europe, Northern America, Australia and New Zealand",103.3035,,,3.30352,,
2011,5703,"Central and Southern Asia",111.5727,,,11.57268,,
2011,5704,"Eastern and South-Eastern Asia",103.7849,,,3.78492,,
2011,5705,"Western Asia and Northern Africa",105.7376,,,5.73756,,
2011,1400,"Developing economies",106.5786,,,6.57861,,
2011,1410,"Developing economies: Africa",109.4018,,,9.40176,,
2011,1420,"Developing economies: Americas",105.8446,,,5.84456,,
2011,1460,"Developing economies: Asia and Oceania",106.4239,,,6.42393,,
2011,1430,"Developing economies: Asia",106.4303,,,6.43029,,
2011,1450,"Developing economies: Oceania",103.871,,,3.87097,,
2011,1500,"Developed economies",102.9738,,,2.97377,,
2011,1520,"Developed economies: Americas",103.1215,,,3.12154,,
2011,1560,"Developed economies: Asia and Oceania",101.295,,,1.29498,,
2011,1530,"Developed economies: Asia",100.8314,,,0.83136,,
2011,1550,"Developed economies: Oceania",103.439,,,3.43901,,
2011,1540,"Developed economies: Europe",103.4744,,,3.47441,,
2011,1600,"Developing economies excluding China",107.1404,,,7.14045,,
2011,1601,"Developing economies excluding LDCs",106.3734,,,6.37337,,
2011,1610,"LDCs (Least developed countries)",112.183,,,12.18301,,
2011,1612,"LDCs: Asia",110.0064,,,10.00637,,
2011,1614,"LDCs: Africa",113.9154,,,13.91543,,
2011,1615,"LDCs: Islands and Haiti",106.0025,,,6.00254,,
2011,1620,"LLDCs (Landlocked developing countries)",110.3062,,,10.3062,,
2011,1640,"SIDS (Small island developing States) (UN-OHRLLS)",105.2506,,,5.25056,,
2011,1641,"SIDS: Atlantic and Indian Ocean",102.5573,,,2.5573,,
2011,1642,"SIDS: Caribbean",106.0512,,,6.05125,,
2011,1643,"SIDS: Pacific",105.1029,,,5.10294,,
2011,2623,"Low-income developing economies",113.3637,,,13.36369,,
2011,2622,"Middle-income developing economies",108.2851,,,8.28514,,
2011,2621,"High-income developing economies",105.7391,,,5.73914,,
2011,2711,"BRICS",106.4676,,,6.46761,,
2011,3412,"European Union (2020 …)",102.7408,,,2.74084,,
2011,3916,"G20 (Group of Twenty)",103.7541,,,3.75414,,
2011,3919,"G-77 (Group of 77)",106.8656,,,6.8656,,
2011,3905,"OECD (Organisation for Economic Cooperation and Development)",102.7883,,,2.78833,,
2012,0001,"Individual economies",,,"Not applicable",,,"Not applicable"
2012,004,"Afghanistan",80.046,,,-28.63656,,
2012,008,"Albania",105.549,,,2.0357,,
2012,012,"Algeria",113.8171,,,8.91613,,
2012,020,"Andorra",104.0558,,,1.46682,,
2012,024,"Angola",125.1561,,,10.28468,,
2012,660,"Anguilla",106.2,,,1.43266,,
2012,028,"Antigua and Barbuda",106.95,,,3.376,,
2012,032,"Argentina",120.8036,,,10.04312,,
2012,051,"Armenia",110.1733,,,2.49243,,
2012,533,"Aruba",104.9709,,,0.57075,,
2012,036,"Australia",105.0989,,,1.68638,,
2012,040,"Austria",106.2006,,,2.56749,,
2012,031,"Azerbaijan",108.8385,,,1.00648,,
2012,044,"Bahamas",105.0344,,,1.91204,,
2012,048,"Bahrain",102.4115,,,2.75626,,
2012,050,"Bangladesh",118.457,,,8.88853,,
2012,052,"Barbados",114.3931,,,4.53357,,
2012,112,"Belarus",243.966,,,59.21829,,
2012,056,"Belgium",106.0656,,,2.62555,,
2012,084,"Belize",102.9229,,,1.24631,,
2012,204,"Benin",110.0466,,,6.99958,,
2012,060,"Bermuda",105.1872,,,2.4262,,
2012,064,"Bhutan",119.5318,,,10.11446,,
2012,068,"Bolivia (Plurinational State of)",114.8465,,,4.51722,,
2012,070,"Bosnia and Herzegovina",106.1245,,,2.05318,,
2012,072,"Botswana",116.6489,,,7.53748,,
2012,076,"Brazil",112.3986,,,5.40363,,
2012,092,"British Virgin Islands",105.8106,,,3.2004,,
2012,096,"Brunei Darussalam",100.25,,,0.11185,,
2012,100,"Bulgaria",105.8584,,,2.39048,,
2012,854,"Burkina Faso",106.6913,,,3.81709,,
2012,108,"Burundi",129.5013,,,18.17605,,
2012,132,"Cabo Verde",107.1303,,,2.54315,,
2012,116,"Cambodia",108.5733,,,2.93247,,
2012,120,"Cameroon",105.4101,,,2.38451,,
2012,124,"Canada",104.4717,,,1.51596,,
2012,136,"Cayman Islands",102.5871,,,1.17798,,
2012,140,"Central African Republic",107.1535,,,5.88847,,
2012,148,"Chad",109.6979,,,7.51641,,
2012,152,"Chile",106.4355,,,2.99953,,
2012,156,"China",108.288,,,2.6098,,
2012,344,"China, Hong Kong SAR",109.5752,,,4.05478,,
2012,446,"China, Macao SAR",112.2677,,,6.10763,,
2012,158,"China, Taiwan Province of",103.3842,,,1.93268,,
2012,170,"Colombia",106.6989,,,3.17505,,
2012,174,"Comoros",108.2731,,,5.90916,,
2012,178,"Congo",106.8577,,,5.00965,,
2012,180,"Congo, Dem. Rep. of the",115.9344,,,0.8566,,
2012,184,"Cook Islands",104.5789,,,2.05107,,
2012,188,"Costa Rica",109.5929,,,4.49482,,
2012,384,"Côte d'Ivoire",106.2577,,,1.29903,,
2012,191,"Croatia",105.6361,,,3.35229,,
2012,192,"Cuba",110.6007,,,5.52933,,
2012,531,"Curaçao",105.5922,,,3.21823,,
2012,196,"Cyprus",106.6765,,,3.08721,,
2012,203,"Czechia",105.2679,,,3.28797,,
2012,208,"Denmark",105.0726,,,2.35427,,
2012,262,"Djibouti",109.6842,,,4.22009,,
2012,212,"Dominica",102.4341,,,1.35677,,
2012,214,"Dominican Republic",112.4667,,,3.6946,,
2012,218,"Ecuador",109.8044,,,5.10172,,
2012,818,"Egypt",120.708,,,8.69276,,
2012,222,"El Salvador",106.9481,,,1.73037,,
2012,226,"Equatorial Guinea",108.4068,,,3.44284,,
2012,232,"Eritrea",112.2767,,,6.03508,,
2012,233,"Estonia",109.5142,,,4.21932,,
2012,748,"Eswatini",115.5931,,,8.93978,,
2012,231,"Ethiopia",165.3831,,,24.13265,,
2012,230,"Ethiopia (...1991)",,,"Not applicable",,,"Not applicable"
2012,242,"Fiji",110.9471,,,3.416,,
2012,246,"Finland",106.5905,,,3.16153,,
2012,251,"France",104.5519,,,2.21522,"Estimated",
2012,250,"France, metropolitan",104.5519,,,2.21522,,
2012,492,"Monaco",104.5519,,,2.21522,"Estimated",
2012,258,"French Polynesia",103.0578,,,1.16313,,
2012,266,"Gabon",103.9791,,,2.68306,,
2012,270,"Gambia",109.6639,,,4.64508,,
2012,268,"Georgia",107.519,,,-0.9434,,
2012,276,"Germany",104.6951,,,2.15903,,
2012,288,"Ghana",115.2903,,,7.07178,,
2012,300,"Greece",104.1849,,,1.03416,,
2012,304,"Greenland",106.6257,,,4.5961,,
2012,308,"Grenada",105.5172,,,2.41125,,
2012,320,"Guatemala",110.2333,,,3.78298,,
2012,324,"Guinea",139.8292,,,15.22694,,
2012,624,"Guinea-Bissau",107.2193,,,2.06058,,
2012,328,"Guyana",106.9043,,,2.39153,,
2012,332,"Haiti",111.2385,,,5.69891,,
2012,340,"Honduras",112.3333,,,5.21845,,
2012,348,"Hungary",109.8097,,,5.66766,,
2012,352,"Iceland",109.3927,,,5.19529,,
2012,356,"India",120.4498,,,10.0005,,
2012,360,"Indonesia",109.5383,,,3.98093,,
2012,960,"Indonesia (...2002)",,,"Not applicable",,,"Not applicable"
2012,364,"Iran (Islamic Republic of)",158.6797,,,30.57023,,
2012,368,"Iraq",112.0341,,,6.08912,,
2012,372,"Ireland",103.1271,,,1.89199,,
2012,376,"Israel",105.2173,,,1.70788,,
2012,380,"Italy",106.3479,,,3.31489,,
2012,388,"Jamaica",114.9326,,,6.89264,,
2012,392,"Japan",99.6741,,,-0.04865,,
2012,400,"Jordan",108.9806,,,4.60889,,
2012,398,"Kazakhstan",113.8998,,,5.11825,,
2012,404,"Kenya",124.715,,,9.37817,,
2012,296,"Kiribati",98.4063,,,-3.04561,,
2012,410,"Korea, Republic of",106.3006,,,2.18698,,
2012,414,"Kuwait",108.2615,,,3.19904,,
2012,417,"Kyrgyzstan",119.865,,,2.76844,,
2012,418,"Lao People's Dem. Rep.",112.1461,,,4.25527,,
2012,428,"Latvia",106.6043,,,2.2853,,
2012,422,"Lebanon",111.8802,,,6.58147,,
2012,426,"Lesotho",111.3936,,,6.05217,,
2012,430,"Liberia",115.8982,,,6.83162,,
2012,434,"Libya",122.9393,,,6.07178,,
2012,440,"Lithuania",107.4189,,,3.16403,,
2012,442,"Luxembourg",106.7224,,,2.88883,,
2012,450,"Madagascar",115.7385,,,5.71417,,
2012,454,"Malawi",130.5416,,,21.29228,,
2012,458,"Malaysia",104.8902,,,1.66292,,
2012,462,"Maldives",123.3925,,,10.89176,,
2012,466,"Mali",108.4139,,,5.30103,,
2012,470,"Malta",105.822,,,3.22755,,
2012,584,"Marshall Islands",109.9266,,,4.34067,,
2012,478,"Mauritania",110.868,,,4.9032,,
2012,480,"Mauritius",110.6437,,,3.85964,,
2012,484,"Mexico",107.6555,,,4.11145,,
2012,583,"Micronesia (Federated States of)",110.3957,,,6.30206,,
2012,498,"Moldova, Republic of",112.5566,,,4.55831,,
2012,496,"Mongolia",123.8121,,,13.88446,,
2012,499,"Montenegro",107.7351,,,4.14081,,
2012,500,"Montserrat",108.6058,,,4.76521,,
2012,504,"Morocco",101.6219,,,0.84314,,
2012,508,"Mozambique",114.058,,,2.60258,,
2012,104,"Myanmar",106.5631,,,1.46794,,
2012,516,"Namibia",112.0746,,,6.7244,,
2012,520,"Nauru",96.8832,,,0.26205,,
2012,524,"Nepal",118.6658,,,8.30598,,
2012,528,"Netherlands (Kingdom of the)",105.3593,,,2.81807,,
2012,540,"New Caledonia",104.1349,,,1.80851,,
2012,554,"New Zealand",105.1304,,,1.05992,,
2012,558,"Nicaragua",115.8575,,,7.1938,,
2012,562,"Niger",103.4091,,,0.46544,,
2012,566,"Nigeria",124.3739,,,12.22591,,
2012,807,"North Macedonia",107.3521,,,3.31752,,
2012,579,"Norway",101.991,,,0.69704,,
2012,512,"Oman",107.1212,,,2.94109,,
2012,586,"Pakistan",126.169,,,11.00408,,
2012,585,"Palau",108.2153,,,5.43864,,
2012,591,"Panama",111.9078,,,5.6977,,
2012,598,"Papua New Guinea",109.1795,,,4.53719,,
2012,600,"Paraguay",112.2321,,,3.67465,,
2012,604,"Peru",107.1476,,,3.65504,,
2012,608,"Philippines",108.0524,,,3.15738,,
2012,616,"Poland",108.1103,,,3.72646,,
2012,620,"Portugal",106.4297,,,2.77611,,
2012,634,"Qatar",103.8462,,,1.82857,,
2012,642,"Romania",109.328,,,3.33948,,
2012,643,"Russian Federation",113.9437,,,5.07518,,
2012,646,"Rwanda",112.3055,,,6.28579,,
2012,659,"Saint Kitts and Nevis",106.699,,,0.81655,,
2012,662,"Saint Lucia",107.0631,,,4.1778,,
2012,670,"Saint Vincent and the Grenadines",105.8669,,,2.59845,,
2012,882,"Samoa",109.244,,,6.19134,,
2012,674,"San Marino",105.0681,,,2.82715,,
2012,678,"Sao Tome and Principe",126.4826,,,10.63856,,
2012,682,"Saudi Arabia",106.7182,,,2.86589,,
2012,686,"Senegal",104.8701,,,1.41737,,
2012,688,"Serbia",119.2842,,,7.33091,,
2012,690,"Seychelles",109.8508,,,7.11,,
2012,694,"Sierra Leone",113.8287,,,6.58925,,
2012,702,"Singapore",110.0643,,,4.57634,,
2012,534,"Sint Maarten (Dutch part)",108.7826,,,4.01992,,
2012,703,"Slovakia",107.9539,,,3.72963,,
2012,705,"Slovenia",104.4404,,,2.59469,,
2012,090,"Solomon Islands",113.7702,,,5.91397,,
2012,706,"Somalia",98.5,,,-1.99005,,
2012,710,"South Africa",110.9212,,,5.64778,,
2012,728,"South Sudan",213.708,,,,,"Not available or not separately reported"
2012,724,"Spain",105.5605,,,2.43646,,
2012,144,"Sri Lanka",114.7659,,,7.53656,,
2012,275,"State of Palestine",105.7365,,,2.78107,,
2012,729,"Sudan",160.0906,,,,,"Not available or not separately reported"
2012,736,"Sudan (...2011)",,,"Not applicable",,,"Not applicable"
2012,740,"Suriname",123.5796,,,5.00953,,
2012,752,"Sweden",102.3094,,,0.93716,,
2012,757,"Switzerland, Liechtenstein",99.5336,,,-0.69316,,
2012,438,"Liechtenstein",99.5336,,,-0.69316,"Estimated",
2012,756,"Switzerland",99.5336,,,-0.69316,"Estimated",
2012,760,"Syrian Arab Republic",143.2,,,36.70253,,
2012,762,"Tajikistan",118.938,,,5.79596,,
2012,834,"Tanzania, United Republic of",130.7229,,,16.00093,,
2012,764,"Thailand",106.9377,,,3.01255,,
2012,626,"Timor-Leste",125.5496,,,10.93483,,
2012,768,"Togo",106.2907,,,2.63912,,
2012,776,"Tonga",109.5013,,,3.28426,,
2012,780,"Trinidad and Tobago",114.8435,,,9.28006,,
2012,788,"Tunisia",108.0015,,,4.61194,,
2012,792,"Türkiye",115.9389,,,8.89147,,
2012,795,"Turkmenistan",110.8711,,,5.31384,,
2012,796,"Turks and Caicos Islands",108.4717,,,3.11014,,
2012,798,"Tuvalu",101.922,,,1.41499,,
2012,800,"Uganda",135.2843,,,14.01068,,
2012,804,"Ukraine",108.5684,,,0.56538,,
2012,784,"United Arab Emirates",101.5438,,,0.66253,,
2012,926,"United Kingdom",107.4187,,,2.82824,,
2012,826,"United Kingdom excl. Channel Islands and Isle of Man",107.4187,,,2.82824,"Estimated",
2012,842,"United States of America",105.278,,,2.07315,,
2012,630,"Puerto Rico",104.2842,,,1.3459,,
2012,840,"United States of America excluding Puerto Rico and United States Virgin Islands",105.278,,,2.07315,"Estimated",
2012,858,"Uruguay",116.8482,,,8.09999,,
2012,860,"Uzbekistan",125.8264,,,11.89866,,
2012,548,"Vanuatu",102.2332,,,1.34716,,
2012,862,"Venezuela (Bolivarian Rep. of)",152.6564,,,21.06883,,
2012,704,"Viet Nam",129.4808,,,9.10301,,
2012,887,"Yemen",131.3608,,,9.88508,,
2012,894,"Zambia",115.8028,,,6.57518,,
2012,716,"Zimbabwe",107.3199,,,3.71964,,
2012,0000,"World",107.5808,,,3.26411,,
2012,5100,"Africa",119.6792,,,9.39419,,
2012,5110,"Northern Africa",120.758,,,10.34618,,
2012,5120,"Sub-Saharan Africa",119.1377,,,8.91776,,
2012,5121,"Eastern Africa",128.7749,,,12.07394,,
2012,5122,"Middle Africa",116.7563,,,6.53111,,
2012,5123,"Southern Africa",111.1956,,,5.77851,,
2012,5124,"Western Africa",120.8404,,,10.30723,,
2012,5200,"Americas",106.489,,,2.72164,,
2012,5210,"Northern America",105.2143,,,2.02944,,
2012,5220,"Latin America and the Caribbean",111.5619,,,5.40163,,
2012,5221,"Caribbean",111.2479,,,5.07771,,
2012,5222,"Central America",108.0928,,,4.16192,,
2012,5223,"South America",112.9442,,,5.90228,,
2012,5300,"Asia",108.8357,,,3.76269,,
2012,5310,"Central Asia",116.6973,,,6.772,,
2012,5330,"Eastern Asia",105.3732,,,1.82829,,
2012,5350,"South-eastern Asia",110.049,,,3.90683,,
2012,5320,"Southern Asia",126.4407,,,13.09573,,
2012,5340,"Western Asia",109.8168,,,4.97738,,
2012,5400,"Europe",106.3514,,,2.78043,,
2012,5410,"Eastern Europe",113.5749,,,5.55994,,
2012,5420,"Northern Europe",106.0189,,,2.40579,,
2012,5430,"Southern Europe",106.0922,,,2.90283,,
2012,5440,"Western Europe",104.4368,,,2.04985,,
2012,5500,"Oceania",105.1688,,,1.65978,,
2012,5600,"Asia and Oceania",108.6248,,,3.64363,,
2012,5702,"Northern America and Europe",105.7856,,,2.4073,,
2012,5706,"Europe, Northern America, Australia and New Zealand",105.7624,,,2.38026,,
2012,5703,"Central and Southern Asia",125.5241,,,12.50432,,
2012,5704,"Eastern and South-Eastern Asia",105.9499,,,2.086,,
2012,5705,"Western Asia and Northern Africa",112.2095,,,6.12077,,
2012,1400,"Developing economies",112.3389,,,5.4047,,
2012,1410,"Developing economies: Africa",119.6792,,,9.39419,,
2012,1420,"Developing economies: Americas",111.5619,,,5.40163,,
2012,1460,"Developing economies: Asia and Oceania",111.6472,,,4.90794,,
2012,1430,"Developing economies: Asia",111.6577,,,4.91162,,
2012,1450,"Developing economies: Oceania",107.3435,,,3.34309,,
2012,1500,"Developed economies",105.1732,,,2.13589,,
2012,1520,"Developed economies: Americas",105.2143,,,2.02944,,
2012,1560,"Developed economies: Asia and Oceania",102.0352,,,0.73079,,
2012,1530,"Developed economies: Asia",101.3715,,,0.53571,,
2012,1550,"Developed economies: Oceania",105.1041,,,1.60969,,
2012,1540,"Developed economies: Europe",106.3514,,,2.78043,,
2012,1600,"Developing economies excluding China",114.6105,,,6.97225,,
2012,1601,"Developing economies excluding LDCs",111.9191,,,5.21349,,
2012,1610,"LDCs (Least developed countries)",124.2408,,,10.74829,,
2012,1612,"LDCs: Asia",116.1736,,,5.60622,,
2012,1614,"LDCs: Africa",130.3955,,,14.46693,,
2012,1615,"LDCs: Islands and Haiti",112.518,,,6.1465,,
2012,1620,"LLDCs (Landlocked developing countries)",117.6283,,,6.63802,,
2012,1640,"SIDS (Small island developing States) (UN-OHRLLS)",110.0871,,,4.59528,,
2012,1641,"SIDS: Atlantic and Indian Ocean",106.2695,,,3.61963,,
2012,1642,"SIDS: Caribbean",111.3553,,,5.00138,,
2012,1643,"SIDS: Pacific",109.7793,,,4.44934,,
2012,2623,"Low-income developing economies",128.3369,,,13.20808,,
2012,2622,"Middle-income developing economies",116.6064,,,7.68459,,
2012,2621,"High-income developing economies",110.3585,,,4.36867,,
2012,2711,"BRICS",110.951,,,4.21101,,
2012,3412,"European Union (2020 …)",105.3431,,,2.53283,,
2012,3916,"G20 (Group of Twenty)",106.628,,,2.76983,,
2012,3919,"G-77 (Group of 77)",112.6851,,,5.44564,,
2012,3905,"OECD (Organisation for Economic Cooperation and Development)",104.9793,,,2.13154,,
2013,0001,"Individual economies",,,"Not applicable",,,"Not applicable"
2013,004,"Afghanistan",72.1192,,,-9.90285,,
2013,008,"Albania",107.5813,,,1.92545,,
2013,012,"Algeria",117.5218,,,3.25502,,
2013,020,"Andorra",104.55,,,0.47489,,
2013,024,"Angola",136.1473,,,8.78201,,
2013,660,"Anguilla",106.4,,,0.18832,,
2013,028,"Antigua and Barbuda",108.0834,,,1.05974,,
2013,032,"Argentina",133.631,,,10.61846,,
2013,051,"Armenia",116.4682,,,5.7137,,
2013,533,"Aruba",102.4811,,,-2.37197,,
2013,036,"Australia",107.6743,,,2.4505,,
2013,040,"Austria",108.45,,,2.11811,,
2013,031,"Azerbaijan",111.4763,,,2.42356,,
2013,044,"Bahamas",105.503,,,0.44617,,
2013,048,"Bahrain",105.7926,,,3.3015,,
2013,050,"Bangladesh",126.4847,,,6.77681,,
2013,052,"Barbados",116.4687,,,1.8144,,
2013,112,"Belarus",288.6179,,,18.30252,,
2013,056,"Belgium",107.3893,,,1.24797,,
2013,084,"Belize",103.448,,,0.51015,,
2013,204,"Benin",111.1105,,,0.96677,,
2013,060,"Bermuda",107.0475,,,1.76861,,
2013,064,"Bhutan",129.2253,,,8.10958,,
2013,068,"Bolivia (Plurinational State of)",121.4346,,,5.73644,,
2013,070,"Bosnia and Herzegovina",106.0257,,,-0.0931,,
2013,072,"Botswana",123.5102,,,5.88198,,
2013,076,"Brazil",119.3721,,,6.20422,,
2013,092,"British Virgin Islands",107.4401,,,1.54007,,
2013,096,"Brunei Darussalam",100.64,,,0.38903,,
2013,100,"Bulgaria",106.266,,,0.38504,,
2013,854,"Burkina Faso",107.2518,,,0.52539,,
2013,108,"Burundi",139.7805,,,7.9375,,
2013,132,"Cabo Verde",108.7435,,,1.5058,,
2013,116,"Cambodia",111.7699,,,2.94416,,
2013,120,"Cameroon",107.5712,,,2.05017,,
2013,124,"Canada",105.4522,,,0.93857,,
2013,136,"Cayman Islands",104.8201,,,2.17666,,
2013,140,"Central African Republic",111.4084,,,3.97089,,
2013,148,"Chad",109.9428,,,0.22318,,
2013,152,"Chile",108.3392,,,1.78858,,
2013,156,"China",111.0687,,,2.56786,,
2013,344,"China, Hong Kong SAR",114.3276,,,4.33715,,
2013,446,"China, Macao SAR",118.4426,,,5.50016,,
2013,158,"China, Taiwan Province of",104.2039,,,0.79285,,
2013,170,"Colombia",108.8554,,,2.02107,,
2013,174,"Comoros",108.723,,,0.4155,,
2013,178,"Congo",111.8066,,,4.63132,,
2013,180,"Congo, Dem. Rep. of the",116.9499,,,0.87596,,
2013,184,"Cook Islands",106.7175,,,2.04499,,
2013,188,"Costa Rica",115.3264,,,5.23165,,
2013,384,"Côte d'Ivoire",109.0038,,,2.58432,,
2013,191,"Croatia",108.0943,,,2.32706,,
2013,192,"Cuba",117.1731,,,5.94249,,
2013,531,"Curaçao",106.9599,,,1.29529,,
2013,196,"Cyprus",107.0855,,,0.38346,,
2013,203,"Czechia",106.7816,,,1.43795,,
2013,208,"Denmark",105.6218,,,0.52271,,
2013,262,"Djibouti",110.8503,,,1.06311,,
2013,212,"Dominica",102.3871,,,-0.04592,,
2013,214,"Dominican Republic",117.9003,,,4.83128,,
2013,218,"Ecuador",112.7924,,,2.72124,,
2013,818,"Egypt",129.0556,,,6.91554,,
2013,222,"El Salvador",107.7582,,,0.75751,,
2013,226,"Equatorial Guinea",111.8523,,,3.17832,,
2013,232,"Eritrea",119.3206,,,6.27365,,
2013,233,"Estonia",113.0691,,,3.24607,,
2013,748,"Eswatini",122.0902,,,5.62071,,
2013,231,"Ethiopia",178.7319,,,8.07149,,
2013,230,"Ethiopia (...1991)",,,"Not applicable",,,"Not applicable"
2013,242,"Fiji",114.1741,,,2.90864,,
2013,246,"Finland",108.9521,,,2.21559,,
2013,251,"France",105.5876,,,0.99055,"Estimated",
2013,250,"France, metropolitan",105.5876,,,0.99055,,
2013,492,"Monaco",105.5876,,,0.99055,"Estimated",
2013,258,"French Polynesia",104.5513,,,1.44925,,
2013,266,"Gabon",104.4788,,,0.48059,,
2013,270,"Gambia",115.4119,,,5.24146,,
2013,268,"Georgia",106.969,,,-0.51154,,
2013,276,"Germany",106.3767,,,1.60619,,
2013,288,"Ghana",128.741,,,11.66678,,
2013,300,"Greece",103.2953,,,-0.85393,,
2013,304,"Greenland",107.9508,,,1.24279,,
2013,308,"Grenada",105.4709,,,-0.04392,,
2013,320,"Guatemala",115.0207,,,4.34304,,
2013,324,"Guinea",156.4514,,,11.88751,,
2013,624,"Guinea-Bissau",108.0557,,,0.78006,,
2013,328,"Guyana",108.9453,,,1.90918,,
2013,332,"Haiti",117.133,,,5.29896,,
2013,340,"Honduras",118.1589,,,5.18601,,
2013,348,"Hungary",111.6996,,,1.72111,,
2013,352,"Iceland",113.6425,,,3.88488,,
2013,356,"India",131.7717,,,9.39963,,
2013,360,"Indonesia",116.561,,,6.41116,,
2013,960,"Indonesia (...2002)",,,"Not applicable",,,"Not applicable"
2013,364,"Iran (Islamic Republic of)",213.7393,,,34.69853,,
2013,368,"Iraq",114.1401,,,1.87985,,
2013,372,"Ireland",103.6812,,,0.5373,,
2013,376,"Israel",106.8225,,,1.52556,,
2013,380,"Italy",107.6715,,,1.2446,,
2013,388,"Jamaica",125.6894,,,9.35914,,
2013,392,"Japan",100.0042,,,0.33116,,
2013,400,"Jordan",114.3193,,,4.89882,,
2013,398,"Kazakhstan",120.5394,,,5.82941,,
2013,404,"Kenya",131.8457,,,5.71756,,
2013,296,"Kiribati",96.9416,,,-1.48844,,
2013,410,"Korea, Republic of",107.6841,,,1.30153,,
2013,414,"Kuwait",111.1875,,,2.70267,,
2013,417,"Kyrgyzstan",127.793,,,6.61411,,
2013,418,"Lao People's Dem. Rep.",119.2922,,,6.37214,,
2013,428,"Latvia",106.6161,,,0.0111,,
2013,422,"Lebanon",117.2739,,,4.82102,,
2013,426,"Lesotho",116.812,,,4.86426,,
2013,430,"Liberia",124.681,,,7.57802,,
2013,434,"Libya",126.1286,,,2.59423,,
2013,440,"Lithuania",108.6686,,,1.16334,,
2013,442,"Luxembourg",108.5334,,,1.69693,,
2013,450,"Madagascar",122.4814,,,5.82601,,
2013,454,"Malawi",167.4583,,,28.27959,,
2013,458,"Malaysia",107.0988,,,2.10565,,
2013,462,"Maldives",128.3249,,,3.99729,,
2013,466,"Mali",107.7852,,,-0.57986,,
2013,470,"Malta",106.857,,,0.97804,,
2013,584,"Marshall Islands",111.9609,,,1.85059,,
2013,478,"Mauritania",115.445,,,4.12833,,
2013,480,"Mauritius",114.5548,,,3.53488,,
2013,484,"Mexico",111.7503,,,3.80357,,
2013,583,"Micronesia (Federated States of)",112.7559,,,2.13792,,
2013,498,"Moldova, Republic of",117.6995,,,4.56917,,
2013,496,"Mongolia",136.9138,,,10.58192,,
2013,499,"Montenegro",110.113,,,2.20718,,
2013,500,"Montserrat",109.5508,,,0.8701,,
2013,504,"Morocco",103.2631,,,1.61504,,
2013,508,"Mozambique",118.919,,,4.26185,,
2013,104,"Myanmar",112.5763,,,5.64286,,
2013,516,"Namibia",118.361,,,5.60917,,
2013,520,"Nauru",95.8126,,,-1.105,,
2013,524,"Nepal",130.3816,,,9.87298,,
2013,528,"Netherlands (Kingdom of the)",108.0493,,,2.55316,,
2013,540,"New Caledonia",105.5495,,,1.35841,,
2013,554,"New Zealand",106.3231,,,1.1345,,
2013,558,"Nicaragua",124.1246,,,7.13559,,
2013,562,"Niger",105.772,,,2.28498,,
2013,566,"Nigeria",134.9387,,,8.49437,,
2013,807,"North Macedonia",110.3422,,,2.78528,,
2013,579,"Norway",104.153,,,2.11979,,
2013,512,"Oman",108.237,,,1.04166,,
2013,586,"Pakistan",135.4572,,,7.36167,,
2013,585,"Palau",111.2942,,,2.8451,,
2013,591,"Panama",116.4152,,,4.02784,,
2013,598,"Papua New Guinea",114.595,,,4.96022,,
2013,600,"Paraguay",115.2454,,,2.68493,,
2013,604,"Peru",110.1546,,,2.8064,,
2013,608,"Philippines",110.8537,,,2.59248,,
2013,616,"Poland",109.3182,,,1.11727,,
2013,620,"Portugal",106.8974,,,0.43944,,
2013,634,"Qatar",107.1096,,,3.14254,,
2013,642,"Romania",113.703,,,4.00172,,
2013,643,"Russian Federation",121.6383,,,6.75302,,
2013,646,"Rwanda",117.042,,,4.21754,,
2013,659,"Saint Kitts and Nevis",107.8802,,,1.10698,,
2013,662,"Saint Lucia",108.6353,,,1.46848,,
2013,670,"Saint Vincent and the Grenadines",106.72,,,0.80576,,
2013,882,"Samoa",109.0169,,,-0.2079,,
2013,674,"San Marino",106.7538,,,1.60439,,
2013,678,"Sao Tome and Principe",136.7359,,,8.10656,,
2013,682,"Saudi Arabia",110.4857,,,3.53033,,
2013,686,"Senegal",105.6139,,,0.70924,,
2013,688,"Serbia",128.4619,,,7.69401,,
2013,690,"Seychelles",114.6176,,,4.33932,,
2013,694,"Sierra Leone",120.1151,,,5.52265,,
2013,702,"Singapore",112.6602,,,2.35851,,
2013,534,"Sint Maarten (Dutch part)",111.5328,,,2.52816,,
2013,703,"Slovakia",109.5287,,,1.45882,,
2013,705,"Slovenia",106.2903,,,1.77126,,
2013,090,"Solomon Islands",119.743,,,5.24986,,
2013,706,"Somalia",102.9,,,4.46701,,
2013,710,"South Africa",117.2901,,,5.74185,,
2013,728,"South Sudan",213.584,,,-0.05805,,
2013,724,"Spain",107.1751,,,1.52962,,
2013,144,"Sri Lanka",122.7287,,,6.93828,,
2013,275,"State of Palestine",107.5585,,,1.72322,,
2013,729,"Sudan",218.5593,,,36.52223,,
2013,736,"Sudan (...2011)",,,"Not applicable",,,"Not applicable"
2013,740,"Suriname",125.9487,,,1.91704,,
2013,752,"Sweden",102.7616,,,0.44193,,
2013,757,"Switzerland, Liechtenstein",99.319,,,-0.21553,,
2013,438,"Liechtenstein",99.319,,,-0.21553,"Estimated",
2013,756,"Switzerland",99.319,,,-0.21553,"Estimated",
2013,760,"Syrian Arab Republic",217.305,,,51.7493,,
2013,762,"Tajikistan",124.9266,,,5.03507,,
2013,834,"Tanzania, United Republic of",141.0102,,,7.86956,,
2013,764,"Thailand",109.2744,,,2.18513,,
2013,626,"Timor-Leste",137.4146,,,9.45045,,
2013,768,"Togo",108.1644,,,1.76277,,
2013,776,"Tonga",110.2413,,,0.67576,,
2013,780,"Trinidad and Tobago",120.8028,,,5.189,,
2013,788,"Tunisia",113.7435,,,5.31658,,
2013,792,"Türkiye",124.6261,,,7.49293,,
2013,795,"Turkmenistan",118.4257,,,6.81383,,
2013,796,"Turks and Caicos Islands",111.1835,,,2.49998,,
2013,798,"Tuvalu",103.9803,,,2.01943,,
2013,800,"Uganda",142.6797,,,5.46654,,
2013,804,"Ukraine",108.2851,,,-0.26099,,
2013,784,"United Arab Emirates",102.665,,,1.10416,,
2013,926,"United Kingdom",110.1741,,,2.56514,,
2013,826,"United Kingdom excl. Channel Islands and Isle of Man",110.1741,,,2.56514,"Estimated",
2013,842,"United States of America",106.8215,,,1.46612,,
2013,630,"Puerto Rico",105.3903,,,1.06068,,
2013,840,"United States of America excluding Puerto Rico and United States Virgin Islands",106.8215,,,1.46612,"Estimated",
2013,858,"Uruguay",126.8702,,,8.57694,,
2013,860,"Uzbekistan",140.5491,,,11.70075,,
2013,548,"Vanuatu",103.7247,,,1.45893,,
2013,862,"Venezuela (Bolivarian Rep. of)",214.6953,,,40.63954,,
2013,704,"Viet Nam",138.0204,,,6.59532,,
2013,887,"Yemen",145.7691,,,10.9685,,
2013,894,"Zambia",123.8844,,,6.97881,,
2013,716,"Zimbabwe",109.0707,,,1.63132,,
2013,0000,"World",110.606,,,2.812,,
2013,5100,"Africa",128.0097,,,6.96076,,
2013,5110,"Northern Africa",130.1697,,,7.79384,,
2013,5120,"Sub-Saharan Africa",126.9279,,,6.53879,,
2013,5121,"Eastern Africa",137.0195,,,6.40236,,
2013,5122,"Middle Africa",122.8395,,,5.21018,,
2013,5123,"Southern Africa",117.5741,,,5.73627,,
2013,5124,"Western Africa",130.0105,,,7.58861,,
2013,5200,"Americas",108.893,,,2.25748,,
2013,5210,"Northern America",106.7132,,,1.42455,,
2013,5220,"Latin America and the Caribbean",117.6663,,,5.47179,,
2013,5221,"Caribbean",116.7475,,,4.94355,,
2013,5222,"Central America",112.2901,,,3.88313,,
2013,5223,"South America",119.87,,,6.13202,,
2013,5300,"Asia",112.854,,,3.692,,
2013,5310,"Central Asia",125.3408,,,7.40676,,
2013,5330,"Eastern Asia",107.2981,,,1.82677,,
2013,5350,"South-eastern Asia",114.6411,,,4.17283,,
2013,5320,"Southern Asia",142.4805,,,12.68559,,
2013,5340,"Western Asia",114.8596,,,4.592,,
2013,5400,"Europe",108.4387,,,1.96264,,
2013,5410,"Eastern Europe",118.8965,,,4.68561,,
2013,5420,"Northern Europe",108.1749,,,2.03363,,
2013,5430,"Southern Europe",107.4396,,,1.27,,
2013,5440,"Western Europe",105.857,,,1.35989,,
2013,5500,"Oceania",107.6046,,,2.31607,,
2013,5600,"Asia and Oceania",112.5525,,,3.61587,,
2013,5702,"Northern America and Europe",107.576,,,1.69246,,
2013,5706,"Europe, Northern America, Australia and New Zealand",107.5741,,,1.71297,,
2013,5703,"Central and Southern Asia",140.8209,,,12.18637,,
2013,5704,"Eastern and South-Eastern Asia",108.1957,,,2.11968,,
2013,5705,"Western Asia and Northern Africa",118.1398,,,5.28499,,
2013,1400,"Developing economies",118.0472,,,5.08131,,
2013,1410,"Developing economies: Africa",128.0097,,,6.96076,,
2013,1420,"Developing economies: Americas",117.6663,,,5.47179,,
2013,1460,"Developing economies: Asia and Oceania",116.9382,,,4.7391,,
2013,1430,"Developing economies: Asia",116.9532,,,4.74255,,
2013,1450,"Developing economies: Oceania",110.7942,,,3.21464,,
2013,1500,"Developed economies",106.82,,,1.56579,,
2013,1520,"Developed economies: Americas",106.7132,,,1.42455,,
2013,1560,"Developed economies: Asia and Oceania",102.9683,,,0.91442,,
2013,1530,"Developed economies: Asia",101.9863,,,0.6065,,
2013,1550,"Developed economies: Oceania",107.5103,,,2.28936,,
2013,1540,"Developed economies: Europe",108.4387,,,1.96264,,
2013,1600,"Developing economies excluding China",122.1069,,,6.5407,,
2013,1601,"Developing economies excluding LDCs",117.4608,,,4.95153,,
2013,1610,"LDCs (Least developed countries)",135.0456,,,8.69669,,
2013,1612,"LDCs: Asia",123.4758,,,6.28565,,
2013,1614,"LDCs: Africa",144.0903,,,10.5025,,
2013,1615,"LDCs: Islands and Haiti",118.5781,,,5.38591,,
2013,1620,"LLDCs (Landlocked developing countries)",124.3688,,,5.73032,,
2013,1640,"SIDS (Small island developing States) (UN-OHRLLS)",113.8893,,,3.45377,,
2013,1641,"SIDS: Atlantic and Indian Ocean",109.5652,,,3.10125,,
2013,1642,"SIDS: Caribbean",116.692,,,4.79254,,
2013,1643,"SIDS: Pacific",112.5209,,,2.49734,,
2013,2623,"Low-income developing economies",142.2501,,,10.84119,,
2013,2622,"Middle-income developing economies",124.7256,,,6.96288,,
2013,2621,"High-income developing economies",115.0656,,,4.26526,,
2013,2711,"BRICS",115.7728,,,4.34587,,
2013,3412,"European Union (2020 …)",106.7881,,,1.37168,,
2013,3916,"G20 (Group of Twenty)",109.1899,,,2.40265,,
2013,3919,"G-77 (Group of 77)",118.4922,,,5.15333,,
2013,3905,"OECD (Organisation for Economic Cooperation and Development)",106.5903,,,1.53454,,
2014,0001,"Individual economies",,,"Not applicable",,,"Not applicable"
2014,004,"Afghanistan",75.4852,,,4.66731,,
2014,008,"Albania",109.3174,,,1.61374,,
2014,012,"Algeria",120.9499,,,2.91693,,
2014,020,"Andorra",104.4492,,,-0.09644,,
2014,024,"Angola",146.0842,,,7.29865,,
2014,660,"Anguilla",106.1,,,-0.28195,,
2014,028,"Antigua and Barbuda",109.2614,,,1.08985,,
2014,032,"Argentina",162.1766,,,21.36148,,
2014,051,"Armenia",119.9853,,,3.01977,,
2014,533,"Aruba",102.9135,,,0.42198,,
2014,036,"Australia",110.3798,,,2.51268,,
2014,040,"Austria",110.0394,,,1.46556,,
2014,031,"Azerbaijan",113.0902,,,1.44776,,
2014,044,"Bahamas",106.7509,,,1.18283,,
2014,048,"Bahrain",108.592,,,2.64608,,
2014,050,"Bangladesh",135.7806,,,7.34949,,
2014,052,"Barbados",118.5261,,,1.76645,,
2014,112,"Belarus",340.8786,,,18.10725,,
2014,056,"Belgium",107.9159,,,0.4904,,
2014,084,"Belize",104.6905,,,1.20109,,
2014,204,"Benin",109.9257,,,-1.06632,,
2014,060,"Bermuda",109.1875,,,1.99905,,
2014,064,"Bhutan",141.6297,,,9.59904,,
2014,068,"Bolivia (Plurinational State of)",128.4356,,,5.76526,,
2014,070,"Bosnia and Herzegovina",105.0741,,,-0.89751,,
2014,072,"Botswana",128.9628,,,4.41474,,
2014,076,"Brazil",126.9273,,,6.32919,,
2014,092,"British Virgin Islands",109.4816,,,1.90005,,
2014,096,"Brunei Darussalam",100.432,,,-0.20668,,
2014,100,"Bulgaria",104.5653,,,-1.60045,,
2014,854,"Burkina Faso",106.9748,,,-0.25833,,
2014,108,"Burundi",145.9545,,,4.41695,,
2014,132,"Cabo Verde",108.4833,,,-0.2392,,
2014,116,"Cambodia",116.0767,,,3.8533,,
2014,120,"Cameroon",109.5668,,,1.85514,,
2014,124,"Canada",107.4622,,,1.90609,,
2014,136,"Cayman Islands",106.1184,,,1.23854,,
2014,140,"Central African Republic",131.2114,,,17.77513,,
2014,148,"Chad",111.7918,,,1.68182,,
2014,152,"Chile",113.4465,,,4.7142,,
2014,156,"China",113.3475,,,2.05177,,
2014,344,"China, Hong Kong SAR",119.3855,,,4.42406,,
2014,446,"China, Macao SAR",125.6068,,,6.04866,,
2014,158,"China, Taiwan Province of",105.4489,,,1.19475,,
2014,170,"Colombia",112.0193,,,2.90653,,
2014,174,"Comoros",108.7144,,,-0.00795,,
2014,178,"Congo",112.8257,,,0.91146,,
2014,180,"Congo, Dem. Rep. of the",118.4,,,1.23994,,
2014,184,"Cook Islands",107.7128,,,0.93261,,
2014,188,"Costa Rica",120.5385,,,4.51939,,
2014,384,"Côte d'Ivoire",109.5372,,,0.48937,,
2014,191,"Croatia",108.332,,,0.21992,,
2014,192,"Cuba",123.3922,,,5.3076,,
2014,531,"Curaçao",108.5668,,,1.50229,,
2014,196,"Cyprus",106.7964,,,-0.27005,,
2014,203,"Czechia",107.1492,,,0.34432,,
2014,208,"Denmark",105.9936,,,0.35202,,
2014,262,"Djibouti",112.338,,,1.34214,,
2014,212,"Dominica",103.2128,,,0.80647,,
2014,214,"Dominican Republic",121.4356,,,2.99863,,
2014,218,"Ecuador",116.8408,,,3.58924,,
2014,818,"Egypt",142.0808,,,10.09273,,
2014,222,"El Salvador",108.9878,,,1.14104,,
2014,226,"Equatorial Guinea",116.6583,,,4.29669,,
2014,232,"Eritrea",129.2957,,,8.35988,,
2014,233,"Estonia",113.608,,,0.47658,,
2014,748,"Eswatini",129.0264,,,5.68118,,
2014,231,"Ethiopia",191.9664,,,7.40467,,
2014,230,"Ethiopia (...1991)",,,"Not applicable",,,"Not applicable"
2014,242,"Fiji",114.7674,,,0.51962,,
2014,246,"Finland",110.27,,,1.20959,,
2014,251,"France",106.233,,,0.61126,"Estimated",
2014,250,"France, metropolitan",106.233,,,0.61126,,
2014,492,"Monaco",106.233,,,0.61126,"Estimated",
2014,258,"French Polynesia",104.8364,,,0.2727,,
2014,266,"Gabon",109.1928,,,4.51194,,
2014,270,"Gambia",122.6392,,,6.26216,,
2014,268,"Georgia",110.251,,,3.06818,,
2014,276,"Germany",107.1959,,,0.7701,,
2014,288,"Ghana",148.6782,,,15.48633,,
2014,300,"Greece",101.8558,,,-1.39353,,
2014,304,"Greenland",109.4179,,,1.35905,,
2014,308,"Grenada",104.4329,,,-0.98413,,
2014,320,"Guatemala",118.9522,,,3.41806,,
2014,324,"Guinea",171.6463,,,9.71219,,
2014,624,"Guinea-Bissau",106.9402,,,-1.03236,,
2014,328,"Guyana",109.6906,,,0.68409,,
2014,332,"Haiti",120.829,,,3.15544,,
2014,340,"Honduras",125.3459,,,6.08249,,
2014,348,"Hungary",111.4517,,,-0.22202,,
2014,352,"Iceland",115.9551,,,2.035,,
2014,356,"India",139.4142,,,5.79986,,
2014,360,"Indonesia",124.0171,,,6.39674,,
2014,960,"Indonesia (...2002)",,,"Not applicable",,,"Not applicable"
2014,364,"Iran (Islamic Republic of)",246.9992,,,15.56101,,
2014,368,"Iraq",116.6925,,,2.23615,,
2014,372,"Ireland",103.9931,,,0.3008,,
2014,376,"Israel",107.3313,,,0.47637,,
2014,380,"Italy",107.9233,,,0.23382,,
2014,388,"Jamaica",136.0902,,,8.27505,,
2014,392,"Japan",102.763,,,2.75865,,
2014,400,"Jordan",117.7358,,,2.98848,,
2014,398,"Kazakhstan",128.6355,,,6.71655,,
2014,404,"Kenya",140.9139,,,6.87792,,
2014,296,"Kiribati",98.9813,,,2.10407,,
2014,410,"Korea, Republic of",109.0572,,,1.27513,,
2014,414,"Kuwait",114.6643,,,3.12694,,
2014,417,"Kyrgyzstan",137.421,,,7.53406,,
2014,418,"Lao People's Dem. Rep.",124.2178,,,4.12899,,
2014,428,"Latvia",107.3519,,,0.69018,,
2014,422,"Lebanon",119.4489,,,1.8546,,
2014,426,"Lesotho",123.0864,,,5.37135,,
2014,430,"Liberia",136.9723,,,9.85823,,
2014,434,"Libya",129.197,,,2.43274,,
2014,440,"Lithuania",108.9326,,,0.24294,,
2014,442,"Luxembourg",109.2869,,,0.69425,,
2014,450,"Madagascar",129.9288,,,6.08045,,
2014,454,"Malawi",207.2704,,,23.77437,,
2014,458,"Malaysia",110.4642,,,3.14236,,
2014,462,"Maldives",131.4661,,,2.44787,,
2014,466,"Mali",108.7469,,,0.89223,,
2014,470,"Malta",107.6817,,,0.7718,,
2014,584,"Marshall Islands",113.1901,,,1.09789,,
2014,478,"Mauritania",119.526,,,3.53502,,
2014,480,"Mauritius",118.249,,,3.22482,,
2014,484,"Mexico",116.2428,,,4.02014,,
2014,583,"Micronesia (Federated States of)",113.5723,,,0.72408,,
2014,498,"Moldova, Republic of",123.653,,,5.05818,,
2014,496,"Mongolia",154.6413,,,12.94795,,
2014,499,"Montenegro",109.3266,,,-0.71421,,
2014,500,"Montserrat",109.1328,,,-0.38155,,
2014,504,"Morocco",103.6718,,,0.39578,,
2014,508,"Mozambique",121.9634,,,2.56007,,
2014,104,"Myanmar",118.152,,,4.95278,,
2014,516,"Namibia",124.6865,,,5.34424,,
2014,520,"Nauru",96.0766,,,0.27551,,
2014,524,"Nepal",142.1661,,,9.03841,,
2014,528,"Netherlands (Kingdom of the)",108.3981,,,0.32276,,
2014,540,"New Caledonia",105.6583,,,0.10309,,
2014,554,"New Zealand",107.6282,,,1.2275,,
2014,558,"Nicaragua",131.6165,,,6.03578,,
2014,562,"Niger",104.8306,,,-0.89001,,
2014,566,"Nigeria",145.7981,,,8.04771,,
2014,807,"North Macedonia",110.0312,,,-0.28186,,
2014,579,"Norway",106.28,,,2.04219,,
2014,512,"Oman",109.3432,,,1.02201,,
2014,586,"Pakistan",147.1348,,,8.62091,,
2014,585,"Palau",115.7044,,,3.96271,,
2014,591,"Panama",119.4687,,,2.62292,,
2014,598,"Papua New Guinea",120.5794,,,5.22216,,
2014,600,"Paraguay",121.0399,,,5.02796,,
2014,604,"Peru",113.7299,,,3.24571,,
2014,608,"Philippines",114.8368,,,3.59312,,
2014,616,"Poland",109.4323,,,0.10439,,
2014,620,"Portugal",106.7268,,,-0.15955,,
2014,634,"Qatar",111.655,,,4.24374,,
2014,642,"Romania",114.926,,,1.07561,,
2014,643,"Russian Federation",131.1543,,,7.82321,,
2014,646,"Rwanda",119.1143,,,1.7705,,
2014,659,"Saint Kitts and Nevis",108.1469,,,0.24726,,
2014,662,"Saint Lucia",112.4565,,,3.51744,,
2014,670,"Saint Vincent and the Grenadines",106.9265,,,0.19355,,
2014,882,"Samoa",107.6684,,,-1.23694,,
2014,674,"San Marino",107.9418,,,1.11286,,
2014,678,"Sao Tome and Principe",146.2903,,,6.98743,,
2014,682,"Saudi Arabia",112.9563,,,2.2361,,
2014,686,"Senegal",104.4637,,,-1.08901,,
2014,688,"Serbia",131.137,,,2.08238,,
2014,690,"Seychelles",116.2061,,,1.38595,,
2014,694,"Sierra Leone",125.6892,,,4.64064,,
2014,702,"Singapore",113.8145,,,1.02464,,
2014,534,"Sint Maarten (Dutch part)",113.6386,,,1.888,,
2014,703,"Slovakia",109.424,,,-0.09559,,
2014,705,"Slovenia",106.5054,,,0.20235,,
2014,090,"Solomon Islands",126.0842,,,5.29572,,
2014,706,"Somalia",104.2,,,1.26336,,
2014,710,"South Africa",124.4496,,,6.10414,,
2014,728,"South Sudan",217.1597,,,1.67417,,
2014,724,"Spain",106.971,,,-0.19043,,
2014,144,"Sri Lanka",126.12,,,2.7633,,
2014,275,"State of Palestine",109.4216,,,1.73213,,
2014,729,"Sudan",299.2224,,,36.90674,,
2014,736,"Sudan (...2011)",,,"Not applicable",,,"Not applicable"
2014,740,"Suriname",130.2109,,,3.3841,,
2014,752,"Sweden",102.9773,,,0.2099,,
2014,757,"Switzerland, Liechtenstein",99.3062,,,-0.01288,,
2014,438,"Liechtenstein",99.3062,,,-0.01288,"Estimated",
2014,756,"Switzerland",99.3062,,,-0.01288,"Estimated",
2014,760,"Syrian Arab Republic",324.168,,,49.1765,,
2014,762,"Tajikistan",132.5182,,,6.07685,,
2014,834,"Tanzania, United Republic of",149.6574,,,6.13227,,
2014,764,"Thailand",111.3449,,,1.89481,,
2014,626,"Timor-Leste",138.5811,,,0.84884,,
2014,768,"Togo",108.367,,,0.18735,,
2014,776,"Tonga",112.7614,,,2.28601,,
2014,780,"Trinidad and Tobago",127.6853,,,5.69736,,
2014,788,"Tunisia",119.0045,,,4.62532,,
2014,792,"Türkiye",135.6614,,,8.85474,,
2014,795,"Turkmenistan",125.5413,,,6.00847,,
2014,796,"Turks and Caicos Islands",113.7406,,,2.2999,,
2014,798,"Tuvalu",105.1501,,,1.12505,,
2014,800,"Uganda",148.8011,,,4.29031,,
2014,804,"Ukraine",121.387,,,12.09951,,
2014,784,"United Arab Emirates",105.0733,,,2.34577,,
2014,926,"United Kingdom",111.7833,,,1.4606,,
2014,826,"United Kingdom excl. Channel Islands and Isle of Man",111.7833,,,1.4606,"Estimated",
2014,842,"United States of America",108.547,,,1.61535,,
2014,630,"Puerto Rico",105.9868,,,0.566,,
2014,840,"United States of America excluding Puerto Rico and United States Virgin Islands",108.547,,,1.61535,"Estimated",
2014,858,"Uruguay",138.1319,,,8.87653,,
2014,860,"Uzbekistan",153.3089,,,9.07856,,
2014,548,"Vanuatu",104.5534,,,0.79886,,
2014,862,"Venezuela (Bolivarian Rep. of)",348.1682,,,62.16852,,
2014,704,"Viet Nam",143.6575,,,4.08422,,
2014,887,"Yemen",157.663,,,8.15941,,
2014,894,"Zambia",133.5602,,,7.81027,,
2014,716,"Zimbabwe",108.8391,,,-0.21228,,
2014,0000,"World",113.5957,,,2.703,,
2014,5100,"Africa",137.2331,,,7.20522,,
2014,5110,"Northern Africa",141.9139,,,9.02226,,
2014,5120,"Sub-Saharan Africa",134.9502,,,6.32035,,
2014,5121,"Eastern Africa",145.0387,,,5.85258,,
2014,5122,"Middle Africa",128.7382,,,4.80201,,
2014,5123,"Southern Africa",124.6427,,,6.01198,,
2014,5124,"Western Africa",139.4598,,,7.2681,,
2014,5200,"Americas",111.9178,,,2.77778,,
2014,5210,"Northern America",108.4617,,,1.63852,,
2014,5220,"Latin America and the Caribbean",126.0521,,,7.12678,,
2014,5221,"Caribbean",121.6198,,,4.17336,,
2014,5222,"Central America",116.7336,,,3.95717,,
2014,5223,"South America",130.1236,,,8.55395,,
2014,5300,"Asia",116.5919,,,3.31216,,
2014,5310,"Central Asia",134.4093,,,7.23505,,
2014,5330,"Eastern Asia",109.6733,,,2.2137,,
2014,5350,"South-eastern Asia",119.1638,,,3.94508,,
2014,5320,"Southern Asia",153.1615,,,7.49645,,
2014,5340,"Western Asia",120.063,,,4.53023,,
2014,5400,"Europe",109.8325,,,1.28531,,
2014,5410,"Eastern Europe",125.0529,,,5.17793,,
2014,5420,"Northern Europe",109.4921,,,1.21765,,
2014,5430,"Southern Europe",107.4463,,,0.00623,,
2014,5440,"Western Europe",106.5238,,,0.62986,,
2014,5500,"Oceania",110.1495,,,2.36503,,
2014,5600,"Asia and Oceania",116.223,,,3.26109,,
2014,5702,"Northern America and Europe",109.1507,,,1.46389,,
2014,5706,"Europe, Northern America, Australia and New Zealand",109.1823,,,1.49494,,
2014,5703,"Central and Southern Asia",151.3425,,,7.47162,,
2014,5704,"Eastern and South-Eastern Asia",110.8238,,,2.42901,,
2014,5705,"Western Asia and Northern Africa",124.6075,,,5.47462,,
2014,1400,"Developing economies",123.5066,,,4.62482,,
2014,1410,"Developing economies: Africa",137.2331,,,7.20522,,
2014,1420,"Developing economies: Americas",126.0521,,,7.12678,,
2014,1460,"Developing economies: Asia and Oceania",121.1922,,,3.63782,,
2014,1430,"Developing economies: Asia",121.2102,,,3.63995,,
2014,1450,"Developing economies: Oceania",113.7501,,,2.66792,,
2014,1500,"Developed economies",108.5341,,,1.60472,,
2014,1520,"Developed economies: Americas",108.4617,,,1.63852,,
2014,1560,"Developed economies: Asia and Oceania",105.3571,,,2.31998,,
2014,1530,"Developed economies: Asia",104.3442,,,2.3119,,
2014,1550,"Developed economies: Oceania",110.0432,,,2.356,,
2014,1540,"Developed economies: Europe",109.8325,,,1.28531,,
2014,1600,"Developing economies excluding China",129.6415,,,6.17049,,
2014,1601,"Developing economies excluding LDCs",122.7306,,,4.48641,,
2014,1610,"LDCs (Least developed countries)",146.4509,,,8.4455,,
2014,1612,"LDCs: Asia",131.8642,,,6.79352,,
2014,1614,"LDCs: Africa",158.2188,,,9.80535,,
2014,1615,"LDCs: Islands and Haiti",122.1377,,,3.00193,,
2014,1620,"LLDCs (Landlocked developing countries)",131.5905,,,5.80662,,
2014,1640,"SIDS (Small island developing States) (UN-OHRLLS)",116.6741,,,2.44523,,
2014,1641,"SIDS: Atlantic and Indian Ocean",112.2754,,,2.47362,,
2014,1642,"SIDS: Caribbean",121.4444,,,4.07262,,
2014,1643,"SIDS: Pacific",113.8991,,,1.22486,,
2014,2623,"Low-income developing economies",157.3021,,,10.58136,,
2014,2622,"Middle-income developing economies",131.9463,,,5.78932,,
2014,2621,"High-income developing economies",119.6889,,,4.01794,,
2014,2711,"BRICS",120.0119,,,3.66163,,
2014,3412,"European Union (2020 …)",107.2541,,,0.43638,,
2014,3916,"G20 (Group of Twenty)",111.7839,,,2.37568,,
2014,3919,"G-77 (Group of 77)",123.8942,,,4.55895,,
2014,3905,"OECD (Organisation for Economic Cooperation and Development)",108.2828,,,1.58787,,
2015,0001,"Individual economies",,,"Not applicable",,,"Not applicable"
2015,004,"Afghanistan",74.3156,,,-1.54946,,
2015,008,"Albania",111.3586,,,1.86723,,
2015,012,"Algeria",126.7364,,,4.78424,,
2015,020,"Andorra",103.2665,,,-1.13231,,
2015,024,"Angola",159.4646,,,9.15933,,
2015,660,"Anguilla",105.1,,,-0.94251,,
2015,028,"Antigua and Barbuda",110.3193,,,0.96831,,
2015,032,"Argentina",197.0207,,,21.48524,,
2015,051,"Armenia",124.4198,,,3.69584,,
2015,533,"Aruba",103.4,,,0.47273,,
2015,036,"Australia",112.0187,,,1.4848,,
2015,040,"Austria",110.9295,,,0.80889,,
2015,031,"Azerbaijan",117.6685,,,4.04833,,
2015,044,"Bahamas",108.7557,,,1.878,,
2015,048,"Bahrain",110.599,,,1.84822,,
2015,050,"Bangladesh",144.4776,,,6.40519,,
2015,052,"Barbados",117.2088,,,-1.11135,,
2015,112,"Belarus",386.9746,,,13.52269,,
2015,056,"Belgium",108.5848,,,0.61982,,
2015,084,"Belize",103.7892,,,-0.86094,,
2015,204,"Benin",110.1477,,,0.20197,,
2015,060,"Bermuda",110.3014,,,1.02019,,
2015,064,"Bhutan",151.0772,,,6.67055,,
2015,068,"Bolivia (Plurinational State of)",133.6516,,,4.06117,,
2015,070,"Bosnia and Herzegovina",103.9988,,,-1.02342,,
2015,072,"Botswana",132.9017,,,3.05424,,
2015,076,"Brazil",138.3891,,,9.03015,,
2015,092,"British Virgin Islands",110.4665,,,0.8996,,
2015,096,"Brunei Darussalam",99.941,,,-0.48889,,
2015,100,"Bulgaria",103.4491,,,-1.0675,,
2015,854,"Burkina Faso",108.743,,,1.653,,
2015,108,"Burundi",154.0611,,,5.5542,,
2015,132,"Cabo Verde",108.6385,,,0.14306,,
2015,116,"Cambodia",117.4869,,,1.21487,,
2015,120,"Cameroon",112.5016,,,2.67851,,
2015,124,"Canada",108.672,,,1.12578,,
2015,136,"Cayman Islands",103.6517,,,-2.32444,,
2015,140,"Central African Republic",133.0524,,,1.40305,,
2015,148,"Chad",117.188,,,4.827,,
2015,152,"Chile",118.3805,,,4.34911,,
2015,156,"China",115.0947,,,1.5414,,
2015,344,"China, Hong Kong SAR",122.9566,,,2.99123,,
2015,446,"China, Macao SAR",131.3359,,,4.56113,,
2015,158,"China, Taiwan Province of",105.1281,,,-0.30426,,
2015,170,"Colombia",117.6091,,,4.99,,
2015,174,"Comoros",109.7377,,,0.94131,,
2015,178,"Congo",116.4004,,,3.16834,,
2015,180,"Congo, Dem. Rep. of the",119.274,,,0.73816,,
2015,184,"Cook Islands",108.8706,,,1.07493,,
2015,188,"Costa Rica",121.5056,,,0.80234,,
2015,384,"Côte d'Ivoire",110.798,,,1.15098,,
2015,191,"Croatia",108.0543,,,-0.25634,,
2015,192,"Cuba",129.1166,,,4.63918,,
2015,531,"Curaçao",108.0758,,,-0.45221,,
2015,196,"Cyprus",105.1517,,,-1.54001,,
2015,203,"Czechia",107.4804,,,0.30903,,
2015,208,"Denmark",106.2327,,,0.22551,,
2015,262,"Djibouti",111.3861,,,-0.8474,,
2015,212,"Dominica",102.334,,,-0.85141,,
2015,214,"Dominican Republic",122.4517,,,0.83673,,
2015,218,"Ecuador",121.4753,,,3.96648,,
2015,818,"Egypt",157.6946,,,10.98933,,
2015,222,"El Salvador",108.1905,,,-0.73154,,
2015,226,"Equatorial Guinea",118.6347,,,1.69421,,
2015,232,"Eritrea",166.1231,,,28.48311,,
2015,233,"Estonia",113.6842,,,0.06704,,
2015,748,"Eswatini",135.4148,,,4.95123,,
2015,231,"Ethiopia",210.3346,,,9.56843,,
2015,230,"Ethiopia (...1991)",,,"Not applicable",,,"Not applicable"
2015,242,"Fiji",116.3445,,,1.37413,,
2015,246,"Finland",110.0982,,,-0.15576,,
2015,251,"France",106.3266,,,0.08808,"Estimated",
2015,250,"France, metropolitan",106.3266,,,0.08808,,
2015,492,"Monaco",106.3266,,,0.08808,"Estimated",
2015,258,"French Polynesia",104.4676,,,-0.3518,,
2015,266,"Gabon",109.0366,,,-0.14307,,
2015,270,"Gambia",130.9889,,,6.80839,,
2015,268,"Georgia",114.665,,,4.00359,,
2015,276,"Germany",107.9244,,,0.67964,,
2015,288,"Ghana",174.1817,,,17.15345,,
2015,300,"Greece",100.7418,,,-1.0937,,
2015,304,"Greenland",111.027,,,1.47059,,
2015,308,"Grenada",103.8226,,,-0.58433,,
2015,320,"Guatemala",121.7943,,,2.38929,,
2015,324,"Guinea",185.6366,,,8.15064,,
2015,624,"Guinea-Bissau",108.5252,,,1.48218,,
2015,328,"Guyana",108.7407,,,-0.86595,,
2015,332,"Haiti",127.253,,,5.31659,,
2015,340,"Honduras",129.3043,,,3.15796,,
2015,348,"Hungary",111.3737,,,-0.06998,,
2015,352,"Iceland",117.8464,,,1.63106,,
2015,356,"India",146.2456,,,4.90003,,
2015,360,"Indonesia",131.9066,,,6.36165,,
2015,960,"Indonesia (...2002)",,,"Not applicable",,,"Not applicable"
2015,364,"Iran (Islamic Republic of)",276.4371,,,11.91819,,
2015,368,"Iraq",114.006,,,-2.30216,,
2015,372,"Ireland",103.9411,,,-0.04998,,
2015,376,"Israel",106.6517,,,-0.63321,,
2015,380,"Italy",108.0411,,,0.10913,,
2015,388,"Jamaica",141.0997,,,3.68102,,
2015,392,"Japan",103.5845,,,0.79943,,
2015,400,"Jordan",116.4433,,,-1.09773,,
2015,398,"Kazakhstan",137.1919,,,6.65162,,
2015,404,"Kenya",150.1892,,,6.58224,,
2015,296,"Kiribati",99.5475,,,0.57202,,
2015,410,"Korea, Republic of",109.8271,,,0.70597,,
2015,414,"Kuwait",118.8817,,,3.67804,,
2015,417,"Kyrgyzstan",146.358,,,6.50337,,
2015,418,"Lao People's Dem. Rep.",125.8049,,,1.27774,,
2015,428,"Latvia",107.5811,,,0.21345,,
2015,422,"Lebanon",114.9706,,,-3.74915,,
2015,426,"Lesotho",127.0477,,,3.21828,,
2015,430,"Liberia",147.5761,,,7.74157,,
2015,434,"Libya",142.1315,,,10.01145,,
2015,440,"Lithuania",108.1947,,,-0.67738,,
2015,442,"Luxembourg",109.3536,,,0.06104,,
2015,450,"Madagascar",139.5504,,,7.40526,,
2015,454,"Malawi",252.5816,,,21.86091,,
2015,458,"Malaysia",112.7888,,,2.1044,,
2015,462,"Maldives",133.27,,,1.37214,,
2015,466,"Mali",110.3044,,,1.43222,,
2015,470,"Malta",108.9488,,,1.17665,,
2015,584,"Marshall Islands",110.6588,,,-2.23635,,
2015,478,"Mauritania",123.395,,,3.23695,,
2015,480,"Mauritius",119.7562,,,1.27466,,
2015,484,"Mexico",119.4031,,,2.7187,,
2015,583,"Micronesia (Federated States of)",113.6102,,,0.03342,,
2015,498,"Moldova, Republic of",135.558,,,9.62775,,
2015,496,"Mongolia",165.1474,,,6.79386,,
2015,499,"Montenegro",111.0197,,,1.54865,,
2015,500,"Montserrat",107.8808,,,-1.1472,,
2015,504,"Morocco",105.1549,,,1.4306,,
2015,508,"Mozambique",126.2964,,,3.55276,,
2015,104,"Myanmar",129.3217,,,9.45366,,
2015,516,"Namibia",128.9246,,,3.39896,,
2015,520,"Nauru",105.477,,,9.78427,,
2015,524,"Nepal",152.4203,,,7.21285,,
2015,528,"Netherlands (Kingdom of the)",108.6327,,,0.21649,,
2015,540,"New Caledonia",105.9848,,,0.30896,,
2015,554,"New Zealand",107.9439,,,0.29332,,
2015,558,"Nicaragua",136.8777,,,3.99733,,
2015,562,"Niger",105.838,,,0.961,,
2015,566,"Nigeria",158.9353,,,9.01048,,
2015,807,"North Macedonia",109.7012,,,-0.29992,,
2015,579,"Norway",108.587,,,2.17068,,
2015,512,"Oman",109.415,,,0.06562,,
2015,586,"Pakistan",153.7917,,,4.52435,,
2015,585,"Palau",118.2486,,,2.19884,,
2015,591,"Panama",119.6328,,,0.13739,,
2015,598,"Papua New Guinea",127.8094,,,5.99605,,
2015,600,"Paraguay",124.8282,,,3.12982,,
2015,604,"Peru",117.7642,,,3.54724,,
2015,608,"Philippines",115.6294,,,0.69017,,
2015,616,"Poland",108.4219,,,-0.92333,,
2015,620,"Portugal",107.2685,,,0.50756,,
2015,634,"Qatar",112.704,,,0.93946,,
2015,642,"Romania",114.241,,,-0.59604,,
2015,643,"Russian Federation",151.5289,,,15.53481,,
2015,646,"Rwanda",122.1338,,,2.53499,,
2015,659,"Saint Kitts and Nevis",105.6576,,,-2.30173,,
2015,662,"Saint Lucia",111.35,,,-0.98394,,
2015,670,"Saint Vincent and the Grenadines",105.0814,,,-1.72556,,
2015,882,"Samoa",109.7378,,,1.92196,,
2015,674,"San Marino",108.0984,,,0.14501,,
2015,678,"Sao Tome and Principe",155.2587,,,6.13054,,
2015,682,"Saudi Arabia",114.3184,,,1.20589,,
2015,686,"Senegal",105.36,,,0.858,,
2015,688,"Serbia",132.9631,,,1.39247,,
2015,690,"Seychelles",120.9043,,,4.043,,
2015,694,"Sierra Leone",134.0965,,,6.68893,,
2015,702,"Singapore",113.2196,,,-0.5227,,
2015,534,"Sint Maarten (Dutch part)",114.017,,,0.33301,,
2015,703,"Slovakia",109.063,,,-0.3299,,
2015,705,"Slovenia",105.947,,,-0.52426,,
2015,090,"Solomon Islands",125.3663,,,-0.56942,,
2015,706,"Somalia",105.1513,,,0.913,,
2015,710,"South Africa",130.1597,,,4.58826,,
2015,728,"South Sudan",331.747,,,52.76633,,
2015,724,"Spain",106.2982,,,-0.62902,,
2015,144,"Sri Lanka",128.9412,,,2.23686,,
2015,275,"State of Palestine",110.9878,,,1.43135,,
2015,729,"Sudan",349.8194,,,16.90947,,
2015,736,"Sudan (...2011)",,,"Not applicable",,,"Not applicable"
2015,740,"Suriname",139.1903,,,6.89605,,
2015,752,"Sweden",103.7011,,,0.70291,,
2015,757,"Switzerland, Liechtenstein",98.1726,,,-1.14155,,
2015,438,"Liechtenstein",98.1726,,,-1.14155,"Estimated",
2015,756,"Switzerland",98.1726,,,-1.14155,"Estimated",
2015,760,"Syrian Arab Republic",448.833,,,38.45691,,
2015,762,"Tajikistan",140.1784,,,5.78051,,
2015,834,"Tanzania, United Republic of",158.0211,,,5.5886,,
2015,764,"Thailand",110.3437,,,-0.89927,,
2015,626,"Timor-Leste",139.476,,,0.64581,,
2015,768,"Togo",110.3068,,,1.79,,
2015,776,"Tonga",112.8225,,,0.05419,,
2015,780,"Trinidad and Tobago",133.6342,,,4.65903,,
2015,788,"Tunisia",124.2854,,,4.43755,,
2015,792,"Türkiye",146.0678,,,7.67085,,
2015,795,"Turkmenistan",134.8372,,,7.40468,,
2015,796,"Turks and Caicos Islands",116.2431,,,2.20018,,
2015,798,"Tuvalu",108.4515,,,3.13973,,
2015,800,"Uganda",154.2955,,,3.69246,,
2015,804,"Ukraine",180.4825,,,48.68353,,
2015,784,"United Arab Emirates",109.3475,,,4.06781,,
2015,926,"United Kingdom",111.8281,,,0.04002,,
2015,826,"United Kingdom excl. Channel Islands and Isle of Man",111.8281,,,0.04002,"Estimated",
2015,842,"United States of America",108.6786,,,0.12124,,
2015,630,"Puerto Rico",105.1912,,,-0.7507,,
2015,840,"United States of America excluding Puerto Rico and United States Virgin Islands",108.6786,,,0.12124,"Estimated",
2015,858,"Uruguay",150.0966,,,8.66178,,
2015,860,"Uzbekistan",166.2879,,,8.46589,,
2015,548,"Vanuatu",107.1497,,,2.48327,,
2015,862,"Venezuela (Bolivarian Rep. of)",772.0213,,,121.73803,,
2015,704,"Viet Nam",144.5646,,,0.63143,,
2015,887,"Yemen",192.349,,,22.00007,,
2015,894,"Zambia",147.0592,,,10.10706,,
2015,716,"Zimbabwe",106.2157,,,-2.41037,,
2015,0000,"World",115.9321,,,2.05677,,
2015,5100,"Africa",147.2398,,,7.29175,,
2015,5110,"Northern Africa",153.9504,,,8.48153,,
2015,5120,"Sub-Saharan Africa",144.0354,,,6.73228,,
2015,5121,"Eastern Africa",155.5051,,,7.21632,,
2015,5122,"Middle Africa",135.7583,,,5.45296,,
2015,5123,"Southern Africa",130.2399,,,4.49065,,
2015,5124,"Western Africa",150.9328,,,8.22668,,
2015,5200,"Americas",113.8704,,,1.74467,,
2015,5210,"Northern America",108.6806,,,0.20183,,
2015,5220,"Latin America and the Caribbean",135.7401,,,7.68566,,
2015,5221,"Caribbean",125.1336,,,2.88916,,
2015,5222,"Central America",119.6335,,,2.4842,,
2015,5223,"South America",143.2388,,,10.07907,,
2015,5300,"Asia",119.2281,,,2.26104,,
2015,5310,"Central Asia",144.0584,,,7.17888,,
2015,5330,"Eastern Asia",111.0587,,,1.26319,,
2015,5350,"South-eastern Asia",122.2553,,,2.59435,,
2015,5320,"Southern Asia",162.1327,,,5.85739,,
2015,5340,"Western Asia",124.3692,,,3.58662,,
2015,5400,"Europe",111.5756,,,1.58705,,
2015,5410,"Eastern Europe",137.8562,,,10.23832,,
2015,5420,"Northern Europe",109.802,,,0.28306,,
2015,5430,"Southern Europe",107.2583,,,-0.17492,,
2015,5440,"Western Europe",106.8432,,,0.29987,,
2015,5500,"Oceania",111.6811,,,1.39052,,
2015,5600,"Asia and Oceania",118.7975,,,2.21516,,
2015,5702,"Northern America and Europe",110.1165,,,0.88482,,
2015,5706,"Europe, Northern America, Australia and New Zealand",110.1656,,,0.90062,,
2015,5703,"Central and Southern Asia",160.3941,,,5.98086,,
2015,5704,"Eastern and South-Eastern Asia",112.4067,,,1.42832,,
2015,5705,"Western Asia and Northern Africa",130.3413,,,4.60148,,
2015,1400,"Developing economies",128.5235,,,4.06201,,
2015,1410,"Developing economies: Africa",147.2398,,,7.29175,,
2015,1420,"Developing economies: Americas",135.7401,,,7.68566,,
2015,1460,"Developing economies: Asia and Oceania",124.5204,,,2.74616,,
2015,1430,"Developing economies: Asia",124.5379,,,2.74542,,
2015,1450,"Developing economies: Oceania",117.2545,,,3.08078,,
2015,1500,"Developed economies",109.4838,,,0.87502,,
2015,1520,"Developed economies: Americas",108.6806,,,0.20183,,
2015,1560,"Developed economies: Asia and Oceania",106.2262,,,0.82493,,
2015,1530,"Developed economies: Asia",105.0836,,,0.70862,,
2015,1550,"Developed economies: Oceania",111.5152,,,1.33764,,
2015,1540,"Developed economies: Europe",111.5756,,,1.58705,,
2015,1600,"Developing economies excluding China",136.9406,,,5.63024,,
2015,1601,"Developing economies excluding LDCs",127.5392,,,3.91803,,
2015,1610,"LDCs (Least developed countries)",158.1584,,,7.99419,,
2015,1612,"LDCs: Asia",142.0284,,,7.70807,,
2015,1614,"LDCs: Africa",171.38,,,8.31834,,
2015,1615,"LDCs: Islands and Haiti",127.3272,,,4.24884,,
2015,1620,"LLDCs (Landlocked developing countries)",139.6156,,,6.09855,,
2015,1640,"SIDS (Small island developing States) (UN-OHRLLS)",118.1005,,,1.22252,,
2015,1641,"SIDS: Atlantic and Indian Ocean",114.0839,,,1.61079,,
2015,1642,"SIDS: Caribbean",124.9393,,,2.87775,,
2015,1643,"SIDS: Pacific",113.8261,,,-0.06411,,
2015,2623,"Low-income developing economies",169.8977,,,8.00726,,
2015,2622,"Middle-income developing economies",138.782,,,5.18068,,
2015,2621,"High-income developing economies",123.9406,,,3.55227,,
2015,2711,"BRICS",124.9651,,,4.12723,,
2015,3412,"European Union (2020 …)",107.4402,,,0.17359,,
2015,3916,"G20 (Group of Twenty)",113.7015,,,1.71549,,
2015,3919,"G-77 (Group of 77)",128.9509,,,4.08153,,
2015,3905,"OECD (Organisation for Economic Cooperation and Development)",108.8573,,,0.53062,,
2016,0001,"Individual economies",,,"Not applicable",,,"Not applicable"
2016,004,"Afghanistan",75.8941,,,2.12408,,
2016,008,"Albania",112.7918,,,1.287,,
2016,012,"Algeria",134.8447,,,6.3978,,
2016,020,"Andorra",102.8305,,,-0.42222,,
2016,024,"Angola",208.4108,,,30.69411,,
2016,660,"Anguilla",104.5,,,-0.57088,,
2016,028,"Antigua and Barbuda",109.7801,,,-0.48883,,
2016,032,"Argentina",276.8058,,,40.49583,,
2016,051,"Armenia",122.6478,,,-1.4242,,
2016,533,"Aruba",102.4391,,,-0.92927,,
2016,036,"Australia",113.4495,,,1.27729,,
2016,040,"Austria",112.0095,,,0.97358,,
2016,031,"Azerbaijan",132.3046,,,12.43842,,
2016,044,"Bahamas",108.397,,,-0.32981,,
2016,048,"Bahrain",113.6839,,,2.78925,,
2016,050,"Bangladesh",153.0256,,,5.91649,,
2016,052,"Barbados",118.9808,,,1.51179,,
2016,112,"Belarus",432.7492,,,11.82883,,
2016,056,"Belgium",110.5068,,,1.77002,,
2016,084,"Belize",104.4747,,,0.66053,,
2016,204,"Benin",109.2729,,,-0.79426,,
2016,060,"Bermuda",110.9634,,,0.6002,,
2016,064,"Bhutan",156.0343,,,3.28119,,
2016,068,"Bolivia (Plurinational State of)",138.4948,,,3.62376,,
2016,070,"Bosnia and Herzegovina",102.3514,,,-1.584,,
2016,072,"Botswana",136.6358,,,2.8097,,
2016,076,"Brazil",150.4836,,,8.73955,,
2016,092,"British Virgin Islands",111.6267,,,1.05033,,
2016,096,"Brunei Darussalam",99.663,,,-0.27816,,
2016,100,"Bulgaria",102.0814,,,-1.32203,,
2016,854,"Burkina Faso",109.2234,,,0.4417,,
2016,108,"Burundi",162.5753,,,5.52647,,
2016,132,"Cabo Verde",107.0789,,,-1.4356,,
2016,116,"Cambodia",121.0523,,,3.03475,,
2016,120,"Cameroon",113.4834,,,0.8727,,
2016,124,"Canada",110.2244,,,1.42849,,
2016,136,"Cayman Islands",102.9506,,,-0.67635,,
2016,140,"Central African Republic",139.6335,,,4.9463,,
2016,148,"Chad",115.2763,,,-1.63126,,
2016,152,"Chile",122.8673,,,3.79023,,
2016,156,"China",117.5358,,,2.121,,
2016,344,"China, Hong Kong SAR",125.9181,,,2.40857,,
2016,446,"China, Macao SAR",134.4467,,,2.36859,,
2016,158,"China, Taiwan Province of",106.5916,,,1.3921,,
2016,170,"Colombia",126.4383,,,7.5073,,
2016,174,"Comoros",110.6182,,,0.80234,,
2016,178,"Congo",120.1142,,,3.19056,,
2016,180,"Congo, Dem. Rep. of the",123.0827,,,3.19324,,
2016,184,"Cook Islands",108.4888,,,-0.35068,,
2016,188,"Costa Rica",121.4834,,,-0.01829,,
2016,384,"Côte d'Ivoire",111.5176,,,0.64951,,
2016,191,"Croatia",107.3736,,,-0.62999,,
2016,192,"Cuba",134.9823,,,4.54297,,
2016,531,"Curaçao",108.0377,,,-0.03527,,
2016,196,"Cyprus",103.873,,,-1.21607,,
2016,203,"Czechia",108.2146,,,0.68317,,
2016,208,"Denmark",106.2507,,,0.017,,
2016,262,"Djibouti",114.4363,,,2.7384,,
2016,212,"Dominica",102.4792,,,0.14182,,
2016,214,"Dominican Republic",124.4281,,,1.61399,,
2016,218,"Ecuador",123.5748,,,1.72835,,
2016,818,"Egypt",173.7988,,,10.2123,,
2016,222,"El Salvador",108.8443,,,0.60435,,
2016,226,"Equatorial Guinea",120.2933,,,1.39804,,
2016,232,"Eritrea",156.8585,,,-5.57695,,
2016,233,"Estonia",114.5936,,,0.8,,
2016,748,"Eswatini",146.0413,,,7.84735,,
2016,231,"Ethiopia",224.2756,,,6.628,,
2016,230,"Ethiopia (...1991)",,,"Not applicable",,,"Not applicable"
2016,242,"Fiji",120.8396,,,3.86364,,
2016,246,"Finland",110.5265,,,0.389,,
2016,251,"France",106.6519,,,0.30601,"Estimated",
2016,250,"France, metropolitan",106.6519,,,0.30601,,
2016,492,"Monaco",106.6519,,,0.30601,"Estimated",
2016,258,"French Polynesia",103.9471,,,-0.49826,,
2016,266,"Gabon",111.3115,,,2.08637,,
2016,270,"Gambia",140.4521,,,7.2244,,
2016,268,"Georgia",117.113,,,2.13491,,
2016,276,"Germany",108.3195,,,0.36603,,
2016,288,"Ghana",204.5835,,,17.4541,,
2016,300,"Greece",100.7554,,,0.0135,,
2016,304,"Greenland",112.2101,,,1.06564,,
2016,308,"Grenada",105.6041,,,1.71586,,
2016,320,"Guatemala",127.2116,,,4.44787,,
2016,324,"Guinea",200.8105,,,8.17399,,
2016,624,"Guinea-Bissau",111.4632,,,2.7072,,
2016,328,"Guyana",109.6409,,,0.82782,,
2016,332,"Haiti",141.8049,,,11.43536,,
2016,340,"Honduras",132.8272,,,2.7245,,
2016,348,"Hungary",111.8396,,,0.4184,,
2016,352,"Iceland",119.8419,,,1.69327,,
2016,356,"India",152.8271,,,4.50035,,
2016,360,"Indonesia",136.5587,,,3.52675,,
2016,960,"Indonesia (...2002)",,,"Not applicable",,,"Not applicable"
2016,364,"Iran (Islamic Republic of)",301.4559,,,9.05046,,
2016,368,"Iraq",114.4633,,,0.40109,,
2016,372,"Ireland",103.7508,,,-0.18303,,
2016,376,"Israel",106.0711,,,-0.54438,,
2016,380,"Italy",107.987,,,-0.05,,
2016,388,"Jamaica",144.4145,,,2.34923,,
2016,392,"Japan",103.4558,,,-0.12421,,
2016,400,"Jordan",115.717,,,-0.62379,,
2016,398,"Kazakhstan",157.162,,,14.55631,,
2016,404,"Kenya",159.6776,,,6.31766,,
2016,296,"Kiribati",101.4567,,,1.91786,,
2016,410,"Korea, Republic of",110.8946,,,0.97195,,
2016,414,"Kuwait",123.0211,,,3.48195,,
2016,417,"Kyrgyzstan",146.927,,,0.38877,,
2016,418,"Lao People's Dem. Rep.",127.8135,,,1.59658,,
2016,428,"Latvia",107.6876,,,0.099,,
2016,422,"Lebanon",114.0699,,,-0.78336,,
2016,426,"Lesotho",135.428,,,6.59617,,
2016,430,"Liberia",160.6278,,,8.84405,,
2016,434,"Libya",178.9042,,,25.87237,,
2016,440,"Lithuania",108.9282,,,0.678,,
2016,442,"Luxembourg",109.4017,,,0.044,,
2016,450,"Madagascar",148.0012,,,6.05579,,
2016,454,"Malawi",307.4602,,,21.72707,,
2016,458,"Malaysia",115.1304,,,2.07609,,
2016,462,"Maldives",134.3379,,,0.80129,,
2016,466,"Mali",108.3168,,,-1.80188,,
2016,470,"Malta",109.9293,,,0.89997,,
2016,584,"Marshall Islands",108.9906,,,-1.50752,,
2016,478,"Mauritania",125.229,,,1.48628,,
2016,480,"Mauritius",120.9525,,,0.99893,,
2016,484,"Mexico",122.7691,,,2.81901,,
2016,583,"Micronesia (Federated States of)",112.5687,,,-0.91674,,
2016,498,"Moldova, Republic of",144.1768,,,6.35808,,
2016,496,"Mongolia",166.3854,,,0.74961,,
2016,499,"Montenegro",110.733,,,-0.25821,,
2016,500,"Montserrat",107.6158,,,-0.24564,,
2016,504,"Morocco",106.7628,,,1.52907,,
2016,508,"Mozambique",148.2924,,,17.41617,,
2016,104,"Myanmar",138.282,,,6.92876,,
2016,516,"Namibia",137.5752,,,6.70983,,
2016,520,"Nauru",114.0737,,,8.15035,,
2016,524,"Nepal",167.5578,,,9.9314,,
2016,528,"Netherlands (Kingdom of the)",108.7555,,,0.11301,,
2016,540,"New Caledonia",106.0936,,,0.10267,,
2016,554,"New Zealand",108.6407,,,0.64555,,
2016,558,"Nicaragua",141.7009,,,3.52373,,
2016,562,"Niger",106.0278,,,0.17928,,
2016,566,"Nigeria",183.8811,,,15.6956,,
2016,807,"North Macedonia",109.4392,,,-0.23884,,
2016,579,"Norway",112.442,,,3.55015,,
2016,512,"Oman",110.6283,,,1.10888,,
2016,586,"Pakistan",158.1963,,,2.86404,,
2016,585,"Palau",116.6692,,,-1.33564,,
2016,591,"Panama",120.5176,,,0.73954,,
2016,598,"Papua New Guinea",136.3389,,,6.67368,,
2016,600,"Paraguay",129.9288,,,4.08608,,
2016,604,"Peru",121.9965,,,3.59383,,
2016,608,"Philippines",117.056,,,1.23378,,
2016,616,"Poland",107.6871,,,-0.67766,,
2016,620,"Portugal",107.9507,,,0.636,,
2016,634,"Qatar",115.7343,,,2.68873,,
2016,642,"Romania",112.465,,,-1.55461,,
2016,643,"Russian Federation",162.1996,,,7.042,,
2016,646,"Rwanda",129.1202,,,5.72027,,
2016,659,"Saint Kitts and Nevis",104.9312,,,-0.6875,,
2016,662,"Saint Lucia",107.9225,,,-3.07806,,
2016,670,"Saint Vincent and the Grenadines",104.9156,,,-0.15782,,
2016,882,"Samoa",109.819,,,0.07399,,
2016,674,"San Marino",108.7195,,,0.57457,,
2016,678,"Sao Tome and Principe",163.6536,,,5.4071,,
2016,682,"Saudi Arabia",116.6835,,,2.06884,,
2016,686,"Senegal",106.6157,,,1.19177,,
2016,688,"Serbia",134.4556,,,1.12254,,
2016,690,"Seychelles",119.6749,,,-1.01689,,
2016,694,"Sierra Leone",148.6947,,,10.88637,,
2016,702,"Singapore",112.6167,,,-0.53252,,
2016,534,"Sint Maarten (Dutch part)",114.1519,,,0.1183,,
2016,703,"Slovakia",108.5472,,,-0.473,,
2016,705,"Slovenia",105.892,,,-0.052,,
2016,090,"Solomon Islands",125.9892,,,0.49693,,
2016,706,"Somalia",105.1764,,,0.02378,,
2016,710,"South Africa",138.4033,,,6.33344,,
2016,728,"South Sudan",1592.3847,,,379.99976,,
2016,724,"Spain",105.9399,,,-0.337,,
2016,144,"Sri Lanka",134.084,,,3.98853,,
2016,275,"State of Palestine",110.7441,,,-0.21956,,
2016,729,"Sudan",411.9134,,,17.75033,,
2016,736,"Sudan (...2011)",,,"Not applicable",,,"Not applicable"
2016,740,"Suriname",216.4409,,,55.49999,,
2016,752,"Sweden",104.8822,,,1.139,,
2016,757,"Switzerland, Liechtenstein",97.7455,,,-0.43503,,
2016,438,"Liechtenstein",97.7455,,,-0.43503,"Estimated",
2016,756,"Switzerland",97.7455,,,-0.43503,"Estimated",
2016,760,"Syrian Arab Republic",662.947,,,47.7046,,
2016,762,"Tajikistan",148.4682,,,5.91375,,
2016,834,"Tanzania, United Republic of",166.19,,,5.16948,,
2016,764,"Thailand",110.5509,,,0.18785,,
2016,626,"Timor-Leste",137.4259,,,-1.46984,,
2016,768,"Togo",111.2528,,,0.85765,,
2016,776,"Tonga",112.1224,,,-0.62054,,
2016,780,"Trinidad and Tobago",137.7353,,,3.06887,,
2016,788,"Tunisia",128.7957,,,3.629,,
2016,792,"Türkiye",157.4249,,,7.7752,,
2016,795,"Turkmenistan",139.7524,,,3.64532,,
2016,796,"Turks and Caicos Islands",118.5678,,,1.99985,,
2016,798,"Tuvalu",112.2387,,,3.49204,,
2016,800,"Uganda",162.2711,,,5.16908,,
2016,804,"Ukraine",205.5932,,,13.91307,,
2016,784,"United Arab Emirates",111.1173,,,1.6185,,
2016,926,"United Kingdom",112.5661,,,0.66,,
2016,826,"United Kingdom excl. Channel Islands and Isle of Man",112.5661,,,0.66,"Estimated",
2016,842,"United States of America",110.0557,,,1.26708,,
2016,630,"Puerto Rico",104.8825,,,-0.29343,,
2016,840,"United States of America excluding Puerto Rico and United States Virgin Islands",110.0557,,,1.26708,"Estimated",
2016,858,"Uruguay",164.5648,,,9.63924,,
2016,860,"Uzbekistan",180.9573,,,8.8217,,
2016,548,"Vanuatu",108.052,,,0.84207,,
2016,862,"Venezuela (Bolivarian Rep. of)",2740.279,,,254.94864,,
2016,704,"Viet Nam",148.4216,,,2.66799,,
2016,887,"Yemen",233.3193,,,21.29996,,
2016,894,"Zambia",173.338,,,17.86957,,
2016,716,"Zimbabwe",104.5612,,,-1.55773,,
2016,0000,"World",118.8088,,,2.48135,,
2016,5100,"Africa",163.7129,,,11.18789,,
2016,5110,"Northern Africa",168.6806,,,9.56816,,
2016,5120,"Sub-Saharan Africa",161.2524,,,11.95334,,
2016,5121,"Eastern Africa",177.095,,,13.88372,,
2016,5122,"Middle Africa",156.9992,,,15.64614,,
2016,5123,"Southern Africa",138.3622,,,6.23643,,
2016,5124,"Western Africa",170.3613,,,12.87233,,
2016,5200,"Americas",117.3817,,,3.08365,,
2016,5210,"Northern America",110.0711,,,1.27947,,
2016,5220,"Latin America and the Caribbean",149.5362,,,10.16366,,
2016,5221,"Caribbean",129.0399,,,3.12168,,
2016,5222,"Central America",122.8177,,,2.66159,,
2016,5223,"South America",162.966,,,13.77221,,
2016,5300,"Asia",122.0018,,,2.32644,,
2016,5310,"Central Asia",160.3075,,,11.27955,,
2016,5330,"Eastern Asia",112.6705,,,1.4513,,
2016,5350,"South-eastern Asia",124.7234,,,2.01881,,
2016,5320,"Southern Asia",170.3165,,,5.04759,,
2016,5340,"Western Asia",129.2744,,,3.94404,,
2016,5400,"Europe",112.5996,,,0.91775,,
2016,5410,"Eastern Europe",143.6595,,,4.20969,,
2016,5420,"Northern Europe",110.7249,,,0.84047,,
2016,5430,"Southern Europe",107.1474,,,-0.10342,,
2016,5440,"Western Europe",107.2282,,,0.36036,,
2016,5500,"Oceania",113.1019,,,1.27218,,
2016,5600,"Asia and Oceania",121.4964,,,2.27187,,
2016,5702,"Northern America and Europe",111.3297,,,1.10168,,
2016,5706,"Europe, Northern America, Australia and New Zealand",111.383,,,1.10507,,
2016,5703,"Central and Southern Asia",169.3981,,,5.61365,,
2016,5704,"Eastern and South-Eastern Asia",114.1171,,,1.52162,,
2016,5705,"Western Asia and Northern Africa",137.0011,,,5.10953,,
2016,1400,"Developing economies",134.9232,,,4.97943,,
2016,1410,"Developing economies: Africa",163.7129,,,11.18789,,
2016,1420,"Developing economies: Americas",149.5362,,,10.16366,,
2016,1460,"Developing economies: Asia and Oceania",128.246,,,2.99199,,
2016,1430,"Developing economies: Asia",128.2624,,,2.99065,,
2016,1450,"Developing economies: Oceania",121.4784,,,3.6024,,
2016,1500,"Developed economies",110.5495,,,0.97335,,
2016,1520,"Developed economies: Americas",110.0711,,,1.27947,,
2016,1560,"Developed economies: Asia and Oceania",106.5622,,,0.31631,,
2016,1530,"Developed economies: Asia",105.2036,,,0.11419,,
2016,1550,"Developed economies: Oceania",112.8514,,,1.19825,,
2016,1540,"Developed economies: Europe",112.5996,,,0.91775,,
2016,1600,"Developing economies excluding China",146.2854,,,6.82399,,
2016,1601,"Developing economies excluding LDCs",133.5424,,,4.70692,,
2016,1610,"LDCs (Least developed countries)",177.9084,,,12.48748,,
2016,1612,"LDCs: Asia",151.6959,,,6.80679,,
2016,1614,"LDCs: Africa",199.6616,,,16.50226,,
2016,1615,"LDCs: Islands and Haiti",138.5384,,,8.80505,,
2016,1620,"LLDCs (Landlocked developing countries)",154.9382,,,10.97484,,
2016,1640,"SIDS (Small island developing States) (UN-OHRLLS)",120.1558,,,1.74034,,
2016,1641,"SIDS: Atlantic and Indian Ocean",116.1579,,,1.81794,,
2016,1642,"SIDS: Caribbean",130.0427,,,4.08473,,
2016,1643,"SIDS: Pacific",113.8142,,,-0.01041,,
2016,2623,"Low-income developing economies",182.5419,,,7.44225,,
2016,2622,"Middle-income developing economies",147.4342,,,6.23437,,
2016,2621,"High-income developing economies",129.5041,,,4.48886,,
2016,2711,"BRICS",129.4994,,,3.62844,,
2016,3412,"European Union (2020 …)",107.6765,,,0.21994,,
2016,3916,"G20 (Group of Twenty)",116.0664,,,2.0799,,
2016,3919,"G-77 (Group of 77)",135.4309,,,5.02516,,
2016,3905,"OECD (Organisation for Economic Cooperation and Development)",109.9451,,,0.99928,,
2017,0001,"Individual economies",,,"Not applicable",,,"Not applicable"
2017,004,"Afghanistan",67.8722,,,-10.56987,,
2017,008,"Albania",115.0301,,,1.98446,,
2017,012,"Algeria",142.3842,,,5.59121,,
2017,020,"Andorra",105.4902,,,2.58648,,
2017,024,"Angola",270.6106,,,29.84478,,
2017,660,"Anguilla",105.9,,,1.33971,,
2017,028,"Antigua and Barbuda",112.4502,,,2.43222,,
2017,032,"Argentina",347.8241,,,25.65635,,
2017,051,"Armenia",124.1064,,,1.18927,,
2017,533,"Aruba",101.3856,,,-1.02845,,
2017,036,"Australia",115.7128,,,1.99496,,
2017,040,"Austria",114.5046,,,2.22751,,
2017,031,"Azerbaijan",149.2984,,,12.8445,,
2017,044,"Bahamas",110.0228,,,1.49987,,
2017,048,"Bahrain",115.2591,,,1.38556,,
2017,050,"Bangladesh",161.3505,,,5.44018,,
2017,052,"Barbados",124.2274,,,4.40961,,
2017,112,"Belarus",458.8512,,,6.03167,,
2017,056,"Belgium",112.9652,,,2.22465,,
2017,084,"Belize",105.6768,,,1.15063,,
2017,204,"Benin",111.2061,,,1.76921,,
2017,060,"Bermuda",90.8925,,,-18.08782,,
2017,064,"Bhutan",162.7659,,,4.31415,,
2017,068,"Bolivia (Plurinational State of)",142.4047,,,2.8231,,
2017,070,"Bosnia and Herzegovina",103.1803,,,0.80983,,
2017,072,"Botswana",141.1394,,,3.29606,,
2017,076,"Brazil",155.6698,,,3.44631,,
2017,092,"British Virgin Islands",112.9549,,,1.18988,,
2017,096,"Brunei Darussalam",98.406,,,-1.26125,,
2017,100,"Bulgaria",103.2939,,,1.18773,,
2017,854,"Burkina Faso",110.843,,,1.48283,,
2017,108,"Burundi",189.5575,,,16.59679,,
2017,132,"Cabo Verde",107.9172,,,0.78286,,
2017,116,"Cambodia",124.5701,,,2.90599,,
2017,120,"Cameroon",114.2102,,,0.64049,,
2017,124,"Canada",111.9845,,,1.59688,,
2017,136,"Cayman Islands",105.0019,,,1.99243,,
2017,140,"Central African Republic",145.4705,,,4.18019,,
2017,148,"Chad",114.2423,,,-0.89704,,
2017,152,"Chile",125.5495,,,2.18294,,
2017,156,"China",119.3232,,,1.52074,,
2017,344,"China, Hong Kong SAR",127.7996,,,1.49424,,
2017,446,"China, Macao SAR",136.0983,,,1.22847,,
2017,158,"China, Taiwan Province of",107.2535,,,0.62099,,
2017,170,"Colombia",131.8879,,,4.31006,,
2017,174,"Comoros",110.7192,,,0.09131,,
2017,178,"Congo",120.6537,,,0.4491,,
2017,180,"Congo, Dem. Rep. of the",167.0648,,,35.7338,,
2017,184,"Cook Islands",108.1609,,,-0.30222,,
2017,188,"Costa Rica",123.4581,,,1.62555,,
2017,384,"Côte d'Ivoire",112.1365,,,0.55496,,
2017,191,"Croatia",108.7718,,,1.30219,,
2017,192,"Cuba",142.3322,,,5.44503,,
2017,531,"Curaçao",109.7323,,,1.56856,,
2017,196,"Cyprus",104.5796,,,0.68031,,
2017,203,"Czechia",110.8668,,,2.45087,,
2017,208,"Denmark",107.3747,,,1.05782,,
2017,262,"Djibouti",115.0863,,,0.56801,,
2017,212,"Dominica",102.7824,,,0.29593,,
2017,214,"Dominican Republic",128.5092,,,3.2799,,
2017,218,"Ecuador",124.0903,,,0.41713,,
2017,818,"Egypt",214.6977,,,23.53231,,
2017,222,"El Salvador",109.9483,,,1.01423,,
2017,226,"Equatorial Guinea",121.1904,,,0.74574,,
2017,232,"Eritrea",135.9876,,,-13.30556,,
2017,233,"Estonia",118.7772,,,3.65079,,
2017,748,"Eswatini",155.1273,,,6.22152,,
2017,231,"Ethiopia",248.2439,,,10.687,,
2017,230,"Ethiopia (...1991)",,,"Not applicable",,,"Not applicable"
2017,242,"Fiji",124.8852,,,3.34792,,
2017,246,"Finland",111.4546,,,0.83973,,
2017,251,"France",107.8949,,,1.16546,"Estimated",
2017,250,"France, metropolitan",107.8949,,,1.16546,,
2017,492,"Monaco",107.8949,,,1.16546,"Estimated",
2017,258,"French Polynesia",104.4144,,,0.44959,,
2017,266,"Gabon",114.2637,,,2.65214,,
2017,270,"Gambia",151.7577,,,8.04947,,
2017,268,"Georgia",124.181,,,6.0352,,
2017,276,"Germany",110.1641,,,1.7029,,
2017,288,"Ghana",229.8944,,,12.37188,,
2017,300,"Greece",101.9017,,,1.1377,,
2017,304,"Greenland",113.1566,,,0.84353,,
2017,308,"Grenada",106.5668,,,0.91158,,
2017,320,"Guatemala",132.8408,,,4.42508,,
2017,324,"Guinea",218.7117,,,8.9145,,
2017,624,"Guinea-Bissau",111.2557,,,-0.18615,,
2017,328,"Guyana",111.7715,,,1.94327,,
2017,332,"Haiti",156.8495,,,10.6094,,
2017,340,"Honduras",138.0534,,,3.93459,,
2017,348,"Hungary",114.5326,,,2.40784,,
2017,352,"Iceland",121.9602,,,1.76756,,
2017,356,"India",158.3322,,,3.60216,,
2017,360,"Indonesia",141.7612,,,3.80978,,
2017,960,"Indonesia (...2002)",,,"Not applicable",,,"Not applicable"
2017,364,"Iran (Islamic Republic of)",330.52,,,9.64123,,
2017,368,"Iraq",114.693,,,0.2007,,
2017,372,"Ireland",104.019,,,0.25852,,
2017,376,"Israel",106.3284,,,0.24255,,
2017,380,"Italy",109.4187,,,1.32577,,
2017,388,"Jamaica",150.7369,,,4.37796,,
2017,392,"Japan",103.9589,,,0.48623,,
2017,400,"Jordan",119.8986,,,3.61364,,
2017,398,"Kazakhstan",168.8379,,,7.42927,,
2017,404,"Kenya",172.4281,,,7.98513,,
2017,296,"Kiribati",101.8171,,,0.3552,,
2017,410,"Korea, Republic of",113.0504,,,1.94398,,
2017,414,"Kuwait",124.8744,,,1.5065,,
2017,417,"Kyrgyzstan",151.593,,,3.17573,,
2017,418,"Lao People's Dem. Rep.",128.8683,,,0.82523,,
2017,428,"Latvia",110.8042,,,2.89408,,
2017,422,"Lebanon",119.1363,,,4.44146,,
2017,426,"Lesotho",141.4518,,,4.448,,
2017,430,"Liberia",180.601,,,12.43447,,
2017,434,"Libya",225.1687,,,25.85992,,
2017,440,"Lithuania",112.979,,,3.71879,,
2017,442,"Luxembourg",111.7125,,,2.1122,,
2017,450,"Madagascar",160.7146,,,8.59,,
2017,454,"Malawi",342.9413,,,11.54004,,
2017,458,"Malaysia",119.5047,,,3.79939,,
2017,462,"Maldives",137.3897,,,2.27179,,
2017,466,"Mali",110.9033,,,2.38782,,
2017,470,"Malta",111.3151,,,1.26062,,
2017,584,"Marshall Islands",109.0598,,,0.06349,,
2017,478,"Mauritania",128.078,,,2.27503,,
2017,480,"Mauritius",125.3966,,,3.67421,,
2017,484,"Mexico",130.1876,,,6.04265,,
2017,583,"Micronesia (Federated States of)",112.6791,,,0.09801,,
2017,498,"Moldova, Republic of",153.5573,,,6.50623,,
2017,496,"Mongolia",173.5201,,,4.28809,,
2017,499,"Montenegro",113.3608,,,2.37309,,
2017,500,"Montserrat",108.8978,,,1.19125,,
2017,504,"Morocco",107.5501,,,0.73741,,
2017,508,"Mozambique",170.7036,,,15.11285,,
2017,104,"Myanmar",144.6064,,,4.57351,,
2017,516,"Namibia",146.0525,,,6.1619,,
2017,520,"Nauru",119.8704,,,5.08151,,
2017,524,"Nepal",175.0213,,,4.45433,,
2017,528,"Netherlands (Kingdom of the)",110.1635,,,1.29465,,
2017,540,"New Caledonia",107.5082,,,1.33333,,
2017,554,"New Zealand",110.6519,,,1.85123,,
2017,558,"Nicaragua",147.1569,,,3.85039,,
2017,562,"Niger",106.229,,,0.18983,,
2017,566,"Nigeria",214.2259,,,16.50241,,
2017,807,"North Macedonia",110.9182,,,1.35146,,
2017,579,"Norway",114.551,,,1.87563,,
2017,512,"Oman",112.3952,,,1.59717,,
2017,586,"Pakistan",164.7581,,,4.14785,,
2017,585,"Palau",117.9513,,,1.09889,,
2017,591,"Panama",121.5723,,,0.87513,,
2017,598,"Papua New Guinea",143.7314,,,5.42209,,
2017,600,"Paraguay",134.6103,,,3.60312,,
2017,604,"Peru",125.4161,,,2.8031,,
2017,608,"Philippines",120.3962,,,2.85349,,
2017,616,"Poland",109.8073,,,1.96886,,
2017,620,"Portugal",109.6306,,,1.5561,,
2017,634,"Qatar",116.4336,,,0.60423,,
2017,642,"Romania",113.977,,,1.34442,,
2017,643,"Russian Federation",168.1744,,,3.6836,,
2017,646,"Rwanda",135.3475,,,4.82291,,
2017,659,"Saint Kitts and Nevis",105.6606,,,0.69508,,
2017,662,"Saint Lucia",108.0342,,,0.10349,,
2017,670,"Saint Vincent and the Grenadines",107.1748,,,2.15334,,
2017,882,"Samoa",111.2969,,,1.3458,,
2017,674,"San Marino",109.8563,,,1.04567,,
2017,678,"Sao Tome and Principe",172.9645,,,5.68936,,
2017,682,"Saudi Arabia",115.7054,,,-0.83819,,
2017,686,"Senegal",107.8348,,,1.14345,,
2017,688,"Serbia",138.665,,,3.13064,,
2017,690,"Seychelles",123.0948,,,2.8577,,
2017,694,"Sierra Leone",175.7862,,,18.21953,,
2017,702,"Singapore",113.2665,,,0.57702,,
2017,534,"Sint Maarten (Dutch part)",116.6548,,,2.19261,,
2017,703,"Slovakia",110.0599,,,1.39358,,
2017,705,"Slovenia",107.4071,,,1.4308,,
2017,090,"Solomon Islands",126.6223,,,0.50251,,
2017,706,"Somalia",109.3371,,,3.95593,,
2017,710,"South Africa",145.7087,,,5.27832,,
2017,728,"South Sudan",4583.7053,,,187.85164,,
2017,724,"Spain",108.0978,,,2.03686,,
2017,144,"Sri Lanka",142.9076,,,6.5806,,
2017,275,"State of Palestine",110.98,,,0.21304,,
2017,729,"Sudan",545.1741,,,32.35163,,
2017,736,"Sudan (...2011)",,,"Not applicable",,,"Not applicable"
2017,740,"Suriname",264.1096,,,22.02387,,
2017,752,"Sweden",106.8412,,,1.86773,,
2017,757,"Switzerland, Liechtenstein",98.2681,,,0.53459,,
2017,438,"Liechtenstein",98.2681,,,0.53459,"Estimated",
2017,756,"Switzerland",98.2681,,,0.53459,"Estimated",
2017,760,"Syrian Arab Republic",782.78,,,18.0758,,
2017,762,"Tajikistan",159.3216,,,7.31023,,
2017,834,"Tanzania, United Republic of",175.0304,,,5.31947,,
2017,764,"Thailand",111.286,,,0.66495,,
2017,626,"Timor-Leste",138.1442,,,0.52263,,
2017,768,"Togo",111.0123,,,-0.21624,,
2017,776,"Tonga",120.1956,,,7.20032,,
2017,780,"Trinidad and Tobago",140.3296,,,1.88355,,
2017,788,"Tunisia",135.6339,,,5.30932,,
2017,792,"Türkiye",174.9686,,,11.14419,,
2017,795,"Turkmenistan",150.9898,,,8.0409,,
2017,796,"Turks and Caicos Islands",121.0576,,,2.09992,,
2017,798,"Tuvalu",116.8252,,,4.0864,,
2017,800,"Uganda",171.3223,,,5.57782,,
2017,804,"Ukraine",235.2877,,,14.44335,,
2017,784,"United Arab Emirates",113.3017,,,1.96593,,
2017,926,"United Kingdom",115.5866,,,2.68329,,
2017,826,"United Kingdom excl. Channel Islands and Isle of Man",115.5866,,,2.68329,"Estimated",
2017,842,"United States of America",112.4016,,,2.13162,,
2017,630,"Puerto Rico",106.72,,,1.75196,,
2017,840,"United States of America excluding Puerto Rico and United States Virgin Islands",112.4016,,,2.13162,"Estimated",
2017,858,"Uruguay",174.8041,,,6.22208,,
2017,860,"Uzbekistan",206.0669,,,13.87596,,
2017,548,"Vanuatu",111.3664,,,3.06748,,
2017,862,"Venezuela (Bolivarian Rep. of)",14745.9116,,,438.11717,,
2017,704,"Viet Nam",153.6475,,,3.52105,,
2017,887,"Yemen",304.2482,,,30.39995,,
2017,894,"Zambia",184.7389,,,6.5773,,
2017,716,"Zimbabwe",105.5104,,,0.90787,,
2017,0000,"World",122.0905,,,2.76221,,
2017,5100,"Africa",185.5219,,,13.32153,,
2017,5110,"Northern Africa",196.6213,,,16.56424,,
2017,5120,"Sub-Saharan Africa",180.2224,,,11.76416,,
2017,5121,"Eastern Africa",195.5658,,,10.42988,,
2017,5122,"Middle Africa",188.7946,,,20.25195,,
2017,5123,"Southern Africa",145.6041,,,5.234,,
2017,5124,"Western Africa",192.6845,,,13.10345,,
2017,5200,"Americas",120.9302,,,3.02304,,
2017,5210,"Northern America",112.3641,,,2.08321,,
2017,5220,"Latin America and the Caribbean",159.6679,,,6.77542,,
2017,5221,"Caribbean",134.3635,,,4.12556,,
2017,5222,"Central America",129.5046,,,5.44459,,
2017,5223,"South America",175.2689,,,7.54939,,
2017,5300,"Asia",124.7252,,,2.23221,,
2017,5310,"Central Asia",175.0403,,,9.19033,,
2017,5330,"Eastern Asia",114.1147,,,1.28179,,
2017,5350,"South-eastern Asia",128.1547,,,2.75112,,
2017,5320,"Southern Asia",178.1022,,,4.57131,,
2017,5340,"Western Asia",134.6985,,,4.19577,,
2017,5400,"Europe",114.7693,,,1.92693,,
2017,5410,"Eastern Europe",148.4904,,,3.3627,,
2017,5420,"Northern Europe",113.1606,,,2.19978,,
2017,5430,"Southern Europe",108.8473,,,1.58649,,
2017,5440,"Western Europe",108.7944,,,1.4606,,
2017,5500,"Oceania",115.3905,,,2.02349,,
2017,5600,"Asia and Oceania",124.1956,,,2.22165,,
2017,5702,"Northern America and Europe",113.5633,,,2.00629,,
2017,5706,"Europe, Northern America, Australia and New Zealand",113.6165,,,2.00525,,
2017,5703,"Central and Southern Asia",177.8184,,,4.97071,,
2017,5704,"Eastern and South-Eastern Asia",115.7879,,,1.46413,,
2017,5705,"Western Asia and Northern Africa",146.247,,,6.74879,,
2017,1400,"Developing economies",140.6367,,,4.23465,,
2017,1410,"Developing economies: Africa",185.5219,,,13.32153,,
2017,1420,"Developing economies: Americas",159.6679,,,6.77542,,
2017,1460,"Developing economies: Asia and Oceania",131.63,,,2.6387,,
2017,1430,"Developing economies: Asia",131.6446,,,2.6369,,
2017,1450,"Developing economies: Oceania",125.7073,,,3.48118,,
2017,1500,"Developed economies",112.593,,,1.84852,,
2017,1520,"Developed economies: Americas",112.3641,,,2.08321,,
2017,1560,"Developed economies: Asia and Oceania",107.6705,,,1.04002,,
2017,1530,"Developed economies: Asia",106.0696,,,0.82322,,
2017,1550,"Developed economies: Oceania",115.0822,,,1.97676,,
2017,1540,"Developed economies: Europe",114.7693,,,1.92693,,
2017,1600,"Developing economies excluding China",155.1357,,,6.05,,
2017,1601,"Developing economies excluding LDCs",138.7781,,,3.92061,,
2017,1610,"LDCs (Least developed countries)",200.8836,,,12.91402,,
2017,1612,"LDCs: Asia",160.013,,,5.48271,,
2017,1614,"LDCs: Africa",236.2002,,,18.30028,,
2017,1615,"LDCs: Islands and Haiti",150.0014,,,8.27427,,
2017,1620,"LLDCs (Landlocked developing countries)",167.5294,,,8.1266,,
2017,1640,"SIDS (Small island developing States) (UN-OHRLLS)",122.7625,,,2.16938,,
2017,1641,"SIDS: Atlantic and Indian Ocean",115.9298,,,-0.19639,,
2017,1642,"SIDS: Caribbean",135.7529,,,4.39096,,
2017,1643,"SIDS: Pacific",114.8914,,,0.94641,,
2017,2623,"Low-income developing economies",200.1012,,,9.61931,,
2017,2622,"Middle-income developing economies",156.9854,,,6.47822,,
2017,2621,"High-income developing economies",133.7889,,,3.30865,,
2017,2711,"BRICS",132.3854,,,2.2286,,
2017,3412,"European Union (2020 …)",109.3538,,,1.55764,,
2017,3916,"G20 (Group of Twenty)",118.7845,,,2.34187,,
2017,3919,"G-77 (Group of 77)",140.8167,,,3.9768,,
2017,3905,"OECD (Organisation for Economic Cooperation and Development)",112.2162,,,2.06563,,
2018,0001,"Individual economies",,,"Not applicable",,,"Not applicable"
2018,004,"Afghanistan",68.2988,,,0.62851,,
2018,008,"Albania",117.3641,,,2.0291,,
2018,012,"Algeria",148.4644,,,4.27025,,
2018,020,"Andorra",106.5411,,,0.99628,,
2018,024,"Angola",323.7267,,,19.62827,,
2018,660,"Anguilla",106.3,,,0.37771,,
2018,028,"Antigua and Barbuda",113.8121,,,1.21111,,
2018,032,"Argentina",466.6067,,,34.15021,,
2018,051,"Armenia",127.1917,,,2.486,,
2018,533,"Aruba",105.0614,,,3.62556,,
2018,036,"Australia",117.9501,,,1.93345,,
2018,040,"Austria",116.9348,,,2.12237,,
2018,031,"Azerbaijan",152.7836,,,2.33436,,
2018,044,"Bahamas",112.5176,,,2.2675,,
2018,048,"Bahrain",117.6694,,,2.09123,,
2018,050,"Bangladesh",170.6806,,,5.78249,,
2018,052,"Barbados",128.8094,,,3.68842,,
2018,112,"Belarus",481.1855,,,4.86744,,
2018,056,"Belgium",115.5756,,,2.31081,,
2018,084,"Belize",105.9617,,,0.26955,,
2018,204,"Benin",112.1502,,,0.84897,,
2018,060,"Bermuda",92.1137,,,1.34355,,
2018,064,"Bhutan",168.7238,,,3.66045,,
2018,068,"Bolivia (Plurinational State of)",145.6392,,,2.27138,,
2018,070,"Bosnia and Herzegovina",104.6425,,,1.41715,,
2018,072,"Botswana",145.7134,,,3.24079,,
2018,076,"Brazil",161.3746,,,3.66468,,
2018,092,"British Virgin Islands",115.3267,,,2.09976,,
2018,096,"Brunei Darussalam",99.415,,,1.02534,,
2018,100,"Bulgaria",106.0126,,,2.632,,
2018,854,"Burkina Faso",113.0113,,,1.95626,,
2018,108,"Burundi",184.3122,,,-2.76717,,
2018,132,"Cabo Verde",109.2932,,,1.27505,,
2018,116,"Cambodia",127.6347,,,2.46012,,
2018,120,"Cameroon",115.4252,,,1.0638,,
2018,124,"Canada",114.5243,,,2.26797,,
2018,136,"Cayman Islands",108.5071,,,3.33828,,
2018,140,"Central African Republic",147.8156,,,1.61207,,
2018,148,"Chad",118.8537,,,4.03652,,
2018,152,"Chile",128.4589,,,2.3174,,
2018,156,"China",121.624,,,1.92816,,
2018,344,"China, Hong Kong SAR",130.8747,,,2.40613,,
2018,446,"China, Macao SAR",140.1871,,,3.00427,,
2018,158,"China, Taiwan Province of",108.701,,,1.34961,,
2018,170,"Colombia",136.161,,,3.23993,,
2018,174,"Comoros",112.6044,,,1.7027,,
2018,178,"Congo",122.045,,,1.15315,,
2018,180,"Congo, Dem. Rep. of the",215.9578,,,29.26588,,
2018,184,"Cook Islands",108.2433,,,0.07614,,
2018,188,"Costa Rica",126.2014,,,2.22201,,
2018,384,"Côte d'Ivoire",112.8364,,,0.62418,,
2018,191,"Croatia",110.466,,,1.55764,,
2018,192,"Cuba",152.1555,,,6.90169,,
2018,531,"Curaçao",112.5625,,,2.57916,,
2018,196,"Cyprus",105.3978,,,0.7823,,
2018,203,"Czechia",113.2503,,,2.14982,,
2018,208,"Denmark",108.1364,,,0.70937,,
2018,262,"Djibouti",115.2565,,,0.14788,,
2018,212,"Dominica",103.7993,,,0.98936,,
2018,214,"Dominican Republic",133.09,,,3.56456,,
2018,218,"Ecuador",123.8126,,,-0.22382,,
2018,818,"Egypt",259.4646,,,20.85111,,
2018,222,"El Salvador",111.1442,,,1.08772,,
2018,226,"Equatorial Guinea",122.8211,,,1.34558,,
2018,232,"Eritrea",116.404,,,-14.40103,,
2018,233,"Estonia",122.8301,,,3.41214,,
2018,748,"Eswatini",162.5968,,,4.81509,,
2018,231,"Ethiopia",282.585,,,13.8336,,
2018,230,"Ethiopia (...1991)",,,"Not applicable",,,"Not applicable"
2018,242,"Fiji",129.9822,,,4.08133,,
2018,246,"Finland",112.7571,,,1.1686,,
2018,251,"France",110.1586,,,2.0981,"Estimated",
2018,250,"France, metropolitan",110.1586,,,2.0981,,
2018,492,"Monaco",110.1586,,,2.0981,"Estimated",
2018,258,"French Polynesia",103.7256,,,-0.65968,,
2018,266,"Gabon",119.7224,,,4.77729,,
2018,270,"Gambia",161.6536,,,6.52082,,
2018,268,"Georgia",127.429,,,2.61554,,
2018,276,"Germany",112.2957,,,1.935,,
2018,288,"Ghana",252.5097,,,9.8373,,
2018,300,"Greece",102.6911,,,0.77467,,
2018,304,"Greenland",113.1566,,,0,,
2018,308,"Grenada",107.4251,,,0.80549,,
2018,320,"Guatemala",137.8239,,,3.75121,,
2018,324,"Guinea",240.2023,,,9.82597,,
2018,624,"Guinea-Bissau",111.6803,,,0.38165,,
2018,328,"Guyana",113.1939,,,1.27256,,
2018,332,"Haiti",174.7549,,,11.41565,,
2018,340,"Honduras",144.0561,,,4.34811,,
2018,348,"Hungary",117.7955,,,2.84889,,
2018,352,"Iceland",125.225,,,2.677,,
2018,356,"India",163.7611,,,3.42875,,
2018,360,"Indonesia",146.4264,,,3.29088,,
2018,960,"Indonesia (...2002)",,,"Not applicable",,,"Not applicable"
2018,364,"Iran (Islamic Republic of)",430.4145,,,30.22344,,
2018,368,"Iraq",115.0954,,,0.35077,,
2018,372,"Ireland",104.7561,,,0.70859,,
2018,376,"Israel",107.1856,,,0.8062,,
2018,380,"Italy",110.778,,,1.24226,,
2018,388,"Jamaica",156.3736,,,3.73944,,
2018,392,"Japan",104.9881,,,0.99007,,
2018,400,"Jordan",125.2348,,,4.45064,,
2018,398,"Kazakhstan",179.0104,,,6.025,,
2018,404,"Kenya",180.5147,,,4.6898,,
2018,296,"Kiribati",102.3913,,,0.56395,,
2018,410,"Korea, Republic of",114.7187,,,1.47575,,
2018,414,"Kuwait",125.5971,,,0.57873,,
2018,417,"Kyrgyzstan",153.931,,,1.54229,,
2018,418,"Lao People's Dem. Rep.",131.4976,,,2.04032,,
2018,428,"Latvia",113.6335,,,2.55345,,
2018,422,"Lebanon",126.3655,,,6.06798,,
2018,426,"Lesotho",148.1731,,,4.75165,,
2018,430,"Liberia",223.1269,,,23.54688,,
2018,434,"Libya",256.6329,,,13.97359,,
2018,440,"Lithuania",115.8386,,,2.53108,,
2018,442,"Luxembourg",113.9686,,,2.01956,,
2018,450,"Madagascar",174.5334,,,8.5984,,
2018,454,"Malawi",374.5438,,,9.21514,,
2018,458,"Malaysia",120.6625,,,0.96883,,
2018,462,"Maldives",139.2674,,,1.36665,,
2018,466,"Mali",113.0237,,,1.91199,,
2018,470,"Malta",113.2532,,,1.74113,,
2018,584,"Marshall Islands",109.8835,,,0.75526,,
2018,478,"Mauritania",131.983,,,3.04892,,
2018,480,"Mauritius",129.4481,,,3.231,,
2018,484,"Mexico",136.5626,,,4.89683,,
2018,583,"Micronesia (Federated States of)",113.8512,,,1.04025,,
2018,498,"Moldova, Republic of",159.0704,,,3.59024,,
2018,496,"Mongolia",185.3323,,,6.80737,,
2018,499,"Montenegro",116.3121,,,2.60341,,
2018,500,"Montserrat",110.3298,,,1.31497,,
2018,504,"Morocco",109.2429,,,1.57402,,
2018,508,"Mozambique",177.3812,,,3.91177,,
2018,104,"Myanmar",154.5434,,,6.87177,,
2018,516,"Namibia",152.301,,,4.2783,,
2018,520,"Nauru",121.3447,,,1.22995,,
2018,524,"Nepal",182.2792,,,4.14682,,
2018,528,"Netherlands (Kingdom of the)",111.9268,,,1.60059,,
2018,540,"New Caledonia",108.2699,,,0.7085,,
2018,554,"New Zealand",112.4206,,,1.59839,,
2018,558,"Nicaragua",154.4374,,,4.94742,,
2018,562,"Niger",109.1538,,,2.75327,,
2018,566,"Nigeria",240.1348,,,12.09418,,
2018,807,"North Macedonia",112.5353,,,1.45786,,
2018,579,"Norway",117.718,,,2.76471,,
2018,512,"Oman",113.3857,,,0.8813,,
2018,586,"Pakistan",171.2247,,,3.92491,,
2018,585,"Palau",120.2557,,,1.95371,,
2018,591,"Panama",122.4989,,,0.76221,,
2018,598,"Papua New Guinea",150.0723,,,4.41163,,
2018,600,"Paraguay",139.961,,,3.97493,,
2018,604,"Peru",127.0679,,,1.317,,
2018,608,"Philippines",126.7887,,,5.30956,,
2018,616,"Poland",111.7474,,,1.76678,,
2018,620,"Portugal",110.9103,,,1.1673,,
2018,634,"Qatar",116.5501,,,0.1001,,
2018,642,"Romania",119.254,,,4.62988,,
2018,643,"Russian Federation",173.0157,,,2.87877,,
2018,646,"Rwanda",137.1818,,,1.35519,,
2018,659,"Saint Kitts and Nevis",104.5661,,,-1.03588,,
2018,662,"Saint Lucia",110.7953,,,2.55572,,
2018,670,"Saint Vincent and the Grenadines",109.6653,,,2.32384,,
2018,882,"Samoa",115.3961,,,3.68311,,
2018,674,"San Marino",111.7949,,,1.76463,,
2018,678,"Sao Tome and Principe",186.5812,,,7.87256,,
2018,682,"Saudi Arabia",118.5494,,,2.45797,,
2018,686,"Senegal",108.3247,,,0.45434,,
2018,688,"Serbia",141.3832,,,1.96028,,
2018,690,"Seychelles",127.6524,,,3.70251,,
2018,694,"Sierra Leone",203.9651,,,16.03024,,
2018,702,"Singapore",113.763,,,0.43837,,
2018,534,"Sint Maarten (Dutch part)",95.7294,,,-17.93791,,
2018,703,"Slovakia",112.8388,,,2.5249,,
2018,705,"Slovenia",109.2729,,,1.73713,,
2018,090,"Solomon Islands",131.0225,,,3.475,,
2018,706,"Somalia",114.0021,,,4.26665,,
2018,710,"South Africa",152.429,,,4.61216,,
2018,728,"South Sudan",8411.1697,,,83.50154,,
2018,724,"Spain",109.974,,,1.73562,,
2018,144,"Sri Lanka",149.0096,,,4.26992,,
2018,275,"State of Palestine",110.7629,,,-0.19562,,
2018,729,"Sudan",890.2285,,,63.29251,,
2018,736,"Sudan (...2011)",,,"Not applicable",,,"Not applicable"
2018,740,"Suriname",282.4374,,,6.93947,,
2018,752,"Sweden",109.0168,,,2.03634,,
2018,757,"Switzerland, Liechtenstein",99.1862,,,0.93431,,
2018,438,"Liechtenstein",99.1862,,,0.93431,"Estimated",
2018,756,"Switzerland",99.1862,,,0.93431,"Estimated",
2018,760,"Syrian Arab Republic",790.146,,,0.94101,,
2018,762,"Tajikistan",165.4436,,,3.84256,,
2018,834,"Tanzania, United Republic of",181.1714,,,3.50853,,
2018,764,"Thailand",112.472,,,1.06565,,
2018,626,"Timor-Leste",141.314,,,2.29459,,
2018,768,"Togo",112.0428,,,0.92834,,
2018,776,"Tonga",128.3471,,,6.78191,,
2018,780,"Trinidad and Tobago",141.7594,,,1.01889,,
2018,788,"Tunisia",145.5456,,,7.30773,,
2018,792,"Türkiye",203.5454,,,16.33253,,
2018,795,"Turkmenistan",171.0712,,,13.29987,,
2018,796,"Turks and Caicos Islands",123.5999,,,2.10004,,
2018,798,"Tuvalu",119.3482,,,2.15967,,
2018,800,"Uganda",175.6878,,,2.54813,,
2018,804,"Ukraine",261.0439,,,10.94669,,
2018,784,"United Arab Emirates",116.7808,,,3.07058,,
2018,926,"United Kingdom",118.4505,,,2.47772,,
2018,826,"United Kingdom excl. Channel Islands and Isle of Man",118.4505,,,2.47772,"Estimated",
2018,842,"United States of America",115.1433,,,2.4392,,
2018,630,"Puerto Rico",108.0778,,,1.27226,,
2018,840,"United States of America excluding Puerto Rico and United States Virgin Islands",115.1433,,,2.4392,"Estimated",
2018,858,"Uruguay",188.0997,,,7.60599,,
2018,860,"Uzbekistan",242.1801,,,17.52499,,
2018,548,"Vanuatu",114.018,,,2.38095,,
2018,862,"Venezuela (Bolivarian Rep. of)",9654750.4004,,,65374.08287,,
2018,704,"Viet Nam",159.0866,,,3.53993,,
2018,887,"Yemen",406.6149,,,33.64577,,
2018,894,"Zambia",198.5843,,,7.49456,,
2018,716,"Zimbabwe",116.7023,,,10.60734,,
2018,0000,"World",125.9725,,,3.17957,,
2018,5100,"Africa",207.6884,,,11.94819,,
2018,5110,"Northern Africa",232.3793,,,18.18624,,
2018,5120,"Sub-Saharan Africa",196.2453,,,8.89059,,
2018,5121,"Eastern Africa",210.7823,,,7.78075,,
2018,5122,"Middle Africa",217.0251,,,14.95303,,
2018,5123,"Southern Africa",152.2317,,,4.55181,,
2018,5124,"Western Africa",211.5085,,,9.76934,,
2018,5200,"Americas",125.1065,,,3.45344,,
2018,5210,"Northern America",115.0891,,,2.4251,,
2018,5220,"Latin America and the Caribbean",171.7571,,,7.57142,,
2018,5221,"Caribbean",140.649,,,4.67801,,
2018,5222,"Central America",135.3185,,,4.48929,,
2018,5223,"South America",191.2637,,,9.12584,,
2018,5300,"Asia",128.5161,,,3.03942,,
2018,5310,"Central Asia",192.1881,,,9.79653,,
2018,5330,"Eastern Asia",116.0236,,,1.6728,,
2018,5350,"South-eastern Asia",131.583,,,2.6751,,
2018,5320,"Southern Asia",190.6456,,,7.04281,,
2018,5340,"Western Asia",143.4602,,,6.50468,,
2018,5400,"Europe",117.0968,,,2.02795,,
2018,5410,"Eastern Europe",153.015,,,3.04709,,
2018,5420,"Northern Europe",115.6133,,,2.16748,,
2018,5430,"Southern Europe",110.3742,,,1.40283,,
2018,5440,"Western Europe",110.8571,,,1.89594,,
2018,5500,"Oceania",117.6098,,,1.92332,,
2018,5600,"Asia and Oceania",127.9015,,,2.98395,,
2018,5702,"Northern America and Europe",116.0949,,,2.22928,,
2018,5706,"Europe, Northern America, Australia and New Zealand",116.1356,,,2.21723,,
2018,5703,"Central and Southern Asia",190.7649,,,7.28078,,
2018,5704,"Eastern and South-Eastern Asia",117.8691,,,1.79738,,
2018,5705,"Western Asia and Northern Africa",159.3484,,,8.9584,,
2018,1400,"Developing economies",147.5637,,,4.92544,,
2018,1410,"Developing economies: Africa",207.6884,,,11.94819,,
2018,1420,"Developing economies: Americas",171.7571,,,7.57142,,
2018,1460,"Developing economies: Asia and Oceania",136.3373,,,3.57616,,
2018,1430,"Developing economies: Asia",136.3541,,,3.57748,,
2018,1450,"Developing economies: Oceania",129.4083,,,2.94412,,
2018,1500,"Developed economies",114.9228,,,2.06925,,
2018,1520,"Developed economies: Americas",115.0891,,,2.4251,,
2018,1560,"Developed economies: Asia and Oceania",109.0144,,,1.24816,,
2018,1530,"Developed economies: Asia",107.2344,,,1.09817,,
2018,1550,"Developed economies: Oceania",117.2578,,,1.89049,,
2018,1540,"Developed economies: Europe",117.0968,,,2.02795,,
2018,1600,"Developing economies excluding China",165.9852,,,6.99358,,
2018,1601,"Developing economies excluding LDCs",145.1697,,,4.60561,,
2018,1610,"LDCs (Least developed countries)",228.5412,,,13.76798,,
2018,1612,"LDCs: Asia",170.4466,,,6.5205,,
2018,1614,"LDCs: Africa",281.2399,,,19.06841,,
2018,1615,"LDCs: Islands and Haiti",164.0951,,,9.39565,,
2018,1620,"LLDCs (Landlocked developing countries)",180.3146,,,7.63164,,
2018,1640,"SIDS (Small island developing States) (UN-OHRLLS)",125.6499,,,2.35204,,
2018,1641,"SIDS: Atlantic and Indian Ocean",118.4782,,,2.19826,,
2018,1642,"SIDS: Caribbean",142.0333,,,4.62634,,
2018,1643,"SIDS: Pacific",115.7665,,,0.76165,,
2018,2623,"Low-income developing economies",224.1592,,,12.02294,,
2018,2622,"Middle-income developing economies",165.7933,,,5.61068,,
2018,2621,"High-income developing economies",139.6911,,,4.41157,,
2018,2711,"BRICS",135.5818,,,2.41446,,
2018,3412,"European Union (2020 …)",111.335,,,1.81178,,
2018,3916,"G20 (Group of Twenty)",122.0198,,,2.7237,,
2018,3919,"G-77 (Group of 77)",147.282,,,4.59127,,
2018,3905,"OECD (Organisation for Economic Cooperation and Development)",114.8785,,,2.37251,,
2019,0001,"Individual economies",,,"Not applicable",,,"Not applicable"
2019,004,"Afghanistan",69.8712,,,2.30227,,
2019,008,"Albania",119.02,,,1.41091,,
2019,012,"Algeria",151.3617,,,1.95152,,
2019,020,"Andorra",107.1061,,,0.53031,,
2019,024,"Angola",379.0171,,,17.07932,,
2019,660,"Anguilla",107.1,,,0.75259,,
2019,028,"Antigua and Barbuda",115.4413,,,1.43153,,
2019,032,"Argentina",712.9947,,,52.80421,,
2019,051,"Armenia",129.0265,,,1.44254,,
2019,533,"Aruba",109.1983,,,3.93763,,
2019,036,"Australia",119.8231,,,1.588,,
2019,040,"Austria",118.6766,,,1.4896,,
2019,031,"Azerbaijan",156.9274,,,2.71223,,
2019,044,"Bahamas",115.3209,,,2.49141,,
2019,048,"Bahrain",118.8543,,,1.00701,,
2019,050,"Bangladesh",180.0248,,,5.47465,,
2019,052,"Barbados",134.0909,,,4.1003,,
2019,112,"Belarus",508.1307,,,5.59976,,
2019,056,"Belgium",117.0187,,,1.24863,,
2019,084,"Belize",106.1583,,,0.18557,,
2019,204,"Benin",111.1039,,,-0.93296,,
2019,060,"Bermuda",92.9824,,,0.943,,
2019,064,"Bhutan",173.4841,,,2.82135,,
2019,068,"Bolivia (Plurinational State of)",148.3189,,,1.83995,,
2019,070,"Bosnia and Herzegovina",105.228,,,0.55954,,
2019,072,"Botswana",149.713,,,2.74482,,
2019,076,"Brazil",167.3987,,,3.73304,,
2019,092,"British Virgin Islands",117.2613,,,1.67749,,
2019,096,"Brunei Darussalam",99.027,,,-0.39028,,
2019,100,"Bulgaria",108.6175,,,2.45716,,
2019,854,"Burkina Faso",109.3571,,,-3.23353,,
2019,108,"Burundi",183.0044,,,-0.70955,,
2019,132,"Cabo Verde",110.502,,,1.106,,
2019,116,"Cambodia",130.1155,,,1.94371,,
2019,120,"Cameroon",118.2607,,,2.45662,,
2019,124,"Canada",116.7567,,,1.94927,,
2019,136,"Cayman Islands",114.6348,,,5.64728,,
2019,140,"Central African Republic",151.8834,,,2.75195,,
2019,148,"Chad",117.6978,,,-0.97256,,
2019,152,"Chile",131.3479,,,2.24891,,
2019,156,"China",125.1528,,,2.9014,,
2019,344,"China, Hong Kong SAR",134.6485,,,2.88355,,
2019,446,"China, Macao SAR",144.0452,,,2.75209,,
2019,158,"China, Taiwan Province of",109.3096,,,0.55991,,
2019,170,"Colombia",140.9563,,,3.52182,,
2019,174,"Comoros",116.7715,,,3.70069,,
2019,178,"Congo",122.5332,,,0.4,,
2019,180,"Congo, Dem. Rep. of the",226.1185,,,4.70494,,
2019,184,"Cook Islands",108.6658,,,0.39038,,
2019,188,"Costa Rica",128.8466,,,2.09604,,
2019,384,"Côte d'Ivoire",113.7456,,,0.80572,,
2019,191,"Croatia",111.3402,,,0.79133,,
2019,192,"Cuba",160.7067,,,5.62007,,
2019,531,"Curaçao",115.4112,,,2.53074,,
2019,196,"Cyprus",105.9782,,,0.55074,,
2019,203,"Czechia",116.4755,,,2.84787,,
2019,208,"Denmark",108.9235,,,0.72796,,
2019,262,"Djibouti",119.0753,,,3.3133,,
2019,212,"Dominica",105.3617,,,1.50517,,
2019,214,"Dominican Republic",135.499,,,1.81008,,
2019,218,"Ecuador",124.1421,,,0.26614,,
2019,818,"Egypt",295.4672,,,13.87573,,
2019,222,"El Salvador",111.2273,,,0.07476,,
2019,226,"Equatorial Guinea",124.3117,,,1.21366,,
2019,232,"Eritrea",117.9176,,,1.3003,,
2019,233,"Estonia",125.6165,,,2.2685,,
2019,748,"Eswatini",166.8209,,,2.59794,,
2019,231,"Ethiopia",327.2585,,,15.80886,,
2019,230,"Ethiopia (...1991)",,,"Not applicable",,,"Not applicable"
2019,242,"Fiji",132.2866,,,1.77288,,
2019,246,"Finland",114.0386,,,1.13655,,
2019,251,"France",111.5866,,,1.29631,"Estimated",
2019,250,"France, metropolitan",111.5866,,,1.29631,,
2019,492,"Monaco",111.5866,,,1.29631,"Estimated",
2019,258,"French Polynesia",104.036,,,0.29925,,
2019,266,"Gabon",122.1428,,,2.02174,,
2019,270,"Gambia",173.1566,,,7.11585,,
2019,268,"Georgia",133.613,,,4.8529,,
2019,276,"Germany",113.8154,,,1.3533,,
2019,288,"Ghana",270.5485,,,7.1438,,
2019,300,"Greece",103.2222,,,0.51717,,
2019,304,"Greenland",114.2451,,,0.96194,,
2019,308,"Grenada",108.0682,,,0.59861,,
2019,320,"Guatemala",142.9243,,,3.70061,,
2019,324,"Guinea",262.951,,,9.47068,,
2019,624,"Guinea-Bissau",111.9991,,,0.28539,,
2019,328,"Guyana",115.5612,,,2.09142,,
2019,332,"Haiti",205.0015,,,17.308,,
2019,340,"Honduras",150.344,,,4.36489,,
2019,348,"Hungary",121.7673,,,3.37185,,
2019,352,"Iceland",128.9882,,,3.00512,,
2019,356,"India",171.5595,,,4.76207,,
2019,360,"Indonesia",150.5557,,,2.82003,,
2019,960,"Indonesia (...2002)",,,"Not applicable",,,"Not applicable"
2019,364,"Iran (Islamic Republic of)",579.4393,,,34.62357,,
2019,368,"Iraq",114.8667,,,-0.19865,,
2019,372,"Ireland",105.6741,,,0.87628,,
2019,376,"Israel",108.0884,,,0.84224,,
2019,380,"Italy",111.4803,,,0.63399,,
2019,388,"Jamaica",162.488,,,3.91014,,
2019,392,"Japan",105.4796,,,0.46808,,
2019,400,"Jordan",126.0839,,,0.678,,
2019,398,"Kazakhstan",188.3971,,,5.24362,,
2019,404,"Kenya",189.9731,,,5.23968,,
2019,296,"Kiribati",100.535,,,-1.81298,,
2019,410,"Korea, Republic of",115.1587,,,0.38351,,
2019,414,"Kuwait",126.9789,,,1.10024,,
2019,417,"Kyrgyzstan",155.68,,,1.13622,,
2019,418,"Lao People's Dem. Rep.",135.8668,,,3.32262,,
2019,428,"Latvia",116.7554,,,2.74738,,
2019,422,"Lebanon",130.0246,,,2.89567,,
2019,426,"Lesotho",155.8586,,,5.18686,,
2019,430,"Liberia",283.3032,,,26.9695,,
2019,434,"Libya",249.2666,,,-2.87035,,
2019,440,"Lithuania",118.4364,,,2.24256,,
2019,442,"Luxembourg",115.8528,,,1.65333,,
2019,450,"Madagascar",184.3474,,,5.62297,,
2019,454,"Malawi",409.6696,,,9.37829,,
2019,458,"Malaysia",121.4624,,,0.66289,,
2019,462,"Maldives",141.1138,,,1.32583,,
2019,466,"Mali",109.5994,,,-3.02977,,
2019,470,"Malta",114.9789,,,1.52375,,
2019,584,"Marshall Islands",109.7957,,,-0.0799,,
2019,478,"Mauritania",135.019,,,2.3003,,
2019,480,"Mauritius",130.0362,,,0.45432,,
2019,484,"Mexico",141.5265,,,3.63484,,
2019,583,"Micronesia (Federated States of)",116.3667,,,2.20947,,
2019,498,"Moldova, Republic of",166.7783,,,4.84558,,
2019,496,"Mongolia",198.8982,,,7.31979,,
2019,499,"Montenegro",116.7379,,,0.36611,,
2019,500,"Montserrat",109.1468,,,-1.07222,,
2019,504,"Morocco",109.5054,,,0.24022,,
2019,508,"Mozambique",182.3133,,,2.78054,,
2019,104,"Myanmar",168.1817,,,8.82489,,
2019,516,"Namibia",157.9743,,,3.72506,,
2019,520,"Nauru",123.9228,,,2.12464,,
2019,524,"Nepal",190.7349,,,4.63891,,
2019,528,"Netherlands (Kingdom of the)",114.9188,,,2.67319,,
2019,540,"New Caledonia",108.161,,,-0.1005,,
2019,554,"New Zealand",114.2408,,,1.61913,,
2019,558,"Nicaragua",162.7405,,,5.37633,,
2019,562,"Niger",106.4031,,,-2.52007,,
2019,566,"Nigeria",267.5033,,,11.39716,,
2019,807,"North Macedonia",113.3983,,,0.76689,,
2019,579,"Norway",120.27,,,2.16789,,
2019,512,"Oman",113.5378,,,0.13411,,
2019,586,"Pakistan",182.7635,,,6.73899,,
2019,585,"Palau",120.989,,,0.60977,,
2019,591,"Panama",122.0635,,,-0.35542,,
2019,598,"Papua New Guinea",155.9679,,,3.92857,,
2019,600,"Paraguay",143.8208,,,2.75776,,
2019,604,"Peru",129.7823,,,2.13624,,
2019,608,"Philippines",129.822,,,2.39241,,
2019,616,"Poland",114.2542,,,2.24328,,
2019,620,"Portugal",111.2428,,,0.29982,,
2019,634,"Qatar",115.5012,,,-0.9,,
2019,642,"Romania",123.816,,,3.82545,,
2019,643,"Russian Federation",180.7498,,,4.47013,,
2019,646,"Rwanda",140.4973,,,2.41692,,
2019,659,"Saint Kitts and Nevis",104.2206,,,-0.3304,,
2019,662,"Saint Lucia",111.3925,,,0.53907,,
2019,670,"Saint Vincent and the Grenadines",110.6584,,,0.90553,,
2019,882,"Samoa",117.923,,,2.18975,,
2019,674,"San Marino",112.8575,,,0.95048,,
2019,678,"Sao Tome and Principe",200.9787,,,7.71647,,
2019,682,"Saudi Arabia",116.0682,,,-2.093,,
2019,686,"Senegal",109.4289,,,1.01933,,
2019,688,"Serbia",143.9983,,,1.84966,,
2019,690,"Seychelles",129.9591,,,1.80701,,
2019,694,"Sierra Leone",234.1632,,,14.80552,,
2019,702,"Singapore",114.406,,,0.56518,,
2019,534,"Sint Maarten (Dutch part)",96.1038,,,0.39115,,
2019,703,"Slovakia",115.959,,,2.76524,,
2019,705,"Slovenia",111.0507,,,1.62699,,
2019,090,"Solomon Islands",133.1649,,,1.63518,,
2019,706,"Somalia",119.1506,,,4.51616,,
2019,710,"South Africa",158.7101,,,4.12066,,
2019,728,"South Sudan",15749.1889,,,87.24136,,
2019,724,"Spain",110.8307,,,0.77906,,
2019,144,"Sri Lanka",155.4226,,,4.30373,,
2019,275,"State of Palestine",112.4875,,,1.55702,,
2019,729,"Sudan",1344.1919,,,50.99403,,
2019,736,"Sudan (...2011)",,,"Not applicable",,,"Not applicable"
2019,740,"Suriname",294.8405,,,4.39143,,
2019,752,"Sweden",110.8948,,,1.72269,,
2019,757,"Switzerland, Liechtenstein",99.5444,,,0.36114,,
2019,438,"Liechtenstein",99.5444,,,0.36114,"Estimated",
2019,756,"Switzerland",99.5444,,,0.36114,"Estimated",
2019,760,"Syrian Arab Republic",896.175,,,13.41891,,
2019,762,"Tajikistan",178.3319,,,7.79016,,
2019,834,"Tanzania, United Republic of",187.4178,,,3.44775,,
2019,764,"Thailand",113.266,,,0.70596,,
2019,626,"Timor-Leste",142.5752,,,0.89245,,
2019,768,"Togo",112.8122,,,0.68671,,
2019,776,"Tonga",132.5637,,,3.28531,,
2019,780,"Trinidad and Tobago",143.1777,,,1.00051,,
2019,788,"Tunisia",155.3281,,,6.72126,,
2019,792,"Türkiye",234.4372,,,15.17687,,
2019,795,"Turkmenistan",179.7813,,,5.09145,,
2019,796,"Turks and Caicos Islands",126.4427,,,2.30003,,
2019,798,"Tuvalu",123.5164,,,3.49241,,
2019,800,"Uganda",179.4447,,,2.13838,,
2019,804,"Ukraine",281.6293,,,7.88579,,
2019,784,"United Arab Emirates",114.5217,,,-1.93447,,
2019,926,"United Kingdom",120.5719,,,1.79094,,
2019,826,"United Kingdom excl. Channel Islands and Isle of Man",120.5719,,,1.79094,"Estimated",
2019,842,"United States of America",117.2307,,,1.81282,,
2019,630,"Puerto Rico",108.1683,,,0.08375,,
2019,840,"United States of America excluding Puerto Rico and United States Virgin Islands",117.2307,,,1.81282,"Estimated",
2019,858,"Uruguay",202.9274,,,7.88291,,
2019,860,"Uzbekistan",277.3573,,,14.52522,,
2019,548,"Vanuatu",117.1115,,,2.71318,,
2019,862,"Venezuela (Bolivarian Rep. of)",1931531712.6671,,,19906.02432,,
2019,704,"Viet Nam",163.5359,,,2.7968,,
2019,887,"Yemen",469.3702,,,15.4336,,
2019,894,"Zambia",216.756,,,9.15062,,
2019,716,"Zimbabwe",414.631,,,255.2895,,
2019,0000,"World",129.8487,,,3.07703,,
2019,5100,"Africa",230.8454,,,11.14986,,
2019,5110,"Northern Africa",260.3015,,,12.0158,,
2019,5120,"Sub-Saharan Africa",217.2909,,,10.72414,,
2019,5121,"Eastern Africa",257.8139,,,22.31289,,
2019,5122,"Middle Africa",237.047,,,9.22557,,
2019,5123,"Southern Africa",158.3875,,,4.04366,,
2019,5124,"Western Africa",229.8916,,,8.69139,,
2019,5200,"Americas",129.2579,,,3.31833,,
2019,5210,"Northern America",117.1873,,,1.82309,,
2019,5220,"Latin America and the Caribbean",187.8602,,,9.37551,,
2019,5221,"Caribbean",146.5031,,,4.16221,,
2019,5222,"Central America",139.8822,,,3.37264,,
2019,5223,"South America",214.9885,,,12.40424,,
2019,5300,"Asia",132.6265,,,3.19835,,
2019,5310,"Central Asia",207.1406,,,7.78009,,
2019,5330,"Eastern Asia",118.4638,,,2.10316,,
2019,5350,"South-eastern Asia",134.2888,,,2.05637,,
2019,5320,"Southern Asia",206.7994,,,8.47317,,
2019,5340,"Western Asia",149.774,,,4.40109,,
2019,5400,"Europe",119.0499,,,1.66801,,
2019,5410,"Eastern Europe",158.9344,,,3.86852,,
2019,5420,"Northern Europe",117.5409,,,1.6673,,
2019,5430,"Southern Europe",111.1398,,,0.69361,,
2019,5440,"Western Europe",112.3848,,,1.3781,,
2019,5500,"Oceania",119.5079,,,1.6139,,
2019,5600,"Asia and Oceania",131.8937,,,3.12126,,
2019,5702,"Northern America and Europe",118.123,,,1.74692,,
2019,5706,"Europe, Northern America, Australia and New Zealand",118.158,,,1.74141,,
2019,5703,"Central and Southern Asia",206.8156,,,8.41385,,
2019,5704,"Eastern and South-Eastern Asia",120.3412,,,2.09733,,
2019,5705,"Western Asia and Northern Africa",168.9289,,,6.01229,,
2019,1400,"Developing economies",155.5102,,,5.3851,,
2019,1410,"Developing economies: Africa",230.8454,,,11.14986,,
2019,1420,"Developing economies: Americas",187.8602,,,9.37551,,
2019,1460,"Developing economies: Asia and Oceania",141.6838,,,3.92152,,
2019,1430,"Developing economies: Asia",141.7057,,,3.92473,,
2019,1450,"Developing economies: Oceania",132.3903,,,2.30437,,
2019,1500,"Developed economies",116.7323,,,1.57453,,
2019,1520,"Developed economies: Americas",117.1873,,,1.82309,,
2019,1560,"Developed economies: Asia and Oceania",109.7575,,,0.68168,,
2019,1530,"Developed economies: Asia",107.735,,,0.46683,,
2019,1550,"Developed economies: Oceania",119.1247,,,1.59206,,
2019,1540,"Developed economies: Europe",119.0499,,,1.66801,,
2019,1600,"Developing economies excluding China",177.8615,,,7.15501,,
2019,1601,"Developing economies excluding LDCs",152.6832,,,5.17571,,
2019,1610,"LDCs (Least developed countries)",254.0313,,,11.15342,,
2019,1612,"LDCs: Asia",180.6297,,,5.97436,,
2019,1614,"LDCs: Africa",322.998,,,14.84787,,
2019,1615,"LDCs: Islands and Haiti",186.6231,,,13.72865,,
2019,1620,"LLDCs (Landlocked developing countries)",203.5831,,,12.9044,,
2019,1640,"SIDS (Small island developing States) (UN-OHRLLS)",128.2349,,,2.05728,,
2019,1641,"SIDS: Atlantic and Indian Ocean",119.6639,,,1.00073,,
2019,1642,"SIDS: Caribbean",147.8566,,,4.10001,,
2019,1643,"SIDS: Pacific",116.6696,,,0.78016,,
2019,2623,"Low-income developing economies",248.0916,,,10.67651,,
2019,2622,"Middle-income developing economies",175.6311,,,5.9338,,
2019,2621,"High-income developing economies",146.6589,,,4.98803,,
2019,2711,"BRICS",140.1406,,,3.36239,,
2019,3412,"European Union (2020 …)",112.8491,,,1.35991,,
2019,3916,"G20 (Group of Twenty)",125.2938,,,2.68317,,
2019,3919,"G-77 (Group of 77)",154.9889,,,5.23272,,
2019,3905,"OECD (Organisation for Economic Cooperation and Development)",116.946,,,1.79966,,
2020,0001,"Individual economies",,,"Not applicable",,,"Not applicable"
2020,004,"Afghanistan",73.7853,,,5.60189,,
2020,008,"Albania",120.9499,,,1.62144,,
2020,012,"Algeria",155.0173,,,2.41513,,
2020,020,"Andorra",107.2051,,,0.09244,,
2020,024,"Angola",463.4507,,,22.27701,,
2020,660,"Anguilla",106.6,,,-0.46685,,
2020,028,"Antigua and Barbuda",116.6627,,,1.058,,
2020,032,"Argentina",1001.632,,,40.48239,,
2020,051,"Armenia",130.6095,,,1.22689,,
2020,533,"Aruba",107.7664,,,-1.31131,,
2020,036,"Australia",120.8637,,,0.86843,,
2020,040,"Austria",120.3217,,,1.3862,,
2020,031,"Azerbaijan",161.3593,,,2.82412,,
2020,044,"Bahamas",115.3657,,,0.03888,,
2020,048,"Bahrain",116.0907,,,-2.32526,,
2020,050,"Bangladesh",190.1918,,,5.64757,,
2020,052,"Barbados",137.9559,,,2.88236,,
2020,112,"Belarus",536.2609,,,5.53602,,
2020,056,"Belgium",117.5192,,,0.42778,,
2020,084,"Belize",106.288,,,0.12215,,
2020,204,"Benin",114.4912,,,3.0488,,
2020,060,"Bermuda",93.0175,,,0.03782,,
2020,064,"Bhutan",178.756,,,3.03885,,
2020,068,"Bolivia (Plurinational State of)",149.7154,,,0.94154,,
2020,070,"Bosnia and Herzegovina",104.1204,,,-1.05256,,
2020,072,"Botswana",152.543,,,1.89028,,
2020,076,"Brazil",172.7749,,,3.21159,,
2020,092,"British Virgin Islands",118.9285,,,1.4218,,
2020,096,"Brunei Darussalam",100.948,,,1.93987,,
2020,100,"Bulgaria",109.9417,,,1.21912,,
2020,854,"Burkina Faso",111.4174,,,1.88404,,
2020,108,"Burundi",196.3734,,,7.3053,,
2020,132,"Cabo Verde",111.1709,,,0.60531,,
2020,116,"Cambodia",133.9383,,,2.93803,,
2020,120,"Cameroon",121.1584,,,2.45024,,
2020,124,"Canada",117.5938,,,0.717,,
2020,136,"Cayman Islands",115.7627,,,0.98392,,
2020,140,"Central African Republic",153.221,,,0.88065,,
2020,148,"Chad",122.952,,,4.46416,,
2020,152,"Chile",135.3453,,,3.04343,,
2020,156,"China",128.2696,,,2.49037,,
2020,344,"China, Hong Kong SAR",134.9864,,,0.25096,,
2020,446,"China, Macao SAR",145.2128,,,0.81059,,
2020,158,"China, Taiwan Province of",109.0485,,,-0.23891,,
2020,170,"Colombia",144.5147,,,2.52445,,
2020,174,"Comoros",117.7058,,,0.80011,,
2020,178,"Congo",124.2162,,,1.37351,,
2020,180,"Congo, Dem. Rep. of the",251.8012,,,11.35806,,
2020,184,"Cook Islands",109.7783,,,1.02371,,
2020,188,"Costa Rica",129.7798,,,0.72423,,
2020,384,"Côte d'Ivoire",116.4927,,,2.41516,,
2020,191,"Croatia",111.3067,,,-0.03008,,
2020,192,"Cuba",179.8587,,,11.91733,,
2020,531,"Curaçao",118.03,,,2.26909,,
2020,196,"Cyprus",104.8141,,,-1.09843,,
2020,203,"Czechia",120.1576,,,3.16129,,
2020,208,"Denmark",109.2869,,,0.33355,,
2020,262,"Djibouti",121.201,,,1.78517,,
2020,212,"Dominica",104.595,,,-0.72765,,
2020,214,"Dominican Republic",140.6228,,,3.78138,,
2020,218,"Ecuador",123.7219,,,-0.33843,,
2020,818,"Egypt",312.3101,,,5.70046,,
2020,222,"El Salvador",110.8158,,,-0.36997,,
2020,226,"Equatorial Guinea",130.276,,,4.79788,,
2020,232,"Eritrea",124.5662,,,5.63837,,
2020,233,"Estonia",124.8195,,,-0.63441,,
2020,748,"Eswatini",173.2799,,,3.87177,,
2020,231,"Ethiopia",393.8683,,,20.3539,,
2020,230,"Ethiopia (...1991)",,,"Not applicable",,,"Not applicable"
2020,242,"Fiji",128.8536,,,-2.59515,,
2020,246,"Finland",114.4757,,,0.38328,,
2020,251,"France",112.1746,,,0.52694,"Estimated",
2020,250,"France, metropolitan",112.1746,,,0.52694,,
2020,492,"Monaco",112.1746,,,0.52694,"Estimated",
2020,258,"French Polynesia",103.9174,,,-0.11398,,
2020,266,"Gabon",124.2225,,,1.70263,,
2020,270,"Gambia",183.427,,,5.93131,,
2020,268,"Georgia",140.564,,,5.20234,,
2020,276,"Germany",114.2385,,,0.37174,,
2020,288,"Ghana",297.2919,,,9.88485,,
2020,300,"Greece",101.9195,,,-1.26198,,
2020,304,"Greenland",116.6115,,,2.07125,,
2020,308,"Grenada",107.2668,,,-0.74158,,
2020,320,"Guatemala",147.5181,,,3.21419,,
2020,324,"Guinea",290.83,,,10.60233,,
2020,624,"Guinea-Bissau",113.6386,,,1.46393,,
2020,328,"Guyana",116.9856,,,1.23252,,
2020,332,"Haiti",252.0403,,,22.94558,,
2020,340,"Honduras",155.5588,,,3.46862,,
2020,348,"Hungary",125.8082,,,3.31852,,
2020,352,"Iceland",132.6612,,,2.84753,,
2020,356,"India",182.153,,,6.17483,,
2020,360,"Indonesia",153.616,,,2.0327,,
2020,960,"Indonesia (...2002)",,,"Not applicable",,,"Not applicable"
2020,364,"Iran (Islamic Republic of)",790.5983,,,36.44195,,
2020,368,"Iraq",115.5262,,,0.57416,,
2020,372,"Ireland",105.1803,,,-0.46729,,
2020,376,"Israel",107.4532,,,-0.5877,,
2020,380,"Italy",111.3182,,,-0.14538,,
2020,388,"Jamaica",170.9536,,,5.21,,
2020,392,"Japan",105.4521,,,-0.02599,,
2020,400,"Jordan",126.5836,,,0.39631,,
2020,398,"Kazakhstan",201.2056,,,6.7987,,
2020,404,"Kenya",200.0225,,,5.28995,,
2020,296,"Kiribati",103.1016,,,2.55301,,
2020,410,"Korea, Republic of",115.7769,,,0.53687,,
2020,414,"Kuwait",129.6571,,,2.10913,,
2020,417,"Kyrgyzstan",165.523,,,6.32258,,
2020,418,"Lao People's Dem. Rep.",142.8022,,,5.10456,,
2020,428,"Latvia",116.8501,,,0.08108,,
2020,422,"Lebanon",240.3691,,,84.86433,,
2020,426,"Lesotho",163.6173,,,4.97802,,
2020,430,"Liberia",331.3316,,,16.95302,,
2020,434,"Libya",252.9259,,,1.46801,,
2020,440,"Lithuania",119.6936,,,1.06152,,
2020,442,"Luxembourg",115.8594,,,0.00566,,
2020,450,"Madagascar",192.0686,,,4.18841,,
2020,454,"Malawi",445.0582,,,8.63832,,
2020,458,"Malaysia",120.0796,,,-1.13843,,
2020,462,"Maldives",138.8646,,,-1.59389,,
2020,466,"Mali",110.1264,,,0.4809,,
2020,470,"Malta",115.8832,,,0.78645,,
2020,584,"Marshall Islands",109.0732,,,-0.65803,,
2020,478,"Mauritania",138.24,,,2.38559,,
2020,480,"Mauritius",133.3141,,,2.52073,,
2020,484,"Mexico",146.335,,,3.39763,,
2020,583,"Micronesia (Federated States of)",117.4885,,,0.96405,,
2020,498,"Moldova, Republic of",173.0677,,,3.77112,,
2020,496,"Mongolia",206.3094,,,3.72614,,
2020,499,"Montenegro",116.4603,,,-0.23777,,
2020,500,"Montserrat",107.0829,,,-1.89099,,
2020,504,"Morocco",110.1872,,,0.62269,,
2020,508,"Mozambique",188.0418,,,3.14211,,
2020,104,"Myanmar",174.5503,,,3.78676,,
2020,516,"Namibia",161.458,,,2.20521,,
2020,520,"Nauru",126.1207,,,1.77354,,
2020,524,"Nepal",202.4645,,,6.14967,,
2020,528,"Netherlands (Kingdom of the)",116.2019,,,1.1165,,
2020,540,"New Caledonia",107.617,,,-0.50302,,
2020,554,"New Zealand",116.1997,,,1.71466,,
2020,558,"Nicaragua",168.7322,,,3.68181,,
2020,562,"Niger",109.4872,,,2.89852,,
2020,566,"Nigeria",302.9386,,,13.24669,,
2020,807,"North Macedonia",114.7593,,,1.20022,,
2020,579,"Norway",121.817,,,1.28627,,
2020,512,"Oman",112.5119,,,-0.90356,,
2020,586,"Pakistan",202.3942,,,10.74102,,
2020,585,"Palau",121.8128,,,0.68086,,
2020,591,"Panama",120.1707,,,-1.55071,,
2020,598,"Papua New Guinea",163.5664,,,4.87178,,
2020,600,"Paraguay",146.3628,,,1.76751,,
2020,604,"Peru",132.1531,,,1.8267,,
2020,608,"Philippines",132.9288,,,2.39316,,
2020,616,"Poland",118.1125,,,3.37695,,
2020,620,"Portugal",111.1077,,,-0.1215,,
2020,634,"Qatar",112.5874,,,-2.5227,,
2020,642,"Romania",127.092,,,2.64586,,
2020,643,"Russian Federation",186.8624,,,3.38185,,
2020,646,"Rwanda",151.3618,,,7.73283,,
2020,659,"Saint Kitts and Nevis",102.9932,,,-1.17769,,
2020,662,"Saint Lucia",109.437,,,-1.75555,,
2020,670,"Saint Vincent and the Grenadines",109.9881,,,-0.60575,,
2020,882,"Samoa",119.6675,,,1.47941,,
2020,674,"San Marino",113.1003,,,0.21516,,
2020,678,"Sao Tome and Principe",220.7141,,,9.81968,,
2020,682,"Saudi Arabia",120.0669,,,3.44511,,
2020,686,"Senegal",112.1972,,,2.52976,,
2020,688,"Serbia",146.266,,,1.57484,,
2020,690,"Seychelles",131.5221,,,1.20266,,
2020,694,"Sierra Leone",265.6491,,,13.44613,,
2020,702,"Singapore",114.1978,,,-0.182,,
2020,534,"Sint Maarten (Dutch part)",96.7911,,,0.71513,,
2020,703,"Slovakia",118.2875,,,2.00801,,
2020,705,"Slovenia",110.9935,,,-0.05152,,
2020,090,"Solomon Islands",137.1105,,,2.96291,,
2020,706,"Somalia",124.2793,,,4.3044,,
2020,710,"South Africa",163.9088,,,3.27566,,
2020,728,"South Sudan",20422.8934,,,29.67584,,
2020,724,"Spain",110.4576,,,-0.33665,,
2020,144,"Sri Lanka",162.5054,,,4.55715,,
2020,275,"State of Palestine",111.6867,,,-0.71192,,
2020,729,"Sudan",3538.6974,,,163.25835,,
2020,736,"Sudan (...2011)",,,"Not applicable",,,"Not applicable"
2020,740,"Suriname",397.7106,,,34.8901,,
2020,752,"Sweden",111.6239,,,0.6574,,
2020,757,"Switzerland, Liechtenstein",98.8221,,,-0.7256,,
2020,438,"Liechtenstein",98.8221,,,-0.7256,"Estimated",
2020,756,"Switzerland",98.8221,,,-0.7256,"Estimated",
2020,760,"Syrian Arab Republic",1919.666,,,114.2066,,
2020,762,"Tajikistan",193.6337,,,8.58051,,
2020,834,"Tanzania, United Republic of",193.5819,,,3.289,,
2020,764,"Thailand",112.3066,,,-0.84702,,
2020,626,"Timor-Leste",143.2694,,,0.4869,,
2020,768,"Togo",114.8777,,,1.8309,,
2020,776,"Tonga",133.1243,,,0.42291,,
2020,780,"Trinidad and Tobago",144.0356,,,0.59917,,
2020,788,"Tunisia",164.0815,,,5.63544,,
2020,792,"Türkiye",263.2237,,,12.27895,,
2020,795,"Turkmenistan",190.7483,,,6.10021,,
2020,796,"Turks and Caicos Islands",129.3511,,,2.30015,,
2020,798,"Tuvalu",125.8074,,,1.85483,,
2020,800,"Uganda",184.3922,,,2.7571,,
2020,804,"Ukraine",289.3447,,,2.73955,,
2020,784,"United Arab Emirates",112.1441,,,-2.07608,,
2020,926,"United Kingdom",121.5974,,,0.8505,,
2020,826,"United Kingdom excl. Channel Islands and Isle of Man",121.5974,,,0.8505,"Estimated",
2020,842,"United States of America",118.6976,,,1.25131,,
2020,630,"Puerto Rico",107.6306,,,-0.49707,,
2020,840,"United States of America excluding Puerto Rico and United States Virgin Islands",118.6976,,,1.25131,"Estimated",
2020,858,"Uruguay",222.7192,,,9.75313,,
2020,860,"Uzbekistan",313.0478,,,12.86809,,
2020,548,"Vanuatu",123.3722,,,5.34591,,
2020,862,"Venezuela (Bolivarian Rep. of)",47421947585.7149,,,2355.14724,,
2020,704,"Viet Nam",168.8056,,,3.22234,,
2020,887,"Yemen",561.3245,,,19.59099,,
2020,894,"Zambia",250.857,,,15.73241,,
2020,716,"Zimbabwe",2724.9964,,,557.21005,,
2020,0000,"World",133.4386,,,2.76472,,
2020,5100,"Africa",270.5926,,,17.21811,,
2020,5110,"Northern Africa",315.5022,,,21.20645,,
2020,5120,"Sub-Saharan Africa",250.4944,,,15.28069,,
2020,5121,"Eastern Africa",353.1148,,,36.96498,,
2020,5122,"Middle Africa",268.2129,,,13.14757,,
2020,5123,"Southern Africa",163.4633,,,3.20468,,
2020,5124,"Western Africa",254.2635,,,10.60149,,
2020,5200,"Americas",132.4404,,,2.46213,,
2020,5210,"Northern America",118.6046,,,1.20947,,
2020,5220,"Latin America and the Caribbean",202.1665,,,7.61543,,
2020,5221,"Caribbean",156.5397,,,6.85079,,
2020,5222,"Central America",144.0807,,,3.00144,,
2020,5223,"South America",235.8031,,,9.68172,,
2020,5300,"Asia",136.8625,,,3.19393,,
2020,5310,"Central Asia",224.6995,,,8.47682,,
2020,5330,"Eastern Asia",120.4695,,,1.69311,,
2020,5350,"South-eastern Asia",135.9139,,,1.21014,,
2020,5320,"Southern Asia",227.1398,,,9.83585,,
2020,5340,"Western Asia",159.0602,,,6.20018,,
2020,5400,"Europe",119.9741,,,0.77624,,
2020,5410,"Eastern Europe",164.0847,,,3.24053,,
2020,5420,"Northern Europe",118.3782,,,0.7123,,
2020,5430,"Southern Europe",110.8759,,,-0.23748,,
2020,5440,"Western Europe",112.8814,,,0.44187,,
2020,5500,"Oceania",120.7292,,,1.02192,,
2020,5600,"Asia and Oceania",135.9712,,,3.09151,,
2020,5702,"Northern America and Europe",119.3009,,,0.99718,,
2020,5706,"Europe, Northern America, Australia and New Zealand",119.3356,,,0.99662,,
2020,5703,"Central and Southern Asia",226.915,,,9.7185,,
2020,5704,"Eastern and South-Eastern Asia",122.306,,,1.63273,,
2020,5705,"Western Asia and Northern Africa",184.7693,,,9.37695,,
2020,1400,"Developing economies",164.2294,,,5.60685,,
2020,1410,"Developing economies: Africa",270.5926,,,17.21811,,
2020,1420,"Developing economies: Americas",202.1665,,,7.61543,,
2020,1460,"Developing economies: Asia and Oceania",147.3314,,,3.98609,,
2020,1430,"Developing economies: Asia",147.3589,,,3.98941,,
2020,1450,"Developing economies: Oceania",135.4128,,,2.28301,,
2020,1500,"Developed economies",117.7579,,,0.87859,,
2020,1520,"Developed economies: Americas",118.6046,,,1.20947,,
2020,1560,"Developed economies: Asia and Oceania",110.0376,,,0.25516,,
2020,1530,"Developed economies: Asia",107.8259,,,0.08431,,
2020,1550,"Developed economies: Oceania",120.2935,,,0.98116,,
2020,1540,"Developed economies: Europe",119.9741,,,0.77624,,
2020,1600,"Developing economies excluding China",191.929,,,7.90927,,
2020,1601,"Developing economies excluding LDCs",160.3731,,,5.03651,,
2020,1610,"LDCs (Least developed countries)",307.6896,,,21.12271,,
2020,1612,"LDCs: Asia",191.0131,,,5.74845,,
2020,1614,"LDCs: Africa",428.5745,,,32.68641,,
2020,1615,"LDCs: Islands and Haiti",219.4979,,,17.61563,,
2020,1620,"LLDCs (Landlocked developing countries)",244.5283,,,20.11225,,
2020,1640,"SIDS (Small island developing States) (UN-OHRLLS)",131.7545,,,2.74468,,
2020,1641,"SIDS: Atlantic and Indian Ocean",118.859,,,-0.67257,,
2020,1642,"SIDS: Caribbean",158.519,,,7.21125,,
2020,1643,"SIDS: Pacific",116.8183,,,0.12739,,
2020,2623,"Low-income developing economies",309.4977,,,24.75138,,
2020,2622,"Middle-income developing economies",187.6144,,,6.82296,,
2020,2621,"High-income developing economies",153.1197,,,4.40532,,
2020,2711,"BRICS",144.5114,,,3.11887,,
2020,3412,"European Union (2020 …)",113.4445,,,0.52767,,
2020,3916,"G20 (Group of Twenty)",127.8735,,,2.05885,,
2020,3919,"G-77 (Group of 77)",163.7218,,,5.63452,,
2020,3905,"OECD (Organisation for Economic Cooperation and Development)",118.2266,,,1.09509,,
2021,0001,"Individual economies",,,"Not applicable",,,"Not applicable"
2021,004,"Afghanistan",77.5729,,,5.1332,,
2021,008,"Albania",123.4198,,,2.04211,,
2021,012,"Algeria",166.2189,,,7.22606,,
2021,020,"Andorra",109.0028,,,1.67683,,
2021,024,"Angola",582.8603,,,25.76532,,
2021,660,"Anguilla",108.5,,,1.78236,,
2021,028,"Antigua and Barbuda",118.5604,,,1.62669,,
2021,032,"Argentina",1473.4133,,,47.10126,,
2021,051,"Armenia",140.0154,,,7.2016,,
2021,533,"Aruba",108.553,,,0.72988,,
2021,036,"Australia",124.2716,,,2.81963,,
2021,040,"Austria",123.6375,,,2.75573,,
2021,031,"Azerbaijan",172.1052,,,6.65963,,
2021,044,"Bahamas",118.7166,,,2.9046,,
2021,048,"Bahrain",115.3804,,,-0.61181,,
2021,050,"Bangladesh",200.7621,,,5.5577,,
2021,052,"Barbados",142.1826,,,3.06377,,
2021,112,"Belarus",586.9518,,,9.45265,,
2021,056,"Belgium",121.3056,,,3.22193,,
2021,084,"Belize",109.7307,,,3.239,,
2021,204,"Benin",116.4377,,,1.70009,,
2021,060,"Bermuda",94.3363,,,1.41777,,
2021,064,"Bhutan",193.4414,,,8.21532,,
2021,068,"Bolivia (Plurinational State of)",150.8194,,,0.73739,,
2021,070,"Bosnia and Herzegovina",106.2004,,,1.99766,,
2021,072,"Botswana",162.7312,,,6.67892,,
2021,076,"Brazil",187.1179,,,8.30157,,
2021,092,"British Virgin Islands",122.263,,,2.80374,,
2021,096,"Brunei Darussalam",102.698,,,1.73357,,
2021,100,"Bulgaria",113.0669,,,2.84265,,
2021,854,"Burkina Faso",115.7724,,,3.90867,,
2021,108,"Burundi",212.6988,,,8.31345,,
2021,132,"Cabo Verde",113.2431,,,1.86398,,
2021,116,"Cambodia",137.8514,,,2.92151,,
2021,120,"Cameroon",123.8989,,,2.26194,,
2021,124,"Canada",121.5941,,,3.40177,,
2021,136,"Cayman Islands",119.6201,,,3.33211,,
2021,140,"Central African Republic",159.755,,,4.26444,,
2021,148,"Chad",122.0017,,,-0.77285,,
2021,152,"Chile",141.4687,,,4.52427,,
2021,156,"China",129.363,,,0.85242,,
2021,344,"China, Hong Kong SAR",137.1031,,,1.56809,,
2021,446,"China, Macao SAR",145.2524,,,0.02729,,
2021,158,"China, Taiwan Province of",111.1984,,,1.97154,,
2021,170,"Colombia",149.5753,,,3.5018,,
2021,174,"Comoros",117.6886,,,-0.01468,,
2021,178,"Congo",126.6619,,,1.96897,,
2021,180,"Congo, Dem. Rep. of the",274.436,,,8.98915,,
2021,184,"Cook Islands",111.9038,,,1.93617,,
2021,188,"Costa Rica",132.0212,,,1.72707,,
2021,384,"Côte d'Ivoire",121.3385,,,4.15977,,
2021,191,"Croatia",114.3387,,,2.72398,,
2021,192,"Cuba",453.1449,,,151.94499,,
2021,531,"Curaçao",122.4681,,,3.76022,,
2021,196,"Cyprus",107.1697,,,2.24735,,
2021,203,"Czechia",124.7707,,,3.83924,,
2021,208,"Denmark",111.4115,,,1.94411,,
2021,262,"Djibouti",122.6316,,,1.18041,,
2021,212,"Dominica",106.2384,,,1.57123,,
2021,214,"Dominican Republic",152.2129,,,8.24202,,
2021,218,"Ecuador",123.8867,,,0.13317,,
2021,818,"Egypt",326.3637,,,4.49987,,
2021,222,"El Salvador",114.6588,,,3.46791,,
2021,226,"Equatorial Guinea",130.1539,,,-0.09374,,
2021,232,"Eritrea",132.8399,,,6.64204,,
2021,233,"Estonia",130.4207,,,4.48745,,
2021,748,"Eswatini",179.7239,,,3.71885,,
2021,231,"Ethiopia",499.4012,,,26.79395,,
2021,230,"Ethiopia (...1991)",,,"Not applicable",,,"Not applicable"
2021,242,"Fiji",129.0542,,,0.15569,,
2021,246,"Finland",116.8406,,,2.06586,,
2021,251,"France",114.4915,,,2.06544,"Estimated",
2021,250,"France, metropolitan",114.4915,,,2.06544,,
2021,492,"Monaco",114.4915,,,2.06544,"Estimated",
2021,258,"French Polynesia",104.3909,,,0.45559,,
2021,266,"Gabon",125.561,,,1.0775,,
2021,270,"Gambia",196.9461,,,7.37026,,
2021,268,"Georgia",154.012,,,9.56717,,
2021,276,"Germany",117.9083,,,3.21234,,
2021,288,"Ghana",326.9486,,,9.97564,,
2021,300,"Greece",102.505,,,0.57444,,
2021,304,"Greenland",116.6588,,,0.04058,,
2021,308,"Grenada",108.5761,,,1.2206,,
2021,320,"Guatemala",153.8036,,,4.26082,,
2021,324,"Guinea",327.4644,,,12.59652,,
2021,624,"Guinea-Bissau",117.3585,,,3.27338,,
2021,328,"Guyana",120.8708,,,3.32109,,
2021,332,"Haiti",292.2182,,,15.94106,,
2021,340,"Honduras",162.5292,,,4.48088,,
2021,348,"Hungary",132.258,,,5.1267,,
2021,352,"Iceland",138.576,,,4.45862,,
2021,356,"India",192.1839,,,5.50688,,
2021,360,"Indonesia",156.0131,,,1.5604,,
2021,960,"Indonesia (...2002)",,,"Not applicable",,,"Not applicable"
2021,364,"Iran (Islamic Republic of)",1107.8824,,,40.13215,,
2021,368,"Iraq",122.5062,,,6.04186,,
2021,372,"Ireland",107.7449,,,2.43835,,
2021,376,"Israel",109.0572,,,1.49276,,
2021,380,"Italy",113.4792,,,1.94128,,
2021,388,"Jamaica",181.0117,,,5.88347,,
2021,392,"Japan",105.2054,,,-0.23401,,
2021,400,"Jordan",128.2542,,,1.31979,,
2021,398,"Kazakhstan",217.3058,,,8.00188,,
2021,404,"Kenya",212.2425,,,6.10929,,
2021,296,"Kiribati",105.219,,,2.0537,,
2021,410,"Korea, Republic of",118.669,,,2.498,,
2021,414,"Kuwait",134.1706,,,3.48112,,
2021,417,"Kyrgyzstan",185.235,,,11.90892,,
2021,418,"Lao People's Dem. Rep.",148.1617,,,3.75315,,
2021,428,"Latvia",120.6347,,,3.23887,,
2021,422,"Lebanon",612.355,,,154.7561,,
2021,426,"Lesotho",173.513,,,6.04809,,
2021,430,"Liberia",357.228,,,7.81585,,
2021,434,"Libya",260.2089,,,2.87953,,
2021,440,"Lithuania",125.2299,,,4.62541,,
2021,442,"Luxembourg",119.8806,,,3.47073,,
2021,450,"Madagascar",203.2457,,,5.8193,,
2021,454,"Malawi",486.6417,,,9.34339,,
2021,458,"Malaysia",123.0541,,,2.4771,,
2021,462,"Maldives",139.161,,,0.21344,,
2021,466,"Mali",114.3207,,,3.80865,,
2021,470,"Malta",116.7013,,,0.70604,,
2021,584,"Marshall Islands",111.914,,,2.60454,,
2021,478,"Mauritania",143.169,,,3.56554,,
2021,480,"Mauritius",138.6974,,,4.03804,,
2021,484,"Mexico",154.6662,,,5.69322,,
2021,583,"Micronesia (Federated States of)",119.5707,,,1.77221,,
2021,498,"Moldova, Republic of",181.8926,,,5.0991,,
2021,496,"Mongolia",221.4909,,,7.35859,,
2021,499,"Montenegro",119.2546,,,2.39933,,
2021,500,"Montserrat",108.8978,,,1.69492,,
2021,504,"Morocco",111.7295,,,1.39969,,
2021,508,"Mozambique",198.738,,,5.68822,,
2021,104,"Myanmar",185.4348,,,6.23573,,
2021,516,"Namibia",167.3231,,,3.63256,,
2021,520,"Nauru",129.1925,,,2.43566,,
2021,524,"Nepal",209.7513,,,3.59904,,
2021,528,"Netherlands (Kingdom of the)",119.485,,,2.82541,,
2021,540,"New Caledonia",108.2688,,,0.60566,,
2021,554,"New Zealand",120.7795,,,3.94137,,
2021,558,"Nicaragua",177.0382,,,4.92256,,
2021,562,"Niger",113.6888,,,3.83754,,
2021,566,"Nigeria",354.2955,,,16.95289,,
2021,807,"North Macedonia",118.4664,,,3.2303,,
2021,579,"Norway",126.061,,,3.48391,,
2021,512,"Oman",114.2521,,,1.54663,,
2021,586,"Pakistan",220.4105,,,8.90161,,
2021,585,"Palau",122.3604,,,0.44955,,
2021,591,"Panama",122.131,,,1.63132,,
2021,598,"Papua New Guinea",170.9029,,,4.48537,,
2021,600,"Paraguay",153.3706,,,4.78797,,
2021,604,"Peru",137.4116,,,3.97913,,
2021,608,"Philippines",138.1496,,,3.9275,,
2021,616,"Poland",124.1648,,,5.12414,,
2021,620,"Portugal",112.1535,,,0.94131,,
2021,634,"Qatar",115.1515,,,2.27743,,
2021,642,"Romania",133.506,,,5.04674,,
2021,643,"Russian Federation",199.3712,,,6.69408,,
2021,646,"Rwanda",152.6146,,,0.82769,,
2021,659,"Saint Kitts and Nevis",104.2354,,,1.20606,,
2021,662,"Saint Lucia",112.04,,,2.37852,,
2021,670,"Saint Vincent and the Grenadines",111.7011,,,1.55745,,
2021,882,"Samoa",116.0654,,,-3.01013,,
2021,674,"San Marino",115.4562,,,2.08307,,
2021,678,"Sao Tome and Principe",238.676,,,8.13808,,
2021,682,"Saudi Arabia",123.7455,,,3.06378,,
2021,686,"Senegal",114.6416,,,2.17871,,
2021,688,"Serbia",152.2414,,,4.0853,,
2021,690,"Seychelles",144.3721,,,9.77028,,
2021,694,"Sierra Leone",297.1923,,,11.87398,,
2021,702,"Singapore",116.8303,,,2.3052,,
2021,534,"Sint Maarten (Dutch part)",99.4709,,,2.76869,,
2021,703,"Slovakia",121.6259,,,2.82226,,
2021,705,"Slovenia",113.1199,,,1.91583,,
2021,090,"Solomon Islands",136.9636,,,-0.10713,,
2021,706,"Somalia",130.0208,,,4.61977,,
2021,710,"South Africa",171.3759,,,4.55559,,
2021,728,"South Sudan",22570.711,,,10.51672,,
2021,724,"Spain",113.7794,,,3.00732,,
2021,144,"Sri Lanka",172.1885,,,5.95862,,
2021,275,"State of Palestine",113.0702,,,1.23868,,
2021,729,"Sudan",16245.8814,,,359.09213,,
2021,736,"Sudan (...2011)",,,"Not applicable",,,"Not applicable"
2021,740,"Suriname",632.8358,,,59.11966,,
2021,752,"Sweden",114.5856,,,2.65329,,
2021,757,"Switzerland, Liechtenstein",99.3968,,,0.58154,,
2021,438,"Liechtenstein",99.3968,,,0.58154,"Estimated",
2021,756,"Switzerland",99.3968,,,0.58154,"Estimated",
2021,760,"Syrian Arab Republic",3807.2,,,98.32617,,
2021,762,"Tajikistan",211.0101,,,8.97386,,
2021,834,"Tanzania, United Republic of",200.7248,,,3.68982,,
2021,764,"Thailand",113.6896,,,1.23146,,
2021,626,"Timor-Leste",148.6773,,,3.77468,,
2021,768,"Togo",120.1032,,,4.54871,,
2021,776,"Tonga",135.0068,,,1.41406,,
2021,780,"Trinidad and Tobago",147.0043,,,2.06109,,
2021,788,"Tunisia",173.4452,,,5.70671,,
2021,792,"Türkiye",314.8061,,,19.59641,,
2021,795,"Turkmenistan",227.9042,,,19.47903,,
2021,796,"Turks and Caicos Islands",135.8288,,,5.00789,,
2021,798,"Tuvalu",133.6227,,,6.21215,,
2021,800,"Uganda",188.4626,,,2.20745,,
2021,804,"Ukraine",316.4292,,,9.36063,,
2021,784,"United Arab Emirates",112.0173,,,-0.11309,,
2021,926,"United Kingdom",124.7453,,,2.58884,,
2021,826,"United Kingdom excl. Channel Islands and Isle of Man",124.7453,,,2.58884,"Estimated",
2021,842,"United States of America",124.2553,,,4.68223,,
2021,630,"Puerto Rico",110.2248,,,2.41031,,
2021,840,"United States of America excluding Puerto Rico and United States Virgin Islands",124.2553,,,4.68223,"Estimated",
2021,858,"Uruguay",239.9807,,,7.75032,,
2021,860,"Uzbekistan",347.0104,,,10.849,,
2021,548,"Vanuatu",126.2632,,,2.34328,,
2021,862,"Venezuela (Bolivarian Rep. of)",800725817552.8986,,,1588.51314,,
2021,704,"Viet Nam",171.899,,,1.83257,,
2021,887,"Yemen",707.3913,,,26.02181,,
2021,894,"Zambia",306.0978,,,22.02086,,
2021,716,"Zimbabwe",5410.3779,,,98.54624,,
2021,0000,"World",139.6674,,,4.66787,,
2021,5100,"Africa",330.2799,,,22.058,,
2021,5110,"Northern Africa",451.963,,,43.25194,,
2021,5120,"Sub-Saharan Africa",280.4621,,,11.96339,,
2021,5121,"Eastern Africa",406.8724,,,15.22382,,
2021,5122,"Middle Africa",304.4457,,,13.50898,,
2021,5123,"Southern Africa",171.0055,,,4.61402,,
2021,5124,"Western Africa",288.1037,,,13.30911,,
2021,5200,"Americas",140.6928,,,6.23098,,
2021,5210,"Northern America",124.0403,,,4.58306,,
2021,5220,"Latin America and the Caribbean",229.0244,,,13.28505,,
2021,5221,"Caribbean",241.5945,,,54.33429,,
2021,5222,"Central America",151.6109,,,5.22633,,
2021,5223,"South America",267.9139,,,13.61762,,
2021,5300,"Asia",141.0731,,,3.0765,,
2021,5310,"Central Asia",247.2109,,,10.01847,,
2021,5330,"Eastern Asia",121.436,,,0.80225,,
2021,5350,"South-eastern Asia",138.8576,,,2.16582,,
2021,5320,"Southern Asia",249.7185,,,9.94042,,
2021,5340,"Western Asia",175.4782,,,10.32188,,
2021,5400,"Europe",123.5924,,,3.01595,,
2021,5410,"Eastern Europe",173.8026,,,5.92249,,
2021,5420,"Northern Europe",121.4918,,,2.63018,,
2021,5430,"Southern Europe",113.3265,,,2.21026,,
2021,5440,"Western Europe",115.8045,,,2.58952,,
2021,5500,"Oceania",124.2936,,,2.95235,,
2021,5600,"Asia and Oceania",140.1462,,,3.07049,,
2021,5702,"Northern America and Europe",123.8675,,,3.82785,,
2021,5706,"Europe, Northern America, Australia and New Zealand",123.8653,,,3.79577,,
2021,5703,"Central and Southern Asia",249.487,,,9.94734,,
2021,5704,"Eastern and South-Eastern Asia",123.4881,,,0.96646,,
2021,5705,"Western Asia and Northern Africa",216.6425,,,17.25029,,
2021,1400,"Developing economies",175.0129,,,6.56611,,
2021,1410,"Developing economies: Africa",330.2799,,,22.058,,
2021,1420,"Developing economies: Americas",229.0244,,,13.28505,,
2021,1460,"Developing economies: Asia and Oceania",152.7796,,,3.69787,,
2021,1430,"Developing economies: Asia",152.8113,,,3.70008,,
2021,1450,"Developing economies: Oceania",138.8035,,,2.50397,,
2021,1500,"Developed economies",121.7314,,,3.37425,,
2021,1520,"Developed economies: Americas",124.0403,,,4.58306,,
2021,1560,"Developed economies: Asia and Oceania",111.1818,,,1.03979,,
2021,1530,"Developed economies: Asia",108.4313,,,0.5615,,
2021,1550,"Developed economies: Oceania",123.8612,,,2.96583,,
2021,1540,"Developed economies: Europe",123.5924,,,3.01595,,
2021,1600,"Developing economies excluding China",213.1917,,,11.0784,,
2021,1601,"Developing economies excluding LDCs",169.1124,,,5.44936,,
2021,1610,"LDCs (Least developed countries)",419.6646,,,36.39217,,
2021,1612,"LDCs: Asia",202.7209,,,6.12928,,
2021,1614,"LDCs: Africa",685.4117,,,59.92827,,
2021,1615,"LDCs: Islands and Haiti",246.3616,,,12.23868,,
2021,1620,"LLDCs (Landlocked developing countries)",272.6287,,,11.49171,,
2021,1640,"SIDS (Small island developing States) (UN-OHRLLS)",159.1623,,,20.80221,,
2021,1641,"SIDS: Atlantic and Indian Ocean",120.0691,,,1.01805,,
2021,1642,"SIDS: Caribbean",241.909,,,52.60574,,
2021,1643,"SIDS: Pacific",119.549,,,2.33762,,
2021,2623,"Low-income developing economies",436.6571,,,41.08574,,
2021,2622,"Middle-income developing economies",198.7977,,,5.9608,,
2021,2621,"High-income developing economies",161.1781,,,5.2628,,
2021,2711,"BRICS",148.1536,,,2.52038,,
2021,3412,"European Union (2020 …)",116.5837,,,2.76717,,
2021,3916,"G20 (Group of Twenty)",132.5654,,,3.66921,,
2021,3919,"G-77 (Group of 77)",174.007,,,6.28215,,
2021,3905,"OECD (Organisation for Economic Cooperation and Development)",122.5394,,,3.64792,,
2022,0001,"Individual economies",,,"Not applicable",,,"Not applicable"
2022,004,"Afghanistan",88.2098,,,13.7121,,
2022,008,"Albania",131.7216,,,6.72646,,
2022,012,"Algeria",181.623,,,9.26736,,
2022,020,"Andorra",115.7638,,,6.20255,,
2022,024,"Angola",707.3619,,,21.36045,,
2022,660,"Anguilla",111.8,,,3.04147,,
2022,028,"Antigua and Barbuda",127.4893,,,7.53108,,
2022,032,"Argentina",2550.8509,,,73.12528,,
2022,051,"Armenia",152.1353,,,8.6561,,
2022,533,"Aruba",114.6205,,,5.58943,,
2022,036,"Australia",132.4922,,,6.61503,,
2022,040,"Austria",134.2831,,,8.61035,,
2022,031,"Azerbaijan",195.8623,,,13.80382,,
2022,044,"Bahamas",125.3715,,,5.60566,,
2022,048,"Bahrain",119.5741,,,3.63466,,
2022,050,"Bangladesh",213.1085,,,6.1498,,
2022,052,"Barbados",155.5558,,,9.40566,,
2022,112,"Belarus",674.0929,,,14.84639,,
2022,056,"Belgium",133.8419,,,10.33443,,
2022,084,"Belize",116.6149,,,6.27379,,
2022,204,"Benin",118.1841,,,1.49988,,
2022,060,"Bermuda",96.9739,,,2.7959,,
2022,064,"Bhutan",204.9275,,,5.93774,,
2022,068,"Bolivia (Plurinational State of)",153.4518,,,1.74538,,
2022,070,"Bosnia and Herzegovina",121.0805,,,14.01138,,
2022,072,"Botswana",182.5847,,,12.20018,,
2022,076,"Brazil",204.4824,,,9.27994,,
2022,092,"British Virgin Islands",132.6368,,,8.48485,,
2022,096,"Brunei Darussalam",106.48,,,3.68264,,
2022,100,"Bulgaria",127.787,,,13.01889,,
2022,854,"Burkina Faso",132.0614,,,14.06989,,
2022,108,"Burundi",252.901,,,18.901,,
2022,132,"Cabo Verde",122.2237,,,7.9304,,
2022,116,"Cambodia",145.1949,,,5.32713,,
2022,120,"Cameroon",130.4656,,,5.30004,,
2022,124,"Canada",129.8582,,,6.7965,,
2022,136,"Cayman Islands",131.5899,,,10.00651,,
2022,140,"Central African Republic",169.0765,,,5.83492,,
2022,148,"Chad",128.4521,,,5.28713,,
2022,152,"Chile",157.9429,,,11.64512,,
2022,156,"China",131.7891,,,1.87549,,
2022,344,"China, Hong Kong SAR",139.6834,,,1.88203,,
2022,446,"China, Macao SAR",146.7696,,,1.04452,,
2022,158,"China, Taiwan Province of",114.4761,,,2.94758,,
2022,170,"Colombia",164.808,,,10.18396,,
2022,174,"Comoros",131.8054,,,11.99508,,
2022,178,"Congo",131.0946,,,3.49961,,
2022,180,"Congo, Dem. Rep. of the",299.123,,,8.99553,,
2022,184,"Cook Islands",123.7407,,,10.57783,,
2022,188,"Costa Rica",142.9458,,,8.27493,,
2022,384,"Côte d'Ivoire",127.6565,,,5.2069,,
2022,191,"Croatia",126.5389,,,10.67031,,
2022,192,"Cuba",798.0212,,,76.1073,,
2022,531,"Curaçao",131.5744,,,7.4356,,
2022,196,"Cyprus",115.8326,,,8.08337,,
2022,203,"Czechia",143.6114,,,15.10021,,
2022,208,"Denmark",120.9193,,,8.53397,,
2022,262,"Djibouti",129.3326,,,5.46433,,
2022,212,"Dominica",114.1793,,,7.47461,,
2022,214,"Dominican Republic",165.6259,,,8.81199,,
2022,218,"Ecuador",128.181,,,3.46636,,
2022,818,"Egypt",354.1044,,,8.49993,,
2022,222,"El Salvador",122.9096,,,7.19598,,
2022,226,"Equatorial Guinea",136.6831,,,5.01649,,
2022,232,"Eritrea",142.607,,,7.35253,,
2022,233,"Estonia",155.7837,,,19.44701,,
2022,748,"Eswatini",188.355,,,4.80242,,
2022,231,"Ethiopia",668.8862,,,33.93766,,
2022,230,"Ethiopia (...1991)",,,"Not applicable",,,"Not applicable"
2022,242,"Fiji",134.8882,,,4.52059,,
2022,246,"Finland",125.2147,,,7.16709,,
2022,251,"France",121.2509,,,5.90377,"Estimated",
2022,250,"France, metropolitan",121.2509,,,5.90377,,
2022,492,"Monaco",121.2509,,,5.90377,"Estimated",
2022,258,"French Polynesia",111.0801,,,6.40786,,
2022,266,"Gabon",130.8981,,,4.25061,,
2022,270,"Gambia",219.6212,,,11.51334,,
2022,268,"Georgia",172.336,,,11.89777,,
2022,276,"Germany",128.1252,,,8.66517,,
2022,288,"Ghana",431.223,,,31.89321,,
2022,300,"Greece",112.0373,,,9.29936,,
2022,304,"Greenland",118.0786,,,1.21704,,
2022,308,"Grenada",111.4535,,,2.65009,,
2022,320,"Guatemala",164.3935,,,6.88536,,
2022,324,"Guinea",361.8255,,,10.49309,,
2022,624,"Guinea-Bissau",126.6516,,,7.9186,,
2022,328,"Guyana",128.6899,,,6.46898,,
2022,332,"Haiti",372.8011,,,27.57631,,
2022,340,"Honduras",177.3024,,,9.08954,,
2022,348,"Hungary",151.4715,,,14.52723,,
2022,352,"Iceland",150.0871,,,8.30664,,
2022,356,"India",205.0077,,,6.67269,,
2022,360,"Indonesia",162.5804,,,4.20945,,
2022,960,"Indonesia (...2002)",,,"Not applicable",,,"Not applicable"
2022,364,"Iran (Islamic Republic of)",1650.3391,,,48.96338,,
2022,368,"Iraq",129.0464,,,5.33872,,
2022,372,"Ireland",116.4338,,,8.0643,,
2022,376,"Israel",113.8499,,,4.39466,,
2022,380,"Italy",123.3928,,,8.73602,,
2022,388,"Jamaica",198.2078,,,9.5,,
2022,392,"Japan",107.8313,,,2.49597,,
2022,400,"Jordan",133.6719,,,4.22416,,
2022,398,"Kazakhstan",249.8051,,,14.95552,,
2022,404,"Kenya",228.4752,,,7.64819,,
2022,296,"Kiribati",110.8377,,,5.33995,,
2022,410,"Korea, Republic of",124.7068,,,5.0879,,
2022,414,"Kuwait",139.4337,,,3.92271,,
2022,417,"Kyrgyzstan",211.001,,,13.9099,,
2022,418,"Lao People's Dem. Rep.",182.2395,,,23.00035,,
2022,428,"Latvia",141.4373,,,17.24424,,
2022,422,"Lebanon",1660.7398,,,171.20538,,
2022,426,"Lesotho",187.8128,,,8.24136,,
2022,430,"Liberia",384.3526,,,7.59308,,
2022,434,"Libya",271.9439,,,4.50985,,
2022,440,"Lithuania",148.8456,,,18.85783,,
2022,442,"Luxembourg",129.6497,,,8.14906,,
2022,450,"Madagascar",219.9121,,,8.20014,,
2022,454,"Malawi",588.0529,,,20.839,,
2022,458,"Malaysia",127.2114,,,3.37843,,
2022,462,"Maldives",142.7802,,,2.60068,,
2022,466,"Mali",125.8412,,,10.07731,,
2022,470,"Malta",123.8558,,,6.13057,,
2022,584,"Marshall Islands",118.8116,,,6.16324,,
2022,478,"Mauritania",156.8,,,9.52092,,
2022,480,"Mauritius",153.6559,,,10.78503,,
2022,484,"Mexico",166.8823,,,7.8984,,
2022,583,"Micronesia (Federated States of)",125.5735,,,5.0203,,
2022,498,"Moldova, Republic of",233.8546,,,28.56741,,
2022,496,"Mongolia",255.054,,,15.15324,,
2022,499,"Montenegro",134.817,,,13.04973,,
2022,500,"Montserrat",113.2977,,,4.0404,,
2022,504,"Morocco",119.1559,,,6.64677,,
2022,508,"Mozambique",218.1553,,,9.77026,,
2022,104,"Myanmar",220.0663,,,18.67586,,
2022,516,"Namibia",177.5134,,,6.09024,,
2022,520,"Nauru",132.5166,,,2.57299,,
2022,524,"Nepal",222.8693,,,6.25409,,
2022,528,"Netherlands (Kingdom of the)",133.375,,,11.62484,,
2022,540,"New Caledonia",112.296,,,3.71964,,
2022,554,"New Zealand",129.4418,,,7.172,,
2022,558,"Nicaragua",195.5349,,,10.44788,,
2022,562,"Niger",118.4932,,,4.22591,,
2022,566,"Nigeria",421.069,,,18.84683,,
2022,807,"North Macedonia",135.2947,,,14.20516,,
2022,579,"Norway",133.327,,,5.76388,,
2022,512,"Oman",117.4646,,,2.81183,,
2022,586,"Pakistan",247.1863,,,12.14812,,
2022,585,"Palau",133.0634,,,8.74718,,
2022,591,"Panama",125.6234,,,2.85951,,
2022,598,"Papua New Guinea",182.1824,,,6.59996,,
2022,600,"Paraguay",168.3481,,,9.76554,,
2022,604,"Peru",148.2261,,,7.87018,,
2022,608,"Philippines",146.1906,,,5.82053,,
2022,616,"Poland",141.992,,,14.35771,,
2022,620,"Portugal",121.2413,,,8.10299,,
2022,634,"Qatar",120.8625,,,4.95951,,
2022,642,"Romania",151.93,,,13.80013,,
2022,643,"Russian Federation",226.8327,,,13.7741,,
2022,646,"Rwanda",173.8011,,,13.88236,,
2022,659,"Saint Kitts and Nevis",107.0878,,,2.73654,,
2022,662,"Saint Lucia",119.5953,,,6.74338,,
2022,670,"Saint Vincent and the Grenadines",118.0238,,,5.66041,,
2022,882,"Samoa",126.2212,,,8.75007,,
2022,674,"San Marino",123.676,,,7.11939,,
2022,678,"Sao Tome and Principe",281.6328,,,17.99795,,
2022,682,"Saudi Arabia",126.8064,,,2.47358,,
2022,686,"Senegal",125.7482,,,9.68809,,
2022,688,"Serbia",170.4821,,,11.9814,,
2022,690,"Seychelles",148.3104,,,2.72783,,
2022,694,"Sierra Leone",378.0565,,,27.20941,,
2022,702,"Singapore",123.9818,,,6.12129,,
2022,534,"Sint Maarten (Dutch part)",103.2646,,,3.81382,,
2022,703,"Slovakia",136.3831,,,12.13325,,
2022,705,"Slovenia",123.0995,,,8.8221,,
2022,090,"Solomon Islands",144.5065,,,5.50722,,
2022,706,"Somalia",138.8621,,,6.79997,,
2022,710,"South Africa",183.1474,,,6.86884,,
2022,728,"South Sudan",21061.3351,,,-6.68732,,
2022,724,"Spain",123.2495,,,8.32321,,
2022,144,"Sri Lanka",252.0204,,,46.36311,,
2022,275,"State of Palestine",117.2759,,,3.71956,,
2022,729,"Sudan",38796.5382,,,138.80845,,
2022,736,"Sudan (...2011)",,,"Not applicable",,,"Not applicable"
2022,740,"Suriname",964.7805,,,52.45354,,
2022,752,"Sweden",123.817,,,8.0564,,
2022,757,"Switzerland, Liechtenstein",102.2141,,,2.83446,,
2022,438,"Liechtenstein",102.2141,,,2.83446,"Estimated",
2022,756,"Switzerland",102.2141,,,2.83446,"Estimated",
2022,760,"Syrian Arab Republic",7390.2,,,94.11116,,
2022,762,"Tajikistan",225.0243,,,6.64147,,
2022,834,"Tanzania, United Republic of",209.4572,,,4.35046,,
2022,764,"Thailand",120.599,,,6.07739,,
2022,626,"Timor-Leste",159.0932,,,7.00565,,
2022,768,"Togo",129.2493,,,7.61527,,
2022,776,"Tonga",146.5088,,,8.51956,,
2022,780,"Trinidad and Tobago",155.5693,,,5.82638,,
2022,788,"Tunisia",187.8548,,,8.3079,,
2022,792,"Türkiye",542.4389,,,72.30892,,
2022,795,"Turkmenistan",254.0588,,,11.47615,,
2022,796,"Turks and Caicos Islands",147.3627,,,8.49148,,
2022,798,"Tuvalu",148.9585,,,11.47693,,
2022,800,"Uganda",201.2373,,,6.77839,,
2022,804,"Ukraine",380.2933,,,20.18274,,
2022,784,"United Arab Emirates",117.425,,,4.82753,,
2022,926,"United Kingdom",136.0556,,,9.0667,,
2022,826,"United Kingdom excl. Channel Islands and Isle of Man",136.0556,,,9.0667,"Estimated",
2022,842,"United States of America",134.1794,,,7.98683,,
2022,630,"Puerto Rico",114.9842,,,4.31791,,
2022,840,"United States of America excluding Puerto Rico and United States Virgin Islands",134.1794,,,7.98683,"Estimated",
2022,858,"Uruguay",261.8332,,,9.10595,,
2022,860,"Uzbekistan",386.733,,,11.4471,,
2022,548,"Vanuatu",132.051,,,4.58393,,
2022,862,"Venezuela (Bolivarian Rep. of)",2409493549038.5605,,,200.91368,,
2022,704,"Viet Nam",177.3841,,,3.19087,,
2022,887,"Yemen",913.0441,,,29.07201,,
2022,894,"Zambia",339.7476,,,10.99316,,
2022,716,"Zimbabwe",15873.9884,,,193.39888,,
2022,0000,"World",151.6032,,,8.54592,,
2022,5100,"Africa",388.6176,,,17.66311,,
2022,5110,"Northern Africa",549.0853,,,21.48899,,
2022,5120,"Sub-Saharan Africa",324.7783,,,15.80114,,
2022,5121,"Eastern Africa",499.0504,,,22.65528,,
2022,5122,"Middle Africa",343.6285,,,12.87023,,
2022,5123,"Southern Africa",183.0743,,,7.05753,,
2022,5124,"Western Africa",337.8584,,,17.26973,,
2022,5200,"Americas",154.3406,,,9.70046,,
2022,5210,"Northern America",133.8331,,,7.89483,,
2022,5220,"Latin America and the Caribbean",268.7947,,,17.36506,,
2022,5221,"Caribbean",315.3036,,,30.50943,,
2022,5222,"Central America",163.2645,,,7.68657,,
2022,5223,"South America",322.7032,,,20.45034,,
2022,5300,"Asia",150.4371,,,6.63772,,
2022,5310,"Central Asia",280.108,,,13.30729,,
2022,5330,"Eastern Asia",124.1927,,,2.27005,,
2022,5350,"South-eastern Asia",145.9616,,,5.1161,,
2022,5320,"Southern Asia",282.0311,,,12.93962,,
2022,5340,"Western Asia",227.14,,,29.44054,,
2022,5400,"Europe",134.8115,,,9.07747,,
2022,5410,"Eastern Europe",198.5523,,,14.24008,,
2022,5420,"Northern Europe",132.0318,,,8.67553,,
2022,5430,"Southern Europe",123.1837,,,8.69804,,
2022,5440,"Western Europe",124.7289,,,7.70642,,
2022,5500,"Oceania",132.5777,,,6.66494,,
2022,5600,"Asia and Oceania",149.4505,,,6.639,,
2022,5702,"Northern America and Europe",134.3518,,,8.46405,,
2022,5706,"Europe, Northern America, Australia and New Zealand",134.269,,,8.39919,,
2022,5703,"Central and Southern Asia",281.8495,,,12.97161,,
2022,5704,"Eastern and South-Eastern Asia",126.7035,,,2.60389,,
2022,5705,"Western Asia and Northern Africa",276.7836,,,27.76053,,
2022,1400,"Developing economies",191.9852,,,9.69779,,
2022,1410,"Developing economies: Africa",388.6176,,,17.66311,,
2022,1420,"Developing economies: Americas",268.7947,,,17.36506,,
2022,1460,"Developing economies: Asia and Oceania",164.1352,,,7.43267,,
2022,1430,"Developing economies: Asia",164.1733,,,7.43535,,
2022,1450,"Developing economies: Oceania",146.9645,,,5.87955,,
2022,1500,"Developed economies",131.1636,,,7.74836,,
2022,1520,"Developed economies: Americas",133.8331,,,7.89483,,
2022,1560,"Developed economies: Asia and Oceania",115.5881,,,3.96317,,
2022,1530,"Developed economies: Asia",111.988,,,3.28016,,
2022,1550,"Developed economies: Oceania",132.1446,,,6.68768,,
2022,1540,"Developed economies: Europe",134.8115,,,9.07747,,
2022,1600,"Developing economies excluding China",247.303,,,16.00032,,
2022,1601,"Developing economies excluding LDCs",184.7764,,,9.26244,,
2022,1610,"LDCs (Least developed countries)",511.292,,,21.83348,,
2022,1612,"LDCs: Asia",221.6616,,,9.34326,,
2022,1614,"LDCs: Africa",898.1387,,,31.03638,,
2022,1615,"LDCs: Islands and Haiti",301.3583,,,22.32357,,
2022,1620,"LLDCs (Landlocked developing countries)",322.2552,,,18.20293,,
2022,1640,"SIDS (Small island developing States) (UN-OHRLLS)",182.702,,,14.78971,,
2022,1641,"SIDS: Atlantic and Indian Ocean",126.382,,,5.25772,,
2022,1642,"SIDS: Caribbean",314.2161,,,29.89019,,
2022,1643,"SIDS: Pacific",126.8392,,,6.09806,,
2022,2623,"Low-income developing economies",546.8915,,,25.24507,,
2022,2622,"Middle-income developing economies",216.0192,,,8.66282,,
2022,2621,"High-income developing economies",176.2721,,,9.36478,,
2022,2711,"BRICS",154.0202,,,3.95977,,
2022,3412,"European Union (2020 …)",126.9536,,,8.89479,,
2022,3916,"G20 (Group of Twenty)",143.132,,,7.97089,,
2022,3919,"G-77 (Group of 77)",187.435,,,7.71693,,
2022,3905,"OECD (Organisation for Economic Cooperation and Development)",133.4967,,,8.9418,,
