,region1,year,gdp_per_capita,co2_per_capita,bubble_size,normalised_size,image_link
1278,Africa,1952.0,1483.5824492912134,0.4742400906017209,1110212.845,0.7212263664619516,https://raw.githubusercontent.com/bakered/co2emmisions/main/src_shiny_app/static/africa_map.png
1279,Africa,1952.2000000000003,1488.553809627242,0.476949859121561,1110548.0234,0.7213351961974316,https://raw.githubusercontent.com/bakered/co2emmisions/main/src_shiny_app/static/africa_map.png
1280,Africa,1952.4,1493.533045311861,0.47966640158239393,1110883.2018,0.7214440259329117,https://raw.githubusercontent.com/bakered/co2emmisions/main/src_shiny_app/static/africa_map.png
1281,Africa,1952.6,1498.520427621381,0.4823900052136923,1111218.3802,0.7215528556683917,https://raw.githubusercontent.com/bakered/co2emmisions/main/src_shiny_app/static/africa_map.png
1282,Africa,1952.8,1503.5162255345622,0.4851209598286383,1111553.5585999999,0.7216616854038718,https://raw.githubusercontent.com/bakered/co2emmisions/main/src_shiny_app/static/africa_map.png
1283,Africa,1953.0,1508.5207060655812,0.4878595622561643,1111888.737,0.7217705151393518,https://raw.githubusercontent.com/bakered/co2emmisions/main/src_shiny_app/static/africa_map.png
1284,Africa,1953.0,1508.5207060655812,0.4878595622561643,1111888.737,0.7217705151393518,https://raw.githubusercontent.com/bakered/co2emmisions/main/src_shiny_app/static/africa_map.png
1285,Africa,1953.2,1513.5341329897499,0.4906061211015381,1112994.7988,0.7221290638662863,https://raw.githubusercontent.com/bakered/co2emmisions/main/src_shiny_app/static/africa_map.png
1286,Africa,1953.4,1518.5567613068486,0.4933609612113362,1114100.8606,0.7224876125932209,https://raw.githubusercontent.com/bakered/co2emmisions/main/src_shiny_app/static/africa_map.png
1287,Africa,1953.6,1523.5888382013493,0.49612442276818,1115206.9224,0.7228461613201553,https://raw.githubusercontent.com/bakered/co2emmisions/main/src_shiny_app/static/africa_map.png
1288,Africa,1953.8,1528.630600591978,0.4988968607783635,1116312.9842,0.72320471004709,https://raw.githubusercontent.com/bakered/co2emmisions/main/src_shiny_app/static/africa_map.png
1289,Africa,1954.0,1533.6822712010655,0.5016786450001237,1117419.046,0.7235632587740245,https://raw.githubusercontent.com/bakered/co2emmisions/main/src_shiny_app/static/africa_map.png
1290,Africa,1954.0,1533.6822712010655,0.5016786450001237,1117419.046,0.7235632587740245,https://raw.githubusercontent.com/bakered/co2emmisions/main/src_shiny_app/static/africa_map.png
1291,Africa,1954.2,1538.7440505668476,0.5044701604051853,1119786.884,0.7243278628698367,https://raw.githubusercontent.com/bakered/co2emmisions/main/src_shiny_app/static/africa_map.png
1292,Africa,1954.3999999999999,1543.8161012701871,0.507271807458726,1122154.722,0.7250924669656489,https://raw.githubusercontent.com/bakered/co2emmisions/main/src_shiny_app/static/africa_map.png
1293,Africa,1954.6,1548.8985597475062,0.5100839949606376,1124522.56,0.7258570710614611,https://raw.githubusercontent.com/bakered/co2emmisions/main/src_shiny_app/static/africa_map.png
1294,Africa,1954.8,1553.9915413724373,0.5129071332196199,1126890.398,0.7266216751572734,https://raw.githubusercontent.com/bakered/co2emmisions/main/src_shiny_app/static/africa_map.png
1295,Africa,1955.0,1559.0951415325565,0.5157416278863898,1129258.236,0.7273862792530856,https://raw.githubusercontent.com/bakered/co2emmisions/main/src_shiny_app/static/africa_map.png
1296,Africa,1955.0,1559.0951415325565,0.5157416278863898,1129258.236,0.7273862792530856,https://raw.githubusercontent.com/bakered/co2emmisions/main/src_shiny_app/static/africa_map.png
1297,Africa,1955.2,1564.2094344987354,0.5185878699396251,1130398.727,0.7277531275203253,https://raw.githubusercontent.com/bakered/co2emmisions/main/src_shiny_app/static/africa_map.png
1298,Africa,1955.4,1569.334467244541,0.5214462181888236,1131539.218,0.7281199757875649,https://raw.githubusercontent.com/bakered/co2emmisions/main/src_shiny_app/static/africa_map.png
1299,Africa,1955.6,1574.470264654368,0.5243170087446157,1132679.709,0.7284868240548046,https://raw.githubusercontent.com/bakered/co2emmisions/main/src_shiny_app/static/africa_map.png
1300,Africa,1955.8000000000002,1579.6168304355674,0.5272005580712414,1133820.2000000002,0.7288536723220442,https://raw.githubusercontent.com/bakered/co2emmisions/main/src_shiny_app/static/africa_map.png
1301,Africa,1956.0,1584.7741458327378,0.5300971620393642,1134960.691,0.7292205205892839,https://raw.githubusercontent.com/bakered/co2emmisions/main/src_shiny_app/static/africa_map.png
1302,Africa,1956.0,1584.7741458327378,0.5300971620393642,1134960.691,0.7292205205892839,https://raw.githubusercontent.com/bakered/co2emmisions/main/src_shiny_app/static/africa_map.png
1303,Africa,1956.2000000000003,1589.9421661248193,0.5330070915222772,1136253.2016000003,0.7296351549302256,https://raw.githubusercontent.com/bakered/co2emmisions/main/src_shiny_app/static/africa_map.png
1304,Africa,1956.4,1595.1208125904664,0.5359305805724299,1137545.7122,0.730049789271167,https://raw.githubusercontent.com/bakered/co2emmisions/main/src_shiny_app/static/africa_map.png
1305,Africa,1956.6000000000001,1600.3099769516189,0.5388678331659641,1138838.2228,0.7304644236121087,https://raw.githubusercontent.com/bakered/co2emmisions/main/src_shiny_app/static/africa_map.png
1306,Africa,1956.8000000000002,1605.5095221175995,0.5418190237227174,1140130.7334,0.7308790579530503,https://raw.githubusercontent.com/bakered/co2emmisions/main/src_shiny_app/static/africa_map.png
1307,Africa,1957.0,1610.7192806460307,0.5447842940225529,1141423.244,0.7312936922939919,https://raw.githubusercontent.com/bakered/co2emmisions/main/src_shiny_app/static/africa_map.png
1308,Africa,1957.0,1610.7192806460307,0.5447842940225529,1141423.244,0.7312936922939919,https://raw.githubusercontent.com/bakered/co2emmisions/main/src_shiny_app/static/africa_map.png
1309,Africa,1957.2000000000003,1615.9390516763178,0.5477637465269376,1142834.4235999999,0.7317450572046584,https://raw.githubusercontent.com/bakered/co2emmisions/main/src_shiny_app/static/africa_map.png
1310,Africa,1957.4,1621.1685956369847,0.550757430207683,1144245.6031999998,0.7321964221153249,https://raw.githubusercontent.com/bakered/co2emmisions/main/src_shiny_app/static/africa_map.png
1311,Africa,1957.6,1626.4076386305499,0.5537653428601154,1145656.7828,0.7326477870259914,https://raw.githubusercontent.com/bakered/co2emmisions/main/src_shiny_app/static/africa_map.png
1312,Africa,1957.8,1631.6558756979045,0.5567874271005561,1147067.9623999998,0.7330991519366579,https://raw.githubusercontent.com/bakered/co2emmisions/main/src_shiny_app/static/africa_map.png
1313,Africa,1958.0,1636.912973002844,0.559823562118481,1148479.142,0.7335505168473244,https://raw.githubusercontent.com/bakered/co2emmisions/main/src_shiny_app/static/africa_map.png
1314,Africa,1958.0,1636.912973002844,0.559823562118481,1148479.142,0.7335505168473244,https://raw.githubusercontent.com/bakered/co2emmisions/main/src_shiny_app/static/africa_map.png
1315,Africa,1958.2,1642.178574406678,0.5628735506336631,1148311.2327999999,0.733496884006434,https://raw.githubusercontent.com/bakered/co2emmisions/main/src_shiny_app/static/africa_map.png
1316,Africa,1958.4,1647.4523165303806,0.5659370983213159,1148143.3236,0.7334432511655435,https://raw.githubusercontent.com/bakered/co2emmisions/main/src_shiny_app/static/africa_map.png
1317,Africa,1958.6,1652.733813595137,0.5690138159633247,1147975.4144,0.7333896183246529,https://raw.githubusercontent.com/bakered/co2emmisions/main/src_shiny_app/static/africa_map.png
1318,Africa,1958.8,1658.0226475185507,0.5721032173679741,1147807.5052,0.7333359854837626,https://raw.githubusercontent.com/bakered/co2emmisions/main/src_shiny_app/static/africa_map.png
1319,Africa,1959.0,1663.3183611792206,0.5752047133069179,1147639.596,0.733282352642872,https://raw.githubusercontent.com/bakered/co2emmisions/main/src_shiny_app/static/africa_map.png
1320,Africa,1959.0,1663.3183611792206,0.5752047133069179,1147639.596,0.733282352642872,https://raw.githubusercontent.com/bakered/co2emmisions/main/src_shiny_app/static/africa_map.png
1321,Africa,1959.2,1668.620454544641,0.5783176097909123,1149379.7752,0.7338372451498507,https://raw.githubusercontent.com/bakered/co2emmisions/main/src_shiny_app/static/africa_map.png
1322,Africa,1959.3999999999999,1673.9283886658561,0.5814411165117599,1151119.9544,0.7343921376568294,https://raw.githubusercontent.com/bakered/co2emmisions/main/src_shiny_app/static/africa_map.png
1323,Africa,1959.6,1679.241567228189,0.5845743118822878,1152860.1336,0.7349470301638081,https://raw.githubusercontent.com/bakered/co2emmisions/main/src_shiny_app/static/africa_map.png
1324,Africa,1959.8,1684.559324309599,0.5877161125259492,1154600.3128,0.7355019226707867,https://raw.githubusercontent.com/bakered/co2emmisions/main/src_shiny_app/static/africa_map.png
1325,Africa,1960.0,1689.8809171549478,0.5908652452566044,1156340.492,0.7360568151777654,https://raw.githubusercontent.com/bakered/co2emmisions/main/src_shiny_app/static/africa_map.png
1326,Africa,1960.0,1689.8809171549478,0.5908652452566044,1156340.492,0.7360568151777654,https://raw.githubusercontent.com/bakered/co2emmisions/main/src_shiny_app/static/africa_map.png
1327,Africa,1960.2,1695.2055265301915,0.5940202239544556,1157430.6382000002,0.7364033680196148,https://raw.githubusercontent.com/bakered/co2emmisions/main/src_shiny_app/static/africa_map.png
1328,Africa,1960.4,1700.532275847629,0.5971793441437008,1158520.7844,0.7367499208614641,https://raw.githubusercontent.com/bakered/co2emmisions/main/src_shiny_app/static/africa_map.png
1329,Africa,1960.6,1705.8602556164196,0.6003406483578907,1159610.9306,0.7370964737033134,https://raw.githubusercontent.com/bakered/co2emmisions/main/src_shiny_app/static/africa_map.png
1330,Africa,1960.8000000000002,1711.1885890554913,0.6035019204230014,1160701.0768,0.7374430265451628,https://raw.githubusercontent.com/bakered/co2emmisions/main/src_shiny_app/static/africa_map.png
1331,Africa,1961.0,1716.5165579193724,0.6066607237907803,1161791.223,0.7377895793870122,https://raw.githubusercontent.com/bakered/co2emmisions/main/src_shiny_app/static/africa_map.png
1332,Africa,1961.0,1716.5165579193724,0.6066607237907803,1161791.223,0.7377895793870122,https://raw.githubusercontent.com/bakered/co2emmisions/main/src_shiny_app/static/africa_map.png
1333,Africa,1961.2000000000003,1721.8438355190467,0.6098145220271102,1162654.81,0.7380635333331957,https://raw.githubusercontent.com/bakered/co2emmisions/main/src_shiny_app/static/africa_map.png
1334,Africa,1961.4,1727.1708966506237,0.6129609493948619,1163518.3969999999,0.7383374872793793,https://raw.githubusercontent.com/bakered/co2emmisions/main/src_shiny_app/static/africa_map.png
1335,Africa,1961.6000000000001,1732.4995340151272,0.6160982086588116,1164381.984,0.7386114412255629,https://raw.githubusercontent.com/bakered/co2emmisions/main/src_shiny_app/static/africa_map.png
1336,Africa,1961.8000000000002,1737.8336360156432,0.6192257510521247,1165245.571,0.7388853951717465,https://raw.githubusercontent.com/bakered/co2emmisions/main/src_shiny_app/static/africa_map.png
1337,Africa,1962.0,1743.180175230796,0.622345245403342,1166109.158,0.73915934911793,https://raw.githubusercontent.com/bakered/co2emmisions/main/src_shiny_app/static/africa_map.png
1338,Africa,1962.0,1743.180175230796,0.622345245403342,1166109.158,0.73915934911793,https://raw.githubusercontent.com/bakered/co2emmisions/main/src_shiny_app/static/africa_map.png
1339,Africa,1962.2000000000003,1748.550108595111,0.6254616169111585,1168106.7588000002,0.739791106884568,https://raw.githubusercontent.com/bakered/co2emmisions/main/src_shiny_app/static/africa_map.png
1340,Africa,1962.4,1753.9583043574441,0.6285833083699888,1170104.3596,0.7404228646512059,https://raw.githubusercontent.com/bakered/co2emmisions/main/src_shiny_app/static/africa_map.png
1341,Africa,1962.6,1760.2549357016164,0.6326498614874588,1172101.9604000002,0.7410546224178438,https://raw.githubusercontent.com/bakered/co2emmisions/main/src_shiny_app/static/africa_map.png
1342,Africa,1962.8,1766.6666409683564,0.6367963019663525,1174099.5612,0.7416863801844816,https://raw.githubusercontent.com/bakered/co2emmisions/main/src_shiny_app/static/africa_map.png
1343,Africa,1963.0,1773.1956342530207,0.6410257942898725,1176097.162,0.7423181379511196,https://raw.githubusercontent.com/bakered/co2emmisions/main/src_shiny_app/static/africa_map.png
1344,Africa,1963.0,1773.1956342530207,0.6410257942898725,1176097.162,0.7423181379511196,https://raw.githubusercontent.com/bakered/co2emmisions/main/src_shiny_app/static/africa_map.png
1345,Africa,1963.2,1779.8430279148686,0.6453414493793111,1179548.567,0.7434033844141765,https://raw.githubusercontent.com/bakered/co2emmisions/main/src_shiny_app/static/africa_map.png
1346,Africa,1963.4,1786.6089597705181,0.6497463507146894,1182999.972,0.7444886308772336,https://raw.githubusercontent.com/bakered/co2emmisions/main/src_shiny_app/static/africa_map.png
1347,Africa,1963.6,1793.492905961921,0.6542435262890238,1186451.3769999999,0.7455738773402905,https://raw.githubusercontent.com/bakered/co2emmisions/main/src_shiny_app/static/africa_map.png
1348,Africa,1963.8,1800.4943981143376,0.6588362780223512,1189902.782,0.7466591238033475,https://raw.githubusercontent.com/bakered/co2emmisions/main/src_shiny_app/static/africa_map.png
1349,Africa,1964.0,1807.612533265918,0.6635278354733042,1193354.187,0.7477443702664045,https://raw.githubusercontent.com/bakered/co2emmisions/main/src_shiny_app/static/africa_map.png
1350,Africa,1964.0,1807.612533265918,0.6635278354733042,1193354.187,0.7477443702664045,https://raw.githubusercontent.com/bakered/co2emmisions/main/src_shiny_app/static/africa_map.png
1351,Africa,1964.2,1814.8452873819479,0.6683206277242429,1197344.7837999999,0.7489894224737517,https://raw.githubusercontent.com/bakered/co2emmisions/main/src_shiny_app/static/africa_map.png
1352,Africa,1964.3999999999999,1822.1892739277812,0.6732159416676186,1201335.3805999998,0.7502344746810987,https://raw.githubusercontent.com/bakered/co2emmisions/main/src_shiny_app/static/africa_map.png
1353,Africa,1964.6,1829.6396709487701,0.6782136319571715,1205325.9774,0.7514795268884458,https://raw.githubusercontent.com/bakered/co2emmisions/main/src_shiny_app/static/africa_map.png
1354,Africa,1964.8,1837.1903889475625,0.6833121013890809,1209316.5742,0.7527245790957928,https://raw.githubusercontent.com/bakered/co2emmisions/main/src_shiny_app/static/africa_map.png
1355,Africa,1965.0,1844.835209921921,0.6885093108362442,1213307.171,0.7539696313031399,https://raw.githubusercontent.com/bakered/co2emmisions/main/src_shiny_app/static/africa_map.png
1356,Africa,1965.0,1844.835209921921,0.6885093108362442,1213307.171,0.7539696313031399,https://raw.githubusercontent.com/bakered/co2emmisions/main/src_shiny_app/static/africa_map.png
1357,Africa,1965.2,1852.5675276693387,0.6938024708509055,1214791.7674,0.7544302046105182,https://raw.githubusercontent.com/bakered/co2emmisions/main/src_shiny_app/static/africa_map.png
1358,Africa,1965.4,1860.3802746078659,0.6991879288448071,1216276.3638,0.7548907779178965,https://raw.githubusercontent.com/bakered/co2emmisions/main/src_shiny_app/static/africa_map.png
1359,Africa,1965.6,1868.2661239301287,0.704661192184246,1217760.9602,0.7553513512252749,https://raw.githubusercontent.com/bakered/co2emmisions/main/src_shiny_app/static/africa_map.png
1360,Africa,1965.8000000000002,1876.21788076261,0.7102171620562198,1219245.5566,0.7558119245326531,https://raw.githubusercontent.com/bakered/co2emmisions/main/src_shiny_app/static/africa_map.png
1361,Africa,1966.0,1884.2292601581423,0.7158514025592723,1220730.153,0.7562724978400315,https://raw.githubusercontent.com/bakered/co2emmisions/main/src_shiny_app/static/africa_map.png
1362,Africa,1966.0,1884.2292601581423,0.7158514025592723,1220730.153,0.7562724978400315,https://raw.githubusercontent.com/bakered/co2emmisions/main/src_shiny_app/static/africa_map.png
1363,Africa,1966.2000000000003,1892.2942216086903,0.7215593344290426,1223896.4486,0.7572501375195198,https://raw.githubusercontent.com/bakered/co2emmisions/main/src_shiny_app/static/africa_map.png
1364,Africa,1966.4,1900.4066933625556,0.7273358420251507,1227062.7442,0.758227777199008,https://raw.githubusercontent.com/bakered/co2emmisions/main/src_shiny_app/static/africa_map.png
1365,Africa,1966.6000000000001,1908.5604338190424,0.733174964369277,1230229.0398,0.7592054168784963,https://raw.githubusercontent.com/bakered/co2emmisions/main/src_shiny_app/static/africa_map.png
1366,Africa,1966.8000000000002,1916.7491292215977,0.7390697977324501,1233395.3354,0.7601830565579847,https://raw.githubusercontent.com/bakered/co2emmisions/main/src_shiny_app/static/africa_map.png
1367,Africa,1967.0,1924.9675150792702,0.7450143754078846,1236561.631,0.761160696237473,https://raw.githubusercontent.com/bakered/co2emmisions/main/src_shiny_app/static/africa_map.png
1368,Africa,1967.0,1924.9675150792702,0.7450143754078846,1236561.631,0.761160696237473,https://raw.githubusercontent.com/bakered/co2emmisions/main/src_shiny_app/static/africa_map.png
1369,Africa,1967.2000000000003,1933.2106692934178,0.7510029279966943,1240622.1016000002,0.7624053118218008,https://raw.githubusercontent.com/bakered/co2emmisions/main/src_shiny_app/static/africa_map.png
1370,Africa,1967.4,1941.473731385196,0.7570294841891763,1244682.5722,0.7636499274061286,https://raw.githubusercontent.com/bakered/co2emmisions/main/src_shiny_app/static/africa_map.png
1371,Africa,1967.6,1949.751496130759,0.7630875789670813,1248743.0428,0.7648945429904566,https://raw.githubusercontent.com/bakered/co2emmisions/main/src_shiny_app/static/africa_map.png
1372,Africa,1967.8,1958.0381603206256,0.769170182730548,1252803.5134,0.7661391585747843,https://raw.githubusercontent.com/bakered/co2emmisions/main/src_shiny_app/static/africa_map.png
1373,Africa,1968.0,1966.3291357377727,0.7752716482876356,1256863.984,0.7673837741591122,https://raw.githubusercontent.com/bakered/co2emmisions/main/src_shiny_app/static/africa_map.png
1374,Africa,1968.0,1966.3291357377727,0.7752716482876356,1256863.984,0.7673837741591122,https://raw.githubusercontent.com/bakered/co2emmisions/main/src_shiny_app/static/africa_map.png
1375,Africa,1968.2,1974.6206080729044,0.7813869643501629,1260934.9318000001,0.7686215503287646,https://raw.githubusercontent.com/bakered/co2emmisions/main/src_shiny_app/static/africa_map.png
1376,Africa,1968.4,1982.909324016396,0.7875113956429507,1265005.8795999999,0.769859326498417,https://raw.githubusercontent.com/bakered/co2emmisions/main/src_shiny_app/static/africa_map.png
1377,Africa,1968.6,1991.1921987718454,0.7936403584068278,1269076.8273999998,0.7710971026680694,https://raw.githubusercontent.com/bakered/co2emmisions/main/src_shiny_app/static/africa_map.png
1378,Africa,1968.8,1999.465940734215,0.7997695903290294,1273147.7752,0.7723348788377219,https://raw.githubusercontent.com/bakered/co2emmisions/main/src_shiny_app/static/africa_map.png
1379,Africa,1969.0,2007.7283186568695,0.8058967997061945,1277218.723,0.7735726550073743,https://raw.githubusercontent.com/bakered/co2emmisions/main/src_shiny_app/static/africa_map.png
1380,Africa,1969.0,2007.7283186568695,0.8058967997061945,1277218.723,0.7735726550073743,https://raw.githubusercontent.com/bakered/co2emmisions/main/src_shiny_app/static/africa_map.png
1381,Africa,1969.2,2015.9777450486083,0.8120208341299457,1282134.7978,0.7750543189622364,https://raw.githubusercontent.com/bakered/co2emmisions/main/src_shiny_app/static/africa_map.png
1382,Africa,1969.3999999999999,2024.2129959175074,0.8181412044964522,1287050.8726,0.7765359829170985,https://raw.githubusercontent.com/bakered/co2emmisions/main/src_shiny_app/static/africa_map.png
1383,Africa,1969.6,2032.4328953414974,0.8242578476528944,1291966.9474,0.7780176468719606,https://raw.githubusercontent.com/bakered/co2emmisions/main/src_shiny_app/static/africa_map.png
1384,Africa,1969.8,2040.6359888288746,0.8303710108113703,1296883.0222,0.7794993108268227,https://raw.githubusercontent.com/bakered/co2emmisions/main/src_shiny_app/static/africa_map.png
1385,Africa,1970.0,2048.821516456365,0.836481591706994,1301799.097,0.7809809747816848,https://raw.githubusercontent.com/bakered/co2emmisions/main/src_shiny_app/static/africa_map.png
1386,Africa,1970.0,2048.821516456365,0.836481591706994,1301799.097,0.7809809747816848,https://raw.githubusercontent.com/bakered/co2emmisions/main/src_shiny_app/static/africa_map.png
1387,Africa,1970.2,2056.988759605323,0.8425904780681077,1307644.2892000002,0.7827245794873201,https://raw.githubusercontent.com/bakered/co2emmisions/main/src_shiny_app/static/africa_map.png
1388,Africa,1970.4,2065.136518662633,0.8486982057570123,1313489.4814,0.7844681841929554,https://raw.githubusercontent.com/bakered/co2emmisions/main/src_shiny_app/static/africa_map.png
1389,Africa,1970.6,2073.262663841108,0.8548047903482936,1319334.6735999999,0.7862117888985907,https://raw.githubusercontent.com/bakered/co2emmisions/main/src_shiny_app/static/africa_map.png
1390,Africa,1970.8000000000002,2081.363377737047,0.8609096263953299,1325179.8658,0.787955393604226,https://raw.githubusercontent.com/bakered/co2emmisions/main/src_shiny_app/static/africa_map.png
1391,Africa,1971.0,2089.4351876140345,0.8670122639128988,1331025.058,0.7896989983098612,https://raw.githubusercontent.com/bakered/co2emmisions/main/src_shiny_app/static/africa_map.png
1392,Africa,1971.0,2089.4351876140345,0.8670122639128988,1331025.058,0.7896989983098612,https://raw.githubusercontent.com/bakered/co2emmisions/main/src_shiny_app/static/africa_map.png
1393,Africa,1971.2000000000003,2097.474908297601,0.8731121398536855,1335024.1796000001,0.7908809181201715,https://raw.githubusercontent.com/bakered/co2emmisions/main/src_shiny_app/static/africa_map.png
1394,Africa,1971.4,2105.4793303000433,0.8792083814328598,1339023.3011999999,0.7920628379304817,https://raw.githubusercontent.com/bakered/co2emmisions/main/src_shiny_app/static/africa_map.png
1395,Africa,1971.6000000000001,2113.4448003287416,0.8852997584102663,1343022.4228,0.7932447577407917,https://raw.githubusercontent.com/bakered/co2emmisions/main/src_shiny_app/static/africa_map.png
1396,Africa,1971.8000000000002,2121.366123768374,0.8913845025747531,1347021.5443999998,0.7944266775511021,https://raw.githubusercontent.com/bakered/co2emmisions/main/src_shiny_app/static/africa_map.png
1397,Africa,1972.0,2129.237959931708,0.8974608300532948,1351020.666,0.7956085973614122,https://raw.githubusercontent.com/bakered/co2emmisions/main/src_shiny_app/static/africa_map.png
1398,Africa,1972.0,2129.237959931708,0.8974608300532948,1351020.666,0.7956085973614122,https://raw.githubusercontent.com/bakered/co2emmisions/main/src_shiny_app/static/africa_map.png
1399,Africa,1972.2000000000003,2137.0548882903436,0.9035269040677117,1356240.6668,0.7971382597168276,https://raw.githubusercontent.com/bakered/co2emmisions/main/src_shiny_app/static/africa_map.png
1400,Africa,1972.4,2144.811071738764,0.9095807161970277,1361460.6676,0.7986679220722429,https://raw.githubusercontent.com/bakered/co2emmisions/main/src_shiny_app/static/africa_map.png
1401,Africa,1972.6,2152.49953007898,0.9156199945799315,1366680.6683999998,0.8001975844276583,https://raw.githubusercontent.com/bakered/co2emmisions/main/src_shiny_app/static/africa_map.png
1402,Africa,1972.8,2160.1105014068003,0.9216418929110896,1371900.6692,0.8017272467830736,https://raw.githubusercontent.com/bakered/co2emmisions/main/src_shiny_app/static/africa_map.png
1403,Africa,1973.0,2167.6334741941464,0.927643466888941,1377120.67,0.803256909138489,https://raw.githubusercontent.com/bakered/co2emmisions/main/src_shiny_app/static/africa_map.png
1404,Africa,1973.0,2167.6334741941464,0.927643466888941,1377120.67,0.803256909138489,https://raw.githubusercontent.com/bakered/co2emmisions/main/src_shiny_app/static/africa_map.png
1405,Africa,1973.2,2175.0579099552847,0.9336220201178475,1379175.773,0.8038551529236554,https://raw.githubusercontent.com/bakered/co2emmisions/main/src_shiny_app/static/africa_map.png
1406,Africa,1973.4,2182.3732608720497,0.9395751569479049,1381230.876,0.8044533967088217,https://raw.githubusercontent.com/bakered/co2emmisions/main/src_shiny_app/static/africa_map.png
1407,Africa,1973.6,2189.568422030825,0.9455008807123958,1383285.979,0.8050516404939879,https://raw.githubusercontent.com/bakered/co2emmisions/main/src_shiny_app/static/africa_map.png
1408,Africa,1973.8,2196.6302799044715,0.951397499230021,1385341.082,0.8056498842791543,https://raw.githubusercontent.com/bakered/co2emmisions/main/src_shiny_app/static/africa_map.png
1409,Africa,1974.0,2203.546118692585,0.9572631019833978,1387396.185,0.8062481280643206,https://raw.githubusercontent.com/bakered/co2emmisions/main/src_shiny_app/static/africa_map.png
1410,Africa,1974.0,2203.546118692585,0.9572631019833978,1387396.185,0.8062481280643206,https://raw.githubusercontent.com/bakered/co2emmisions/main/src_shiny_app/static/africa_map.png
1411,Africa,1974.2,2210.3042833027575,0.9630956321137804,1387151.7710000002,0.8061770950943238,https://raw.githubusercontent.com/bakered/co2emmisions/main/src_shiny_app/static/africa_map.png
1412,Africa,1974.3999999999999,2216.894114140837,0.9688928936021913,1386907.357,0.8061060621243268,https://raw.githubusercontent.com/bakered/co2emmisions/main/src_shiny_app/static/africa_map.png
1413,Africa,1974.6,2223.305534558018,0.9746525913373854,1386662.943,0.8060350291543301,https://raw.githubusercontent.com/bakered/co2emmisions/main/src_shiny_app/static/africa_map.png
1414,Africa,1974.8,2229.527747409118,0.9803722427908647,1386418.529,0.8059639961843331,https://raw.githubusercontent.com/bakered/co2emmisions/main/src_shiny_app/static/africa_map.png
1415,Africa,1975.0,2235.5510350856734,0.9860489397227131,1386174.115,0.8058929632143363,https://raw.githubusercontent.com/bakered/co2emmisions/main/src_shiny_app/static/africa_map.png
1416,Africa,1975.0,2235.5510350856734,0.9860489397227131,1386174.115,0.8058929632143363,https://raw.githubusercontent.com/bakered/co2emmisions/main/src_shiny_app/static/africa_map.png
1417,Africa,1975.2,2241.367504954536,0.9916797718221172,1392765.8108,0.8077978446477567,https://raw.githubusercontent.com/bakered/co2emmisions/main/src_shiny_app/static/africa_map.png
1418,Africa,1975.4,2246.971203385711,0.9972621463137553,1399357.5066,0.8097027260811771,https://raw.githubusercontent.com/bakered/co2emmisions/main/src_shiny_app/static/africa_map.png
1419,Africa,1975.6,2252.3575585252647,1.0027938617490564,1405949.2024,0.8116076075145973,https://raw.githubusercontent.com/bakered/co2emmisions/main/src_shiny_app/static/africa_map.png
1420,Africa,1975.8000000000002,2257.5220020168813,1.0082730452317747,1412540.8982,0.8135124889480178,https://raw.githubusercontent.com/bakered/co2emmisions/main/src_shiny_app/static/africa_map.png
1421,Africa,1976.0,2262.4612796877295,1.0136978997829864,1419132.594,0.815417370381438,https://raw.githubusercontent.com/bakered/co2emmisions/main/src_shiny_app/static/africa_map.png
1422,Africa,1976.0,2262.4612796877295,1.0136978997829864,1419132.594,0.815417370381438,https://raw.githubusercontent.com/bakered/co2emmisions/main/src_shiny_app/static/africa_map.png
1423,Africa,1976.2000000000003,2267.174159738243,1.019066922753886,1421668.8426,0.8161443995570135,https://raw.githubusercontent.com/bakered/co2emmisions/main/src_shiny_app/static/africa_map.png
1424,Africa,1976.4,2271.6613605707053,1.0243789666295586,1424205.0912000001,0.8168714287325887,https://raw.githubusercontent.com/bakered/co2emmisions/main/src_shiny_app/static/africa_map.png
1425,Africa,1976.6000000000001,2275.9250123361667,1.0296330274006393,1426741.3398000002,0.817598457908164,https://raw.githubusercontent.com/bakered/co2emmisions/main/src_shiny_app/static/africa_map.png
1426,Africa,1976.8000000000002,2279.9670702575727,1.034827628676583,1429277.5884,0.8183254870837393,https://raw.githubusercontent.com/bakered/co2emmisions/main/src_shiny_app/static/africa_map.png
1427,Africa,1977.0,2283.7897535262414,1.0399609807836026,1431813.837,0.8190525162593146,https://raw.githubusercontent.com/bakered/co2emmisions/main/src_shiny_app/static/africa_map.png
1428,Africa,1977.0,2283.7897535262414,1.0399609807836026,1431813.837,0.8190525162593146,https://raw.githubusercontent.com/bakered/co2emmisions/main/src_shiny_app/static/africa_map.png
1429,Africa,1977.2000000000003,2287.396793748654,1.045031769852025,1437752.0638000001,0.8207422482490394,https://raw.githubusercontent.com/bakered/co2emmisions/main/src_shiny_app/static/africa_map.png
1430,Africa,1977.4,2290.793640814043,1.0500395212347553,1443690.2906,0.8224319802387641,https://raw.githubusercontent.com/bakered/co2emmisions/main/src_shiny_app/static/africa_map.png
1431,Africa,1977.6,2293.987185770103,1.0549845344723288,1449628.5173999998,0.8241217122284887,https://raw.githubusercontent.com/bakered/co2emmisions/main/src_shiny_app/static/africa_map.png
1432,Africa,1977.8,2296.9844930799045,1.0598673546956592,1455566.7442,0.8258114442182134,https://raw.githubusercontent.com/bakered/co2emmisions/main/src_shiny_app/static/africa_map.png
1433,Africa,1978.0,2299.7920549949986,1.0646882163575395,1461504.971,0.8275011762079382,https://raw.githubusercontent.com/bakered/co2emmisions/main/src_shiny_app/static/africa_map.png
1434,Africa,1978.0,2299.7920549949986,1.0646882163575395,1461504.971,0.8275011762079382,https://raw.githubusercontent.com/bakered/co2emmisions/main/src_shiny_app/static/africa_map.png
1435,Africa,1978.2,2302.4172746773233,1.0694471972476916,1468846.4002,0.8295666388249037,https://raw.githubusercontent.com/bakered/co2emmisions/main/src_shiny_app/static/africa_map.png
1436,Africa,1978.4,2304.868862470125,1.0741440909806028,1476187.8294,0.831632101441869,https://raw.githubusercontent.com/bakered/co2emmisions/main/src_shiny_app/static/africa_map.png
1437,Africa,1978.6,2307.1566173034366,1.0787777418530153,1483529.2586,0.8336975640588344,https://raw.githubusercontent.com/bakered/co2emmisions/main/src_shiny_app/static/africa_map.png
1438,Africa,1978.8,2309.2903033145985,1.0833447095658104,1490870.6878,0.8357630266757999,https://raw.githubusercontent.com/bakered/co2emmisions/main/src_shiny_app/static/africa_map.png
1439,Africa,1979.0,2311.278105743574,1.0878406974898698,1498212.117,0.8378284892927653,https://raw.githubusercontent.com/bakered/co2emmisions/main/src_shiny_app/static/africa_map.png
1440,Africa,1979.0,2311.278105743574,1.0878406974898698,1498212.117,0.8378284892927653,https://raw.githubusercontent.com/bakered/co2emmisions/main/src_shiny_app/static/africa_map.png
1441,Africa,1979.2,2313.128013863208,1.0922619311287858,1505551.4004000002,0.8398682077937901,https://raw.githubusercontent.com/bakered/co2emmisions/main/src_shiny_app/static/africa_map.png
1442,Africa,1979.3999999999999,2314.8481408464604,1.0966059551880956,1512890.6838,0.8419079262948148,https://raw.githubusercontent.com/bakered/co2emmisions/main/src_shiny_app/static/africa_map.png
1443,Africa,1979.6,2316.4465296029202,1.1008722504094888,1520229.9672,0.8439476447958395,https://raw.githubusercontent.com/bakered/co2emmisions/main/src_shiny_app/static/africa_map.png
1444,Africa,1979.8,2317.930084871265,1.1050622522948914,1527569.2506,0.8459873632968642,https://raw.githubusercontent.com/bakered/co2emmisions/main/src_shiny_app/static/africa_map.png
1445,Africa,1980.0,2319.3030843860715,1.1091785078625964,1534908.534,0.8480270817978889,https://raw.githubusercontent.com/bakered/co2emmisions/main/src_shiny_app/static/africa_map.png
1446,Africa,1980.0,2319.3030843860715,1.1091785078625964,1534908.534,0.8480270817978889,https://raw.githubusercontent.com/bakered/co2emmisions/main/src_shiny_app/static/africa_map.png
1447,Africa,1980.2,2320.568765647498,1.1132243708280996,1537588.2618,0.8487657394913158,https://raw.githubusercontent.com/bakered/co2emmisions/main/src_shiny_app/static/africa_map.png
1448,Africa,1980.4,2321.729897347276,1.1172035253709005,1540267.9896,0.8495043971847427,https://raw.githubusercontent.com/bakered/co2emmisions/main/src_shiny_app/static/africa_map.png
1449,Africa,1980.6,2322.7890514106425,1.1211195215693497,1542947.7174,0.8502430548781694,https://raw.githubusercontent.com/bakered/co2emmisions/main/src_shiny_app/static/africa_map.png
1450,Africa,1980.8000000000002,2323.7483256226374,1.124975216749487,1545627.4452,0.8509817125715964,https://raw.githubusercontent.com/bakered/co2emmisions/main/src_shiny_app/static/africa_map.png
1451,Africa,1981.0,2324.608361028984,1.1287728593326147,1548307.173,0.8517203702650232,https://raw.githubusercontent.com/bakered/co2emmisions/main/src_shiny_app/static/africa_map.png
1452,Africa,1981.0,2324.608361028984,1.1287728593326147,1548307.173,0.8517203702650232,https://raw.githubusercontent.com/bakered/co2emmisions/main/src_shiny_app/static/africa_map.png
1453,Africa,1981.2000000000003,2325.3695045014497,1.1325142709852944,1552833.6003999999,0.852960842486824,https://raw.githubusercontent.com/bakered/co2emmisions/main/src_shiny_app/static/africa_map.png
1454,Africa,1981.4,2326.0322746543934,1.1362007344998573,1557360.0278,0.8542013147086245,https://raw.githubusercontent.com/bakered/co2emmisions/main/src_shiny_app/static/africa_map.png
1455,Africa,1981.6000000000001,2326.597516423721,1.1398329184961429,1561886.4552,0.8554417869304253,https://raw.githubusercontent.com/bakered/co2emmisions/main/src_shiny_app/static/africa_map.png
1456,Africa,1981.8000000000002,2327.0660220547193,1.1434108138670613,1566412.8826000001,0.8566822591522258,https://raw.githubusercontent.com/bakered/co2emmisions/main/src_shiny_app/static/africa_map.png
1457,Africa,1982.0,2327.437297847481,1.1469335671038237,1570939.31,0.8579227313740265,https://raw.githubusercontent.com/bakered/co2emmisions/main/src_shiny_app/static/africa_map.png
1458,Africa,1982.0,2327.437297847481,1.1469335671038237,1570939.31,0.8579227313740265,https://raw.githubusercontent.com/bakered/co2emmisions/main/src_shiny_app/static/africa_map.png
1459,Africa,1982.2000000000003,2327.710724266914,1.1503994617861668,1575463.2258000001,0.8591536187964073,https://raw.githubusercontent.com/bakered/co2emmisions/main/src_shiny_app/static/africa_map.png
1460,Africa,1982.4,2327.886079512979,1.1538059177173292,1579987.1416000002,0.860384506218788,https://raw.githubusercontent.com/bakered/co2emmisions/main/src_shiny_app/static/africa_map.png
1461,Africa,1982.6,2327.96382088114,1.1571495496051243,1584511.0573999998,0.8616153936411686,https://raw.githubusercontent.com/bakered/co2emmisions/main/src_shiny_app/static/africa_map.png
1462,Africa,1982.8,2327.9448596406705,1.1604260813979728,1589034.9732000001,0.8628462810635493,https://raw.githubusercontent.com/bakered/co2emmisions/main/src_shiny_app/static/africa_map.png
1463,Africa,1983.0,2327.8291353187446,1.1636296356508053,1593558.889,0.8640771684859301,https://raw.githubusercontent.com/bakered/co2emmisions/main/src_shiny_app/static/africa_map.png
1464,Africa,1983.0,2327.8291353187446,1.1636296356508053,1593558.889,0.8640771684859301,https://raw.githubusercontent.com/bakered/co2emmisions/main/src_shiny_app/static/africa_map.png
1465,Africa,1983.2,2327.6168912897983,1.166751934306702,1604565.3136000002,0.8670358541916448,https://raw.githubusercontent.com/bakered/co2emmisions/main/src_shiny_app/static/africa_map.png
1466,Africa,1983.4,2327.3093628948777,1.169781598155705,1615571.7382,0.8699945398973593,https://raw.githubusercontent.com/bakered/co2emmisions/main/src_shiny_app/static/africa_map.png
1467,Africa,1983.6,2326.9090560252744,1.1727030387546924,1626578.1628,0.8729532256030739,https://raw.githubusercontent.com/bakered/co2emmisions/main/src_shiny_app/static/africa_map.png
1468,Africa,1983.8,2326.419679504294,1.1754945944279183,1637584.5874,0.8759119113087886,https://raw.githubusercontent.com/bakered/co2emmisions/main/src_shiny_app/static/africa_map.png
1469,Africa,1984.0,2325.844303155,1.17813236503597,1648591.012,0.8788705970145032,https://raw.githubusercontent.com/bakered/co2emmisions/main/src_shiny_app/static/africa_map.png
1470,Africa,1984.0,2325.844303155,1.17813236503597,1648591.012,0.8788705970145032,https://raw.githubusercontent.com/bakered/co2emmisions/main/src_shiny_app/static/africa_map.png
1471,Africa,1984.2,2325.1866107753267,1.1805922593816813,1651863.4346000003,0.8797407143085954,https://raw.githubusercontent.com/bakered/co2emmisions/main/src_shiny_app/static/africa_map.png
1472,Africa,1984.3999999999999,2324.4516945647347,1.1828513619169758,1655135.8572,0.8806108316026874,https://raw.githubusercontent.com/bakered/co2emmisions/main/src_shiny_app/static/africa_map.png
1473,Africa,1984.6,2323.646540635443,1.1848890127234064,1658408.2798000001,0.8814809488967795,https://raw.githubusercontent.com/bakered/co2emmisions/main/src_shiny_app/static/africa_map.png
1474,Africa,1984.8,2322.7805840231003,1.1866869889533047,1661680.7023999998,0.8823510661908716,https://raw.githubusercontent.com/bakered/co2emmisions/main/src_shiny_app/static/africa_map.png
1475,Africa,1985.0,2321.864223839289,1.1882337192292678,1664953.125,0.8832211834849637,https://raw.githubusercontent.com/bakered/co2emmisions/main/src_shiny_app/static/africa_map.png
1476,Africa,1985.0,2321.864223839289,1.1882337192292678,1664953.125,0.8832211834849637,https://raw.githubusercontent.com/bakered/co2emmisions/main/src_shiny_app/static/africa_map.png
1477,Africa,1985.2,2320.909500087522,1.1895263812025927,1669743.9756,0.8844873661783915,https://raw.githubusercontent.com/bakered/co2emmisions/main/src_shiny_app/static/africa_map.png
1478,Africa,1985.4,2319.9304230745765,1.1905714841610353,1674534.8262,0.8857535488718192,https://raw.githubusercontent.com/bakered/co2emmisions/main/src_shiny_app/static/africa_map.png
1479,Africa,1985.6,2318.943488007397,1.1913843572686011,1679325.6768,0.887019731565247,https://raw.githubusercontent.com/bakered/co2emmisions/main/src_shiny_app/static/africa_map.png
1480,Africa,1985.8000000000002,2317.9685650242695,1.1919874600608449,1684116.5274,0.8882859142586748,https://raw.githubusercontent.com/bakered/co2emmisions/main/src_shiny_app/static/africa_map.png
1481,Africa,1986.0,2317.0250899210014,1.1924108682455645,1688907.378,0.8895520969521026,https://raw.githubusercontent.com/bakered/co2emmisions/main/src_shiny_app/static/africa_map.png
1482,Africa,1986.0,2317.0250899210014,1.1924108682455645,1688907.378,0.8895520969521026,https://raw.githubusercontent.com/bakered/co2emmisions/main/src_shiny_app/static/africa_map.png
1483,Africa,1986.2000000000003,2316.1323355843474,1.1926900566717926,1688929.2818,0.8895578652540269,https://raw.githubusercontent.com/bakered/co2emmisions/main/src_shiny_app/static/africa_map.png
1484,Africa,1986.4,2315.309737769587,1.192862444818072,1688951.1856,0.8895636335559511,https://raw.githubusercontent.com/bakered/co2emmisions/main/src_shiny_app/static/africa_map.png
1485,Africa,1986.6000000000001,2314.5775941940287,1.1929641097847694,1688973.0894,0.8895694018578755,https://raw.githubusercontent.com/bakered/co2emmisions/main/src_shiny_app/static/africa_map.png
1486,Africa,1986.8000000000002,2313.95885700331,1.1930272586029345,1688994.9932,0.8895751701597998,https://raw.githubusercontent.com/bakered/co2emmisions/main/src_shiny_app/static/africa_map.png
1487,Africa,1987.0,2313.4755550578843,1.1930793635150387,1689016.8969999999,0.889580938461724,https://raw.githubusercontent.com/bakered/co2emmisions/main/src_shiny_app/static/africa_map.png
1488,Africa,1987.0,2313.4755550578843,1.1930793635150387,1689016.8969999999,0.889580938461724,https://raw.githubusercontent.com/bakered/co2emmisions/main/src_shiny_app/static/africa_map.png
1489,Africa,1987.2000000000003,2313.1482106954936,1.1931419899889617,1696007.9578,0.8914125560143062,https://raw.githubusercontent.com/bakered/co2emmisions/main/src_shiny_app/static/africa_map.png
1490,Africa,1987.4,2312.9958938229834,1.1932302830811516,1702999.0186,0.8932441735668883,https://raw.githubusercontent.com/bakered/co2emmisions/main/src_shiny_app/static/africa_map.png
1491,Africa,1987.6,2313.0369599178584,1.1933534642410415,1709990.0793999997,0.8950757911194704,https://raw.githubusercontent.com/bakered/co2emmisions/main/src_shiny_app/static/africa_map.png
1492,Africa,1987.8,2313.291226329324,1.1935159420472201,1716981.1402,0.8969074086720525,https://raw.githubusercontent.com/bakered/co2emmisions/main/src_shiny_app/static/africa_map.png
1493,Africa,1988.0,2313.7760070557233,1.1937174826245276,1723972.201,0.8987390262246346,https://raw.githubusercontent.com/bakered/co2emmisions/main/src_shiny_app/static/africa_map.png
1494,Africa,1988.0,2313.7760070557233,1.1937174826245276,1723972.201,0.8987390262246346,https://raw.githubusercontent.com/bakered/co2emmisions/main/src_shiny_app/static/africa_map.png
1495,Africa,1988.2,2314.505115219352,1.1939540674315898,1718641.9778,0.8973442420525033,https://raw.githubusercontent.com/bakered/co2emmisions/main/src_shiny_app/static/africa_map.png
1496,Africa,1988.4,2315.4889229554237,1.194218853019328,1713311.7545999999,0.8959494578803717,https://raw.githubusercontent.com/bakered/co2emmisions/main/src_shiny_app/static/africa_map.png
1497,Africa,1988.6,2316.735379715495,1.1945031672537336,1707981.5314,0.8945546737082403,https://raw.githubusercontent.com/bakered/co2emmisions/main/src_shiny_app/static/africa_map.png
1498,Africa,1988.8,2318.252428450299,1.1947970377456891,1702651.3081999999,0.8931598895361088,https://raw.githubusercontent.com/bakered/co2emmisions/main/src_shiny_app/static/africa_map.png
1499,Africa,1989.0,2320.044908399145,1.1950894111311787,1697321.085,0.8917651053639774,https://raw.githubusercontent.com/bakered/co2emmisions/main/src_shiny_app/static/africa_map.png
1500,Africa,1989.0,2320.044908399145,1.1950894111311787,1697321.085,0.8917651053639774,https://raw.githubusercontent.com/bakered/co2emmisions/main/src_shiny_app/static/africa_map.png
1501,Africa,1989.2,2322.114167425365,1.1953694584717007,1689283.8224,0.8896410864352026,https://raw.githubusercontent.com/bakered/co2emmisions/main/src_shiny_app/static/africa_map.png
1502,Africa,1989.3999999999999,2324.458693193975,1.1956274114216625,1681246.5598,0.8875170675064277,https://raw.githubusercontent.com/bakered/co2emmisions/main/src_shiny_app/static/africa_map.png
1503,Africa,1989.6,2327.07564017564,1.1958548379763478,1673209.2972,0.8853930485776528,https://raw.githubusercontent.com/bakered/co2emmisions/main/src_shiny_app/static/africa_map.png
1504,Africa,1989.8,2329.9637270538205,1.1960444301179352,1665172.0346,0.8832690296488779,https://raw.githubusercontent.com/bakered/co2emmisions/main/src_shiny_app/static/africa_map.png
1505,Africa,1990.0,2333.12097709816,1.1961884720961198,1657134.7719999999,0.8811450107201031,https://raw.githubusercontent.com/bakered/co2emmisions/main/src_shiny_app/static/africa_map.png
1506,Africa,1990.0,2333.12097709816,1.1961884720961198,1657134.7719999999,0.8811450107201031,https://raw.githubusercontent.com/bakered/co2emmisions/main/src_shiny_app/static/africa_map.png
1507,Africa,1990.2,2336.5440568025942,1.196279315986263,1663021.0488,0.8827030724039688,https://raw.githubusercontent.com/bakered/co2emmisions/main/src_shiny_app/static/africa_map.png
1508,Africa,1990.4,2340.2287772655354,1.1963097447903528,1668907.3256,0.8842611340878344,https://raw.githubusercontent.com/bakered/co2emmisions/main/src_shiny_app/static/africa_map.png
1509,Africa,1990.6,2344.171409737574,1.1962731486812448,1674793.6023999997,0.8858191957717001,https://raw.githubusercontent.com/bakered/co2emmisions/main/src_shiny_app/static/africa_map.png
1510,Africa,1990.8000000000002,2348.3715333153923,1.1961635074358867,1680679.8792,0.8873772574555658,https://raw.githubusercontent.com/bakered/co2emmisions/main/src_shiny_app/static/africa_map.png
1511,Africa,1991.0,2352.8295988540526,1.1959755802650616,1686566.156,0.8889353191394315,https://raw.githubusercontent.com/bakered/co2emmisions/main/src_shiny_app/static/africa_map.png
1512,Africa,1991.0,2352.8295988540526,1.1959755802650616,1686566.156,0.8889353191394315,https://raw.githubusercontent.com/bakered/co2emmisions/main/src_shiny_app/static/africa_map.png
1513,Africa,1991.2000000000003,2357.5454818693465,1.1957058443593171,1682379.9674000002,0.887828671578626,https://raw.githubusercontent.com/bakered/co2emmisions/main/src_shiny_app/static/africa_map.png
1514,Africa,1991.4,2362.518504689229,1.1953530086807638,1678193.7788,0.8867220240178204,https://raw.githubusercontent.com/bakered/co2emmisions/main/src_shiny_app/static/africa_map.png
1515,Africa,1991.6000000000001,2367.7484939817436,1.1949181225435574,1674007.5902,0.8856153764570147,https://raw.githubusercontent.com/bakered/co2emmisions/main/src_shiny_app/static/africa_map.png
1516,Africa,1991.8000000000002,2373.2386157035676,1.194404106125596,1669821.4016,0.8845087288962092,https://raw.githubusercontent.com/bakered/co2emmisions/main/src_shiny_app/static/africa_map.png
1517,Africa,1992.0,2378.992935589263,1.1938143577143228,1665635.213,0.8834020813354037,https://raw.githubusercontent.com/bakered/co2emmisions/main/src_shiny_app/static/africa_map.png
1518,Africa,1992.0,2378.992935589263,1.1938143577143228,1665635.213,0.8834020813354037,https://raw.githubusercontent.com/bakered/co2emmisions/main/src_shiny_app/static/africa_map.png
1519,Africa,1992.2000000000003,2385.0147085053322,1.1931534991985477,1673620.7198,0.8855071751008254,https://raw.githubusercontent.com/bakered/co2emmisions/main/src_shiny_app/static/africa_map.png
1520,Africa,1992.4,2391.3063576090794,1.1924277402728982,1681606.2266,0.887612268866247,https://raw.githubusercontent.com/bakered/co2emmisions/main/src_shiny_app/static/africa_map.png
1521,Africa,1992.6,2397.8705237910253,1.1916449143354442,1689591.7334,0.8897173626316688,https://raw.githubusercontent.com/bakered/co2emmisions/main/src_shiny_app/static/africa_map.png
1522,Africa,1992.8,2404.7132001516984,1.1908140770165436,1697577.2402,0.8918224563970905,https://raw.githubusercontent.com/bakered/co2emmisions/main/src_shiny_app/static/africa_map.png
1523,Africa,1993.0,2411.8418047725368,1.1899442196017613,1705562.747,0.8939275501625121,https://raw.githubusercontent.com/bakered/co2emmisions/main/src_shiny_app/static/africa_map.png
1524,Africa,1993.0,2411.8418047725368,1.1899442196017613,1705562.747,0.8939275501625121,https://raw.githubusercontent.com/bakered/co2emmisions/main/src_shiny_app/static/africa_map.png
1525,Africa,1993.2,2419.263174477805,1.1890448525737263,1722163.0192,0.8982261793989792,https://raw.githubusercontent.com/bakered/co2emmisions/main/src_shiny_app/static/africa_map.png
1526,Africa,1993.4,2426.9833985487803,1.1881260695337643,1738763.2914,0.9025248086354464,https://raw.githubusercontent.com/bakered/co2emmisions/main/src_shiny_app/static/africa_map.png
1527,Africa,1993.6,2435.0089217795544,1.187198333862398,1755363.5636,0.9068234378719134,https://raw.githubusercontent.com/bakered/co2emmisions/main/src_shiny_app/static/africa_map.png
1528,Africa,1993.8,2443.3499181364023,1.186271988059844,1771963.8358,0.9111220671083806,https://raw.githubusercontent.com/bakered/co2emmisions/main/src_shiny_app/static/africa_map.png
1529,Africa,1994.0,2452.017659813785,1.1853556875492623,1788564.108,0.9154206963448477,https://raw.githubusercontent.com/bakered/co2emmisions/main/src_shiny_app/static/africa_map.png
1530,Africa,1994.0,2452.017659813785,1.1853556875492623,1788564.108,0.9154206963448477,https://raw.githubusercontent.com/bakered/co2emmisions/main/src_shiny_app/static/africa_map.png
1531,Africa,1994.2,2461.0221919317796,1.1844569575663075,1799415.0508,0.9181768094909698,https://raw.githubusercontent.com/bakered/co2emmisions/main/src_shiny_app/static/africa_map.png
1532,Africa,1994.3999999999999,2470.372085035422,1.183582599690332,1810265.9936000002,0.9209329226370918,https://raw.githubusercontent.com/bakered/co2emmisions/main/src_shiny_app/static/africa_map.png
1533,Africa,1994.6,2480.0757001171432,1.1827386963902318,1821116.9364,0.9236890357832139,https://raw.githubusercontent.com/bakered/co2emmisions/main/src_shiny_app/static/africa_map.png
1534,Africa,1994.8,2490.145103826526,1.1819308106389574,1831967.8792,0.9264451489293359,https://raw.githubusercontent.com/bakered/co2emmisions/main/src_shiny_app/static/africa_map.png
1535,Africa,1995.0,2500.5930076751115,1.1811644086506368,1842818.8220000002,0.9292012620754581,https://raw.githubusercontent.com/bakered/co2emmisions/main/src_shiny_app/static/africa_map.png
1536,Africa,1995.0,2500.5930076751115,1.1811644086506368,1842818.8220000002,0.9292012620754581,https://raw.githubusercontent.com/bakered/co2emmisions/main/src_shiny_app/static/africa_map.png
1537,Africa,1995.2,2511.43002457721,1.1804443676949108,1848351.259,0.9305908721516188,https://raw.githubusercontent.com/bakered/co2emmisions/main/src_shiny_app/static/africa_map.png
1538,Africa,1995.4,2522.664397240733,1.1797745796338674,1853883.696,0.9319804822277796,https://raw.githubusercontent.com/bakered/co2emmisions/main/src_shiny_app/static/africa_map.png
1539,Africa,1995.6,2534.303506063917,1.1791577935086,1859416.133,0.9333700923039404,https://raw.githubusercontent.com/bakered/co2emmisions/main/src_shiny_app/static/africa_map.png
1540,Africa,1995.8000000000002,2546.3584467001106,1.1785956532258217,1864948.57,0.9347597023801012,https://raw.githubusercontent.com/bakered/co2emmisions/main/src_shiny_app/static/africa_map.png
1541,Africa,1996.0,2558.8414008553486,1.1780891719678541,1870481.007,0.936149312456262,https://raw.githubusercontent.com/bakered/co2emmisions/main/src_shiny_app/static/africa_map.png
1542,Africa,1996.0,2558.8414008553486,1.1780891719678541,1870481.007,0.936149312456262,https://raw.githubusercontent.com/bakered/co2emmisions/main/src_shiny_app/static/africa_map.png
1543,Africa,1996.2000000000003,2571.7622944345817,1.17763816250442,1874822.6966000001,0.9372326554019936,https://raw.githubusercontent.com/bakered/co2emmisions/main/src_shiny_app/static/africa_map.png
1544,Africa,1996.4,2585.128230680346,1.177240924084696,1879164.3862,0.9383159983477252,https://raw.githubusercontent.com/bakered/co2emmisions/main/src_shiny_app/static/africa_map.png
1545,Africa,1996.6000000000001,2598.9448422496857,1.1768943323742986,1883506.0758,0.9393993412934567,https://raw.githubusercontent.com/bakered/co2emmisions/main/src_shiny_app/static/africa_map.png
1546,Africa,1996.8000000000002,2613.2206207999634,1.1765942385557817,1887847.7654000001,0.9404826842391883,https://raw.githubusercontent.com/bakered/co2emmisions/main/src_shiny_app/static/africa_map.png
1547,Africa,1997.0,2627.965322261435,1.176336439627136,1892189.455,0.9415660271849199,https://raw.githubusercontent.com/bakered/co2emmisions/main/src_shiny_app/static/africa_map.png
1548,Africa,1997.0,2627.965322261435,1.176336439627136,1892189.455,0.9415660271849199,https://raw.githubusercontent.com/bakered/co2emmisions/main/src_shiny_app/static/africa_map.png
1549,Africa,1997.2000000000003,2643.1863021804265,1.1761163623502244,1895952.0118000002,0.9424998484482355,https://raw.githubusercontent.com/bakered/co2emmisions/main/src_shiny_app/static/africa_map.png
1550,Africa,1997.4,2658.88762790356,1.1759290306647967,1899714.5685999999,0.9434336697115511,https://raw.githubusercontent.com/bakered/co2emmisions/main/src_shiny_app/static/africa_map.png
1551,Africa,1997.6,2675.0705442072854,1.1757693850365756,1903477.1254,0.9443674909748667,https://raw.githubusercontent.com/bakered/co2emmisions/main/src_shiny_app/static/africa_map.png
1552,Africa,1997.8,2691.7362481732366,1.175632695188513,1907239.6822000002,0.9453013122381823,https://raw.githubusercontent.com/bakered/co2emmisions/main/src_shiny_app/static/africa_map.png
1553,Africa,1998.0,2708.8876187441406,1.175514930254214,1911002.239,0.9462351335014979,https://raw.githubusercontent.com/bakered/co2emmisions/main/src_shiny_app/static/africa_map.png
1554,Africa,1998.0,2708.8876187441406,1.175514930254214,1911002.239,0.9462351335014979,https://raw.githubusercontent.com/bakered/co2emmisions/main/src_shiny_app/static/africa_map.png
1555,Africa,1998.2,2726.5260543082477,1.1754126057379983,1908473.0676000002,0.9456079329899242,https://raw.githubusercontent.com/bakered/co2emmisions/main/src_shiny_app/static/africa_map.png
1556,Africa,1998.4,2744.650300791372,1.1753227469290826,1905943.8961999998,0.9449807324783506,https://raw.githubusercontent.com/bakered/co2emmisions/main/src_shiny_app/static/africa_map.png
1557,Africa,1998.6,2763.256360959966,1.1752430058821255,1903414.7248,0.9443535319667767,https://raw.githubusercontent.com/bakered/co2emmisions/main/src_shiny_app/static/africa_map.png
1558,Africa,1998.8,2782.339603071241,1.1751718792229677,1900885.5534,0.9437263314552031,https://raw.githubusercontent.com/bakered/co2emmisions/main/src_shiny_app/static/africa_map.png
1559,Africa,1999.0,2801.8983076108293,1.1751091165207679,1898356.382,0.9430991309436294,https://raw.githubusercontent.com/bakered/co2emmisions/main/src_shiny_app/static/africa_map.png
1560,Africa,1999.0,2801.8983076108293,1.1751091165207679,1898356.382,0.9430991309436294,https://raw.githubusercontent.com/bakered/co2emmisions/main/src_shiny_app/static/africa_map.png
1561,Africa,1999.2,2821.928952559647,1.1750550919273535,1904548.0024,0.9446309026874864,https://raw.githubusercontent.com/bakered/co2emmisions/main/src_shiny_app/static/africa_map.png
1562,Africa,1999.3999999999999,2842.4241659494896,1.1750104391381104,1910739.6228,0.9461626744313432,https://raw.githubusercontent.com/bakered/co2emmisions/main/src_shiny_app/static/africa_map.png
1563,Africa,1999.6,2863.372074240056,1.174975798908113,1916931.2432,0.9476944461752002,https://raw.githubusercontent.com/bakered/co2emmisions/main/src_shiny_app/static/africa_map.png
1564,Africa,1999.8,2884.757929003699,1.1749516033695473,1923122.8636,0.949226217919057,https://raw.githubusercontent.com/bakered/co2emmisions/main/src_shiny_app/static/africa_map.png
1565,Africa,2000.0,2906.5713306043713,1.174937387521979,1929314.4840000002,0.9507579896629139,https://raw.githubusercontent.com/bakered/co2emmisions/main/src_shiny_app/static/africa_map.png
1566,Africa,2000.0,2906.5713306043713,1.174937387521979,1929314.4840000002,0.9507579896629139,https://raw.githubusercontent.com/bakered/co2emmisions/main/src_shiny_app/static/africa_map.png
1567,Africa,2000.2,2928.802124243851,1.1749319268358096,1927240.3040000002,0.9502462274498118,https://raw.githubusercontent.com/bakered/co2emmisions/main/src_shiny_app/static/africa_map.png
1568,Africa,2000.4,2951.4383972249675,1.1749333998350708,1925166.124,0.9497344652367095,https://raw.githubusercontent.com/bakered/co2emmisions/main/src_shiny_app/static/africa_map.png
1569,Africa,2000.6,2974.465903987649,1.1749397005940945,1923091.9440000001,0.9492227030236072,https://raw.githubusercontent.com/bakered/co2emmisions/main/src_shiny_app/static/africa_map.png
1570,Africa,2000.8000000000002,2997.8693999489374,1.174948936770243,1921017.7640000002,0.948710940810505,https://raw.githubusercontent.com/bakered/co2emmisions/main/src_shiny_app/static/africa_map.png
1571,Africa,2001.0,3021.6376596783725,1.1749593915971555,1918943.584,0.9481991785974028,https://raw.githubusercontent.com/bakered/co2emmisions/main/src_shiny_app/static/africa_map.png
1572,Africa,2001.0,3021.6376596783725,1.1749593915971555,1918943.584,0.9481991785974028,https://raw.githubusercontent.com/bakered/co2emmisions/main/src_shiny_app/static/africa_map.png
1573,Africa,2001.2000000000003,3045.7596058219924,1.1749695142193557,1914808.2422000002,0.9471747223268389,https://raw.githubusercontent.com/bakered/co2emmisions/main/src_shiny_app/static/africa_map.png
1574,Africa,2001.4,3070.222895364368,1.1749779630656931,1910672.9004,0.9461502660562748,https://raw.githubusercontent.com/bakered/co2emmisions/main/src_shiny_app/static/africa_map.png
1575,Africa,2001.6000000000001,3095.0138779142007,1.1749835164504585,1906537.5586,0.9451258097857108,https://raw.githubusercontent.com/bakered/co2emmisions/main/src_shiny_app/static/africa_map.png
1576,Africa,2001.8000000000002,3120.1193555528725,1.1749849889492787,1902402.2168,0.9441013535151469,https://raw.githubusercontent.com/bakered/co2emmisions/main/src_shiny_app/static/africa_map.png
1577,Africa,2002.0,3145.5315811422493,1.174981029624166,1898266.875,0.9430768972445829,https://raw.githubusercontent.com/bakered/co2emmisions/main/src_shiny_app/static/africa_map.png
1578,Africa,2002.0,3145.5315811422493,1.174981029624166,1898266.875,0.9430768972445829,https://raw.githubusercontent.com/bakered/co2emmisions/main/src_shiny_app/static/africa_map.png
1579,Africa,2002.2000000000003,3171.245128957006,1.1749703126423299,1916126.3976,0.9474623053887871,https://raw.githubusercontent.com/bakered/co2emmisions/main/src_shiny_app/static/africa_map.png
1580,Africa,2002.4,3197.2557235976,1.1749517165478447,1933985.9202,0.951847713532991,https://raw.githubusercontent.com/bakered/co2emmisions/main/src_shiny_app/static/africa_map.png
1581,Africa,2002.6,3223.5599549111116,1.1749243622974632,1951845.4427999998,0.9562331216771951,https://raw.githubusercontent.com/bakered/co2emmisions/main/src_shiny_app/static/africa_map.png
1582,Africa,2002.8,3250.155918280981,1.1748876046193009,1969704.9654,0.9606185298213992,https://raw.githubusercontent.com/bakered/co2emmisions/main/src_shiny_app/static/africa_map.png
1583,Africa,2003.0,3277.045209959877,1.1748413889417555,1987564.488,0.9650039379656032,https://raw.githubusercontent.com/bakered/co2emmisions/main/src_shiny_app/static/africa_map.png
1584,Africa,2003.0,3277.045209959877,1.1748413889417555,1987564.488,0.9650039379656032,https://raw.githubusercontent.com/bakered/co2emmisions/main/src_shiny_app/static/africa_map.png
1585,Africa,2003.2,3304.230373737207,1.1747865125741443,1998771.6404000001,0.9677056805521629,https://raw.githubusercontent.com/bakered/co2emmisions/main/src_shiny_app/static/africa_map.png
1586,Africa,2003.4,3331.7138584874688,1.1747247997198915,2009978.7928,0.9704074231387223,https://raw.githubusercontent.com/bakered/co2emmisions/main/src_shiny_app/static/africa_map.png
1587,Africa,2003.6,3359.497343801109,1.1746591673535707,2021185.9452,0.9731091657252819,https://raw.githubusercontent.com/bakered/co2emmisions/main/src_shiny_app/static/africa_map.png
1588,Africa,2003.8,3387.5813566562388,1.1745936172528157,2032393.0976,0.9758109083118414,https://raw.githubusercontent.com/bakered/co2emmisions/main/src_shiny_app/static/africa_map.png
1589,Africa,2004.0,3415.965750336881,1.1745329302191236,2043600.25,0.978512650898401,https://raw.githubusercontent.com/bakered/co2emmisions/main/src_shiny_app/static/africa_map.png
1590,Africa,2004.0,3415.965750336881,1.1745329302191236,2043600.25,0.978512650898401,https://raw.githubusercontent.com/bakered/co2emmisions/main/src_shiny_app/static/africa_map.png
1591,Africa,2004.2,3444.6477799810355,1.1744822044592358,2046346.0980000002,0.9791689312622704,https://raw.githubusercontent.com/bakered/co2emmisions/main/src_shiny_app/static/africa_map.png
1592,Africa,2004.3999999999999,3473.6210155764757,1.1744462636983841,2049091.946,0.9798252116261399,https://raw.githubusercontent.com/bakered/co2emmisions/main/src_shiny_app/static/africa_map.png
1593,Africa,2004.6,3502.8737724111375,1.1744290742976775,2051837.794,0.9804814919900093,https://raw.githubusercontent.com/bakered/co2emmisions/main/src_shiny_app/static/africa_map.png
1594,Africa,2004.8,3532.38638627019,1.1744331494395708,2054583.642,0.9811377723538788,https://raw.githubusercontent.com/bakered/co2emmisions/main/src_shiny_app/static/africa_map.png
1595,Africa,2005.0,3562.130202341759,1.1744599470361987,2057329.49,0.9817940527177482,https://raw.githubusercontent.com/bakered/co2emmisions/main/src_shiny_app/static/africa_map.png
1596,Africa,2005.0,3562.130202341759,1.1744599470361987,2057329.49,0.9817940527177482,https://raw.githubusercontent.com/bakered/co2emmisions/main/src_shiny_app/static/africa_map.png
1597,Africa,2005.2,3592.0644427245115,1.1745101178796107,2063699.8310000002,0.9833082343122863,https://raw.githubusercontent.com/bakered/co2emmisions/main/src_shiny_app/static/africa_map.png
1598,Africa,2005.4,3622.1332472947297,1.1745835601954304,2070070.172,0.9848224159068243,https://raw.githubusercontent.com/bakered/co2emmisions/main/src_shiny_app/static/africa_map.png
1599,Africa,2005.6,3652.2596606645648,1.1746793690520203,2076440.513,0.9863365975013623,https://raw.githubusercontent.com/bakered/co2emmisions/main/src_shiny_app/static/africa_map.png
1600,Africa,2005.8000000000002,3682.334130465072,1.1747957729966823,2082810.8540000003,0.9878507790959004,https://raw.githubusercontent.com/bakered/co2emmisions/main/src_shiny_app/static/africa_map.png
1601,Africa,2006.0,3712.225107584446,1.1749310326176496,2089181.195,0.9893649606904383,https://raw.githubusercontent.com/bakered/co2emmisions/main/src_shiny_app/static/africa_map.png
1602,Africa,2006.0,3712.225107584446,1.1749310326176496,2089181.195,0.9893649606904383,https://raw.githubusercontent.com/bakered/co2emmisions/main/src_shiny_app/static/africa_map.png
1603,Africa,2006.2000000000003,3741.787767870889,1.1750831398508217,2094289.4162000003,0.9905708260057287,https://raw.githubusercontent.com/bakered/co2emmisions/main/src_shiny_app/static/africa_map.png
1604,Africa,2006.4,3770.872740539968,1.1752495579356559,2099397.6374,0.9917766913210188,https://raw.githubusercontent.com/bakered/co2emmisions/main/src_shiny_app/static/africa_map.png
1605,Africa,2006.6000000000001,3799.330709298951,1.1754270079546365,2104505.8586,0.992982556636309,https://raw.githubusercontent.com/bakered/co2emmisions/main/src_shiny_app/static/africa_map.png
1606,Africa,2006.8000000000002,3827.007669640169,1.1756112331718138,2109614.0798,0.9941884219515992,https://raw.githubusercontent.com/bakered/co2emmisions/main/src_shiny_app/static/africa_map.png
1607,Africa,2007.0,3853.777011214443,1.1757979216401808,2114722.301,0.9953942872668894,https://raw.githubusercontent.com/bakered/co2emmisions/main/src_shiny_app/static/africa_map.png
1608,Africa,2007.0,3853.777011214443,1.1757979216401808,2114722.301,0.9953942872668894,https://raw.githubusercontent.com/bakered/co2emmisions/main/src_shiny_app/static/africa_map.png
1609,Africa,2007.2000000000003,3879.5580922723775,1.175982371960372,2126287.1906000003,0.9980977131749551,https://raw.githubusercontent.com/bakered/co2emmisions/main/src_shiny_app/static/africa_map.png
1610,Africa,2007.4,3904.3224481383795,1.1761592693436802,2137852.0801999997,1.0008011390830207,https://raw.githubusercontent.com/bakered/co2emmisions/main/src_shiny_app/static/africa_map.png
1611,Africa,2007.6,3928.0858961214753,1.1763224649276964,2149416.9698,1.0035045649910863,https://raw.githubusercontent.com/bakered/co2emmisions/main/src_shiny_app/static/africa_map.png
1612,Africa,2007.8,3950.8857868075347,1.1764646958628258,2160981.8594,1.006207990899152,https://raw.githubusercontent.com/bakered/co2emmisions/main/src_shiny_app/static/africa_map.png
1613,Africa,2008.0,3972.8002993917594,1.1765789531637751,2172546.749,1.0089114168072177,https://raw.githubusercontent.com/bakered/co2emmisions/main/src_shiny_app/static/africa_map.png
1614,Africa,2008.0,3972.8002993917594,1.1765789531637751,2172546.749,1.0089114168072177,https://raw.githubusercontent.com/bakered/co2emmisions/main/src_shiny_app/static/africa_map.png
1615,Africa,2008.2,3993.9421990066044,1.1766585706425936,2171227.0149999997,1.0086047473937867,https://raw.githubusercontent.com/bakered/co2emmisions/main/src_shiny_app/static/africa_map.png
1616,Africa,2008.4,4014.44169503595,1.1766973005273373,2169907.281,1.0082980779803556,https://raw.githubusercontent.com/bakered/co2emmisions/main/src_shiny_app/static/africa_map.png
1617,Africa,2008.6,4034.424770662203,1.1766895906298143,2168587.547,1.0079914085669244,https://raw.githubusercontent.com/bakered/co2emmisions/main/src_shiny_app/static/africa_map.png
1618,Africa,2008.8,4053.988927535818,1.1766307739770312,2167267.813,1.0076847391534933,https://raw.githubusercontent.com/bakered/co2emmisions/main/src_shiny_app/static/africa_map.png
1619,Africa,2009.0,4073.22407690891,1.176517317494874,2165948.079,1.0073780697400623,https://raw.githubusercontent.com/bakered/co2emmisions/main/src_shiny_app/static/africa_map.png
1620,Africa,2009.0,4073.22407690891,1.176517317494874,2165948.079,1.0073780697400623,https://raw.githubusercontent.com/bakered/co2emmisions/main/src_shiny_app/static/africa_map.png
1621,Africa,2009.2,4092.2132586831235,1.1763463548884492,2175620.1312,1.0096148790174504,https://raw.githubusercontent.com/bakered/co2emmisions/main/src_shiny_app/static/africa_map.png
1622,Africa,2009.3999999999999,4111.030980046953,1.1761154289560904,2185292.1834,1.0118516882948383,https://raw.githubusercontent.com/bakered/co2emmisions/main/src_shiny_app/static/africa_map.png
1623,Africa,2009.6,4129.743839372678,1.1758222099330362,2194964.2356000002,1.0140884975722262,https://raw.githubusercontent.com/bakered/co2emmisions/main/src_shiny_app/static/africa_map.png
1624,Africa,2009.8,4148.407282373807,1.175463907471627,2204636.2878,1.0163253068496143,https://raw.githubusercontent.com/bakered/co2emmisions/main/src_shiny_app/static/africa_map.png
1625,Africa,2010.0,4167.064031886523,1.175037649421216,2214308.34,1.0185621161270022,https://raw.githubusercontent.com/bakered/co2emmisions/main/src_shiny_app/static/africa_map.png
1626,Africa,2010.0,4167.064031886523,1.175037649421216,2214308.34,1.0185621161270022,https://raw.githubusercontent.com/bakered/co2emmisions/main/src_shiny_app/static/africa_map.png
1627,Africa,2010.2,4185.740761654912,1.1745408899339147,2222442.9790000003,1.02042453340677,https://raw.githubusercontent.com/bakered/co2emmisions/main/src_shiny_app/static/africa_map.png
1628,Africa,2010.4,4204.448029394603,1.1739716009307435,2230577.618,1.0222869506865382,https://raw.githubusercontent.com/bakered/co2emmisions/main/src_shiny_app/static/africa_map.png
1629,Africa,2010.6,4223.180185762557,1.1733283075613368,2238712.257,1.0241493679663058,https://raw.githubusercontent.com/bakered/co2emmisions/main/src_shiny_app/static/africa_map.png
1630,Africa,2010.8000000000002,4241.9137453832445,1.172609762573617,2246846.896,1.026011785246074,https://raw.githubusercontent.com/bakered/co2emmisions/main/src_shiny_app/static/africa_map.png
1631,Africa,2011.0,4260.622568394118,1.1718153173386225,2254981.535,1.0278742025258418,https://raw.githubusercontent.com/bakered/co2emmisions/main/src_shiny_app/static/africa_map.png
1632,Africa,2011.0,4260.622568394118,1.1718153173386225,2254981.535,1.0278742025258418,https://raw.githubusercontent.com/bakered/co2emmisions/main/src_shiny_app/static/africa_map.png
1633,Africa,2011.2000000000003,4279.283092273522,1.1709450996941502,2257263.3706,1.0283936038332742,https://raw.githubusercontent.com/bakered/co2emmisions/main/src_shiny_app/static/africa_map.png
1634,Africa,2011.4,4297.875471631099,1.1699998569191108,2259545.2062,1.0289130051407063,https://raw.githubusercontent.com/bakered/co2emmisions/main/src_shiny_app/static/africa_map.png
1635,Africa,2011.6000000000001,4316.3827038513255,1.1689806236711415,2261827.0418,1.0294324064481386,https://raw.githubusercontent.com/bakered/co2emmisions/main/src_shiny_app/static/africa_map.png
1636,Africa,2011.8000000000002,4334.786762104203,1.1678879436704899,2264108.8774,1.0299518077555707,https://raw.githubusercontent.com/bakered/co2emmisions/main/src_shiny_app/static/africa_map.png
1637,Africa,2012.0,4353.073135310956,1.166721900608091,2266390.713,1.030471209063003,https://raw.githubusercontent.com/bakered/co2emmisions/main/src_shiny_app/static/africa_map.png
1638,Africa,2012.0,4353.073135310956,1.166721900608091,2266390.713,1.030471209063003,https://raw.githubusercontent.com/bakered/co2emmisions/main/src_shiny_app/static/africa_map.png
1639,Africa,2012.2000000000003,4371.233890015486,1.165482566636881,2269090.0588,1.0310839606907203,https://raw.githubusercontent.com/bakered/co2emmisions/main/src_shiny_app/static/africa_map.png
1640,Africa,2012.4,4389.267984613918,1.1641700701597202,2271789.4046,1.0316967123184375,https://raw.githubusercontent.com/bakered/co2emmisions/main/src_shiny_app/static/africa_map.png
1641,Africa,2012.6,4407.181528427821,1.1627846553248076,2274488.7504,1.0323094639461547,https://raw.githubusercontent.com/bakered/co2emmisions/main/src_shiny_app/static/africa_map.png
1642,Africa,2012.8,4418.940213485766,1.1607735589718764,2277188.0961999996,1.032922215573872,https://raw.githubusercontent.com/bakered/co2emmisions/main/src_shiny_app/static/africa_map.png
1643,Africa,2013.0,4430.573712251579,1.1586881251325671,2279887.442,1.0335349672015892,https://raw.githubusercontent.com/bakered/co2emmisions/main/src_shiny_app/static/africa_map.png
1644,Africa,2013.0,4430.573712251579,1.1586881251325671,2279887.442,1.0335349672015892,https://raw.githubusercontent.com/bakered/co2emmisions/main/src_shiny_app/static/africa_map.png
1645,Africa,2013.2,4442.16528819422,1.156548042035953,2294837.9318,1.0368963679715104,https://raw.githubusercontent.com/bakered/co2emmisions/main/src_shiny_app/static/africa_map.png
1646,Africa,2013.4,4453.774083633338,1.1543703201683928,2309788.4216,1.0402577687414314,https://raw.githubusercontent.com/bakered/co2emmisions/main/src_shiny_app/static/africa_map.png
1647,Africa,2013.6,4465.430949610564,1.152167650518504,2324738.9113999996,1.0436191695113526,https://raw.githubusercontent.com/bakered/co2emmisions/main/src_shiny_app/static/africa_map.png
1648,Africa,2013.8,4477.145277936358,1.1499487173392187,2339689.4011999997,1.0469805702812736,https://raw.githubusercontent.com/bakered/co2emmisions/main/src_shiny_app/static/africa_map.png
1649,Africa,2014.0,4488.913108491469,1.1477191061623877,2354639.891,1.0503419710511948,https://raw.githubusercontent.com/bakered/co2emmisions/main/src_shiny_app/static/africa_map.png
1650,Africa,2014.0,4488.913108491469,1.1477191061623877,2354639.891,1.0503419710511948,https://raw.githubusercontent.com/bakered/co2emmisions/main/src_shiny_app/static/africa_map.png
1651,Africa,2014.2,4500.723433801517,1.1454822042062218,2349622.6296,1.0492199413672854,https://raw.githubusercontent.com/bakered/co2emmisions/main/src_shiny_app/static/africa_map.png
1652,Africa,2014.3999999999999,4512.562277032807,1.1432398976499971,2344605.3682,1.048097911683376,https://raw.githubusercontent.com/bakered/co2emmisions/main/src_shiny_app/static/africa_map.png
1653,Africa,2014.6,4524.415227538021,1.1409931451914632,2339588.1068,1.0469758819994666,https://raw.githubusercontent.com/bakered/co2emmisions/main/src_shiny_app/static/africa_map.png
1654,Africa,2014.8,4536.268725563246,1.1387423494101696,2334570.8454,1.0458538523155572,https://raw.githubusercontent.com/bakered/co2emmisions/main/src_shiny_app/static/africa_map.png
1655,Africa,2015.0,4548.110601431241,1.1364875900995375,2329553.584,1.0447318226316478,https://raw.githubusercontent.com/bakered/co2emmisions/main/src_shiny_app/static/africa_map.png
1656,Africa,2015.0,4548.110601431241,1.1364875900995375,2329553.584,1.0447318226316478,https://raw.githubusercontent.com/bakered/co2emmisions/main/src_shiny_app/static/africa_map.png
1657,Africa,2015.2,4559.930179724948,1.1342287712030354,2338086.4712,1.0466365077287803,https://raw.githubusercontent.com/bakered/co2emmisions/main/src_shiny_app/static/africa_map.png
1658,Africa,2015.4,4571.718117279545,1.1319657061148276,2346619.3584000003,1.0485411928259123,https://raw.githubusercontent.com/bakered/co2emmisions/main/src_shiny_app/static/africa_map.png
1659,Africa,2015.6,4583.466339451881,1.1296981655925262,2355152.2456,1.0504458779230448,https://raw.githubusercontent.com/bakered/co2emmisions/main/src_shiny_app/static/africa_map.png
1660,Africa,2015.8000000000002,4595.167866305771,1.1274259005366891,2363685.1328000003,1.052350563020177,https://raw.githubusercontent.com/bakered/co2emmisions/main/src_shiny_app/static/africa_map.png
1661,Africa,2016.0,4606.816617777078,1.1251486521737641,2372218.02,1.0542552481173095,https://raw.githubusercontent.com/bakered/co2emmisions/main/src_shiny_app/static/africa_map.png
1662,Africa,2016.0,4606.816617777078,1.1251486521737641,2372218.02,1.0542552481173095,https://raw.githubusercontent.com/bakered/co2emmisions/main/src_shiny_app/static/africa_map.png
1663,Africa,2016.2000000000003,4618.407208073734,1.122866151126405,2375885.6418000003,1.055068656848594,https://raw.githubusercontent.com/bakered/co2emmisions/main/src_shiny_app/static/africa_map.png
1664,Africa,2016.4,4629.934705281445,1.120578105449641,2379553.2635999997,1.0558820655798786,https://raw.githubusercontent.com/bakered/co2emmisions/main/src_shiny_app/static/africa_map.png
1665,Africa,2016.6000000000001,4641.394661668386,1.1182842192473852,2383220.8854,1.0566954743111632,https://raw.githubusercontent.com/bakered/co2emmisions/main/src_shiny_app/static/africa_map.png
1666,Africa,2016.8000000000002,4652.783064883264,1.1159841988389394,2386888.5072,1.0575088830424475,https://raw.githubusercontent.com/bakered/co2emmisions/main/src_shiny_app/static/africa_map.png
1667,Africa,2017.0,4664.096264220272,1.113677752889341,2390556.1289999997,1.058322291773732,https://raw.githubusercontent.com/bakered/co2emmisions/main/src_shiny_app/static/africa_map.png
1668,Africa,2017.0,4664.096264220272,1.113677752889341,2390556.1289999997,1.058322291773732,https://raw.githubusercontent.com/bakered/co2emmisions/main/src_shiny_app/static/africa_map.png
1669,Africa,2017.2000000000003,4675.330882079267,1.1113645882763978,2389174.1228,1.05801615664096,https://raw.githubusercontent.com/bakered/co2emmisions/main/src_shiny_app/static/africa_map.png
1670,Africa,2017.4,4686.483685962568,1.109044399531212,2387792.1166,1.057710021508188,https://raw.githubusercontent.com/bakered/co2emmisions/main/src_shiny_app/static/africa_map.png
1671,Africa,2017.6,4697.551654019643,1.106716884404238,2386410.1104,1.057403886375416,https://raw.githubusercontent.com/bakered/co2emmisions/main/src_shiny_app/static/africa_map.png
1672,Africa,2017.8,4708.531975386657,1.1043817511210092,2385028.1042,1.057097751242644,https://raw.githubusercontent.com/bakered/co2emmisions/main/src_shiny_app/static/africa_map.png
1673,Africa,2018.0,4719.422024553647,1.102038721508772,2383646.098,1.056791616109872,https://raw.githubusercontent.com/bakered/co2emmisions/main/src_shiny_app/static/africa_map.png
1674,Africa,2018.0,4719.422024553647,1.102038721508772,2383646.098,1.056791616109872,https://raw.githubusercontent.com/bakered/co2emmisions/main/src_shiny_app/static/africa_map.png
1675,Africa,2018.2,4730.219316881739,1.0996875344343957,2402183.6668000002,1.0608617505526894,https://raw.githubusercontent.com/bakered/co2emmisions/main/src_shiny_app/static/africa_map.png
1676,Africa,2018.4,4740.9214258793845,1.0973279467427208,2420721.2356000002,1.0649318849955063,https://raw.githubusercontent.com/bakered/co2emmisions/main/src_shiny_app/static/africa_map.png
1677,Africa,2018.6,4751.526049888028,1.0949597205311703,2439258.8044,1.0690020194383236,https://raw.githubusercontent.com/bakered/co2emmisions/main/src_shiny_app/static/africa_map.png
1678,Africa,2018.8,4762.031027093866,1.092582610548843,2457796.3732,1.0730721538811407,https://raw.githubusercontent.com/bakered/co2emmisions/main/src_shiny_app/static/africa_map.png
1679,Africa,2019.0,4772.4343274439525,1.0901963547894682,2476333.942,1.0771422883239579,https://raw.githubusercontent.com/bakered/co2emmisions/main/src_shiny_app/static/africa_map.png
1680,Africa,2019.0,4772.4343274439525,1.0901963547894682,2476333.942,1.0771422883239579,https://raw.githubusercontent.com/bakered/co2emmisions/main/src_shiny_app/static/africa_map.png
1681,Africa,2019.2,4782.734030037059,1.0878006611340953,2451635.2421999997,1.0717019409583841,https://raw.githubusercontent.com/bakered/co2emmisions/main/src_shiny_app/static/africa_map.png
1682,Africa,2019.3999999999999,4792.92828464538,1.0853951854405146,2426936.5423999997,1.0662615935928101,https://raw.githubusercontent.com/bakered/co2emmisions/main/src_shiny_app/static/africa_map.png
1683,Africa,2019.6,4803.015420692725,1.0829795650504153,2402237.8426,1.0608212462272362,https://raw.githubusercontent.com/bakered/co2emmisions/main/src_shiny_app/static/africa_map.png
1684,Africa,2019.8,4812.994025265732,1.0805534463150748,2377539.1428,1.0553808988616624,https://raw.githubusercontent.com/bakered/co2emmisions/main/src_shiny_app/static/africa_map.png
1685,Africa,2020.0,4822.8629704949035,1.0781165079378374,2352840.443,1.0499405514960887,https://raw.githubusercontent.com/bakered/co2emmisions/main/src_shiny_app/static/africa_map.png
1686,Africa,2020.0,4822.8629704949035,1.0781165079378374,2352840.443,1.0499405514960887,https://raw.githubusercontent.com/bakered/co2emmisions/main/src_shiny_app/static/africa_map.png
1687,Africa,2020.2,4832.621403829167,1.0756684875631224,2369965.7628,1.0537274396869958,https://raw.githubusercontent.com/bakered/co2emmisions/main/src_shiny_app/static/africa_map.png
1688,Africa,2020.4,4842.268736018773,1.0732092121694612,2387091.0826,1.057514327877903,https://raw.githubusercontent.com/bakered/co2emmisions/main/src_shiny_app/static/africa_map.png
1689,Africa,2020.6,4851.804596658444,1.070738570459275,2404216.4024,1.0613012160688102,https://raw.githubusercontent.com/bakered/co2emmisions/main/src_shiny_app/static/africa_map.png
1690,Africa,2020.8000000000002,4861.228829288354,1.0682564969497965,2421341.7221999997,1.0650881042597173,https://raw.githubusercontent.com/bakered/co2emmisions/main/src_shiny_app/static/africa_map.png
1691,Africa,2021.0,4870.541495843623,1.065762961280666,2438467.042,1.0688749924506245,https://raw.githubusercontent.com/bakered/co2emmisions/main/src_shiny_app/static/africa_map.png
1692,Africa,2021.0,4870.541495843623,1.065762961280666,2438467.042,1.0688749924506245,https://raw.githubusercontent.com/bakered/co2emmisions/main/src_shiny_app/static/africa_map.png
1693,Africa,2021.2000000000003,4879.742902179547,1.0632579561565785,2436717.6956,1.068491244717965,https://raw.githubusercontent.com/bakered/co2emmisions/main/src_shiny_app/static/africa_map.png
1694,Africa,2021.4,4888.833668125648,1.0607414881295623,2434968.3492,1.0681074969853057,https://raw.githubusercontent.com/bakered/co2emmisions/main/src_shiny_app/static/africa_map.png
1695,Africa,2021.6000000000001,4897.814636076873,1.0582135763202998,2433219.0028,1.0677237492526461,https://raw.githubusercontent.com/bakered/co2emmisions/main/src_shiny_app/static/africa_map.png
1696,Africa,2021.8000000000002,4906.686837110425,1.055674255736149,2431469.6564,1.0673400015199868,https://raw.githubusercontent.com/bakered/co2emmisions/main/src_shiny_app/static/africa_map.png
1697,Africa,2022.0,4915.451484788237,1.0531235811742334,2429720.31,1.0669562537873272,https://raw.githubusercontent.com/bakered/co2emmisions/main/src_shiny_app/static/africa_map.png
1698,Africa,2022.0,4915.451484788237,1.0531235811742334,2429720.31,1.0669562537873272,https://raw.githubusercontent.com/bakered/co2emmisions/main/src_shiny_app/static/africa_map.png
1699,Africa,2022.2000000000003,4924.109999211204,1.050561635735333,2426970.103,1.06635155165657,https://raw.githubusercontent.com/bakered/co2emmisions/main/src_shiny_app/static/africa_map.png
1700,Africa,2022.4,4932.664088063327,1.0479885483207614,2424219.8959999997,1.0657468495258127,https://raw.githubusercontent.com/bakered/co2emmisions/main/src_shiny_app/static/africa_map.png
1701,Africa,2022.6,4941.115648373214,1.0454044823207034,2421469.6890000002,1.0651421473950555,https://raw.githubusercontent.com/bakered/co2emmisions/main/src_shiny_app/static/africa_map.png
1702,Africa,2022.8,4949.466732313616,1.0428096344175675,2418719.482,1.0645374452642982,https://raw.githubusercontent.com/bakered/co2emmisions/main/src_shiny_app/static/africa_map.png
1703,Africa,2023.0,4957.7195437608,1.0402042379346599,2415969.275,1.0639327431335408,https://raw.githubusercontent.com/bakered/co2emmisions/main/src_shiny_app/static/africa_map.png
0,Developed,1952.0,7667.632803227482,6.601126888811722,6342705.019,1.7238748288631,https://raw.githubusercontent.com/bakered/co2emmisions/main/src_shiny_app/static/developed_map.png
1,Developed,1952.2000000000003,7740.578185617499,6.639830659711341,6371176.73,1.7277225019712956,https://raw.githubusercontent.com/bakered/co2emmisions/main/src_shiny_app/static/developed_map.png
2,Developed,1952.4,7813.669698759006,6.67861682001516,6399648.441000001,1.7315701750794914,https://raw.githubusercontent.com/bakered/co2emmisions/main/src_shiny_app/static/developed_map.png
3,Developed,1952.6,7886.911169882955,6.717488047745134,6428120.152,1.735417848187687,https://raw.githubusercontent.com/bakered/co2emmisions/main/src_shiny_app/static/developed_map.png
4,Developed,1952.8,7960.3060744961285,6.756446881178582,6456591.863000001,1.7392655212958827,https://raw.githubusercontent.com/bakered/co2emmisions/main/src_shiny_app/static/developed_map.png
5,Developed,1953.0,8033.857536472491,6.7954957385270855,6485063.574,1.7431131944040783,https://raw.githubusercontent.com/bakered/co2emmisions/main/src_shiny_app/static/developed_map.png
6,Developed,1953.0,8033.857536472491,6.7954957385270855,6485063.574,1.7431131944040783,https://raw.githubusercontent.com/bakered/co2emmisions/main/src_shiny_app/static/developed_map.png
7,Developed,1953.2,8107.568255441547,6.834636908898219,6491924.841600001,1.7440340944407136,https://raw.githubusercontent.com/bakered/co2emmisions/main/src_shiny_app/static/developed_map.png
8,Developed,1953.4,8181.4402878226365,6.873872487888747,6498786.1092,1.7449549944773484,https://raw.githubusercontent.com/bakered/co2emmisions/main/src_shiny_app/static/developed_map.png
9,Developed,1953.6,8255.475279707262,6.913204506823575,6505647.3768,1.7458758945139834,https://raw.githubusercontent.com/bakered/co2emmisions/main/src_shiny_app/static/developed_map.png
10,Developed,1953.8,8329.674573689905,6.9526350177934555,6512508.644400001,1.7467967945506184,https://raw.githubusercontent.com/bakered/co2emmisions/main/src_shiny_app/static/developed_map.png
11,Developed,1954.0,8404.03924763276,6.992166151413303,6519369.912,1.7477176945872535,https://raw.githubusercontent.com/bakered/co2emmisions/main/src_shiny_app/static/developed_map.png
12,Developed,1954.0,8404.03924763276,6.992166151413303,6519369.912,1.7477176945872535,https://raw.githubusercontent.com/bakered/co2emmisions/main/src_shiny_app/static/developed_map.png
13,Developed,1954.2,8478.570130047816,7.031800197923402,6615254.7404000005,1.7603421550623573,https://raw.githubusercontent.com/bakered/co2emmisions/main/src_shiny_app/static/developed_map.png
14,Developed,1954.3999999999999,8553.267747731863,7.07153971148471,6711139.5688,1.7729666155374608,https://raw.githubusercontent.com/bakered/co2emmisions/main/src_shiny_app/static/developed_map.png
15,Developed,1954.6,8628.132370736956,7.111387380812735,6807024.3972,1.7855910760125644,https://raw.githubusercontent.com/bakered/co2emmisions/main/src_shiny_app/static/developed_map.png
16,Developed,1954.8,8703.164000386807,7.151345924689853,6902909.2256000005,1.7982155364876682,https://raw.githubusercontent.com/bakered/co2emmisions/main/src_shiny_app/static/developed_map.png
17,Developed,1955.0,8778.36233305385,7.1914180116195245,6998794.054,1.8108399969627718,https://raw.githubusercontent.com/bakered/co2emmisions/main/src_shiny_app/static/developed_map.png
18,Developed,1955.0,8778.36233305385,7.1914180116195245,6998794.054,1.8108399969627718,https://raw.githubusercontent.com/bakered/co2emmisions/main/src_shiny_app/static/developed_map.png
19,Developed,1955.2,8853.726681734624,7.231606144771607,7069577.4088,1.8198841711080376,https://raw.githubusercontent.com/bakered/co2emmisions/main/src_shiny_app/static/developed_map.png
20,Developed,1955.4,8929.255814917818,7.271912477005198,7140360.763599999,1.828928345253303,https://raw.githubusercontent.com/bakered/co2emmisions/main/src_shiny_app/static/developed_map.png
21,Developed,1955.6,9004.948076119692,7.312338867071822,7211144.1184,1.8379725193985685,https://raw.githubusercontent.com/bakered/co2emmisions/main/src_shiny_app/static/developed_map.png
22,Developed,1955.8000000000002,9080.80143637771,7.352886874990918,7281927.473199999,1.8470166935438344,https://raw.githubusercontent.com/bakered/co2emmisions/main/src_shiny_app/static/developed_map.png
23,Developed,1956.0,9156.813505846858,7.3935577211271175,7352710.828,1.8560608676890997,https://raw.githubusercontent.com/bakered/co2emmisions/main/src_shiny_app/static/developed_map.png
24,Developed,1956.0,9156.813505846858,7.3935577211271175,7352710.828,1.8560608676890997,https://raw.githubusercontent.com/bakered/co2emmisions/main/src_shiny_app/static/developed_map.png
25,Developed,1956.2000000000003,9232.981531068617,7.434352189594216,7375404.025,1.8589141486398368,https://raw.githubusercontent.com/bakered/co2emmisions/main/src_shiny_app/static/developed_map.png
26,Developed,1956.4,9309.302359431123,7.47527041911548,7398097.222,1.8617674295905733,https://raw.githubusercontent.com/bakered/co2emmisions/main/src_shiny_app/static/developed_map.png
27,Developed,1956.6000000000001,9385.77248103758,7.516312035761971,7420790.419,1.8646207105413104,https://raw.githubusercontent.com/bakered/co2emmisions/main/src_shiny_app/static/developed_map.png
28,Developed,1956.8000000000002,9462.388046195689,7.557476193114959,7443483.616,1.867473991492047,https://raw.githubusercontent.com/bakered/co2emmisions/main/src_shiny_app/static/developed_map.png
29,Developed,1957.0,9539.144867476247,7.598761557721886,7466176.813,1.870327272442784,https://raw.githubusercontent.com/bakered/co2emmisions/main/src_shiny_app/static/developed_map.png
30,Developed,1957.0,9539.144867476247,7.598761557721886,7466176.813,1.870327272442784,https://raw.githubusercontent.com/bakered/co2emmisions/main/src_shiny_app/static/developed_map.png
31,Developed,1957.2000000000003,9616.038433160134,7.640166260412266,7448928.877,1.868160636005432,https://raw.githubusercontent.com/bakered/co2emmisions/main/src_shiny_app/static/developed_map.png
32,Developed,1957.4,9693.063952577075,7.681687783248438,7431680.941,1.8659939995680794,https://raw.githubusercontent.com/bakered/co2emmisions/main/src_shiny_app/static/developed_map.png
33,Developed,1957.6,9770.216336441528,7.723323057019521,7414433.005,1.8638273631307274,https://raw.githubusercontent.com/bakered/co2emmisions/main/src_shiny_app/static/developed_map.png
34,Developed,1957.8,9847.490207761957,7.76506851640744,7397185.069,1.861660726693375,https://raw.githubusercontent.com/bakered/co2emmisions/main/src_shiny_app/static/developed_map.png
35,Developed,1958.0,9924.879922008906,7.80692012492504,7379937.133,1.8594940902560226,https://raw.githubusercontent.com/bakered/co2emmisions/main/src_shiny_app/static/developed_map.png
36,Developed,1958.0,9924.879922008906,7.80692012492504,7379937.133,1.8594940902560226,https://raw.githubusercontent.com/bakered/co2emmisions/main/src_shiny_app/static/developed_map.png
37,Developed,1958.2,10002.379652373,7.84887343990083,7413931.629000001,1.8637524411196646,https://raw.githubusercontent.com/bakered/co2emmisions/main/src_shiny_app/static/developed_map.png
38,Developed,1958.4,10079.98361636474,7.890923760289137,7447926.125,1.8680107919833067,https://raw.githubusercontent.com/bakered/co2emmisions/main/src_shiny_app/static/developed_map.png
39,Developed,1958.6,10157.685839278174,7.933065961301618,7481920.620999999,1.8722691428469487,https://raw.githubusercontent.com/bakered/co2emmisions/main/src_shiny_app/static/developed_map.png
40,Developed,1958.8,10235.480019514222,7.975294384871819,7515915.117000001,1.8765274937105905,https://raw.githubusercontent.com/bakered/co2emmisions/main/src_shiny_app/static/developed_map.png
41,Developed,1959.0,10313.359452417904,8.017602760762408,7549909.613,1.8807858445742325,https://raw.githubusercontent.com/bakered/co2emmisions/main/src_shiny_app/static/developed_map.png
42,Developed,1959.0,10313.359452417904,8.017602760762408,7549909.613,1.8807858445742325,https://raw.githubusercontent.com/bakered/co2emmisions/main/src_shiny_app/static/developed_map.png
43,Developed,1959.2,10391.317015680406,8.059984182554734,7619937.923,1.889409498429743,https://raw.githubusercontent.com/bakered/co2emmisions/main/src_shiny_app/static/developed_map.png
44,Developed,1959.3999999999999,10469.345311607767,8.102431223450541,7689966.232999999,1.8980331522852532,https://raw.githubusercontent.com/bakered/co2emmisions/main/src_shiny_app/static/developed_map.png
45,Developed,1959.6,10547.436430569294,8.144935631278292,7759994.543,1.9066568061407634,https://raw.githubusercontent.com/bakered/co2emmisions/main/src_shiny_app/static/developed_map.png
46,Developed,1959.8,10625.58185773066,8.187488115698347,7830022.853,1.9152804599962738,https://raw.githubusercontent.com/bakered/co2emmisions/main/src_shiny_app/static/developed_map.png
47,Developed,1960.0,10703.772507410837,8.230078200066,7900051.163,1.923904113851784,https://raw.githubusercontent.com/bakered/co2emmisions/main/src_shiny_app/static/developed_map.png
48,Developed,1960.0,10703.772507410837,8.230078200066,7900051.163,1.923904113851784,https://raw.githubusercontent.com/bakered/co2emmisions/main/src_shiny_app/static/developed_map.png
49,Developed,1960.2,10781.998963973121,8.272694164851153,7933134.0978,1.9279115982190234,https://raw.githubusercontent.com/bakered/co2emmisions/main/src_shiny_app/static/developed_map.png
50,Developed,1960.4,10860.252140030014,8.315323227949934,7966217.0326,1.9319190825862622,https://raw.githubusercontent.com/bakered/co2emmisions/main/src_shiny_app/static/developed_map.png
51,Developed,1960.6,10938.523822218925,8.357951558561837,7999299.9673999995,1.9359265669535013,https://raw.githubusercontent.com/bakered/co2emmisions/main/src_shiny_app/static/developed_map.png
52,Developed,1960.8000000000002,11016.807971328402,8.400564718667944,8032382.9022,1.9399340513207406,https://raw.githubusercontent.com/bakered/co2emmisions/main/src_shiny_app/static/developed_map.png
53,Developed,1961.0,11095.103104153392,8.443148730188566,8065465.837,1.9439415356879794,https://raw.githubusercontent.com/bakered/co2emmisions/main/src_shiny_app/static/developed_map.png
54,Developed,1961.0,11095.103104153392,8.443148730188566,8065465.837,1.9439415356879794,https://raw.githubusercontent.com/bakered/co2emmisions/main/src_shiny_app/static/developed_map.png
55,Developed,1961.2000000000003,11173.416352502425,8.485692206514804,8132625.045400001,1.9519523740431592,https://raw.githubusercontent.com/bakered/co2emmisions/main/src_shiny_app/static/developed_map.png
56,Developed,1961.4,11251.770083231428,8.528190260756048,8199784.253800001,1.9599632123983386,https://raw.githubusercontent.com/bakered/co2emmisions/main/src_shiny_app/static/developed_map.png
57,Developed,1961.6000000000001,11330.210832521863,8.57064992924134,8266943.462200001,1.9679740507535184,https://raw.githubusercontent.com/bakered/co2emmisions/main/src_shiny_app/static/developed_map.png
58,Developed,1961.8000000000002,11408.821705033468,8.613098488472465,8334102.670600001,1.9759848891086982,https://raw.githubusercontent.com/bakered/co2emmisions/main/src_shiny_app/static/developed_map.png
59,Developed,1962.0,11487.736570677951,8.655594183640773,8401261.879,1.9839957274638778,https://raw.githubusercontent.com/bakered/co2emmisions/main/src_shiny_app/static/developed_map.png
60,Developed,1962.0,11487.736570677951,8.655594183640773,8401261.879,1.9839957274638778,https://raw.githubusercontent.com/bakered/co2emmisions/main/src_shiny_app/static/developed_map.png
61,Developed,1962.2000000000003,11567.149525554232,8.698235866922193,8484145.6096,1.9936646083552587,https://raw.githubusercontent.com/bakered/co2emmisions/main/src_shiny_app/static/developed_map.png
62,Developed,1962.4,11647.30260316938,8.741160771564793,8567029.3402,2.0033334892466392,https://raw.githubusercontent.com/bakered/co2emmisions/main/src_shiny_app/static/developed_map.png
63,Developed,1962.6,11736.168233324464,8.791959744087839,8649913.0708,2.0130023701380204,https://raw.githubusercontent.com/bakered/co2emmisions/main/src_shiny_app/static/developed_map.png
64,Developed,1962.8,11825.818999496594,8.843517598138744,8732796.8014,2.022671251029401,https://raw.githubusercontent.com/bakered/co2emmisions/main/src_shiny_app/static/developed_map.png
65,Developed,1963.0,11916.270901065789,8.895859586659746,8815680.532,2.032340131920782,https://raw.githubusercontent.com/bakered/co2emmisions/main/src_shiny_app/static/developed_map.png
66,Developed,1963.0,11916.270901065789,8.895859586659746,8815680.532,2.032340131920782,https://raw.githubusercontent.com/bakered/co2emmisions/main/src_shiny_app/static/developed_map.png
67,Developed,1963.2,12007.537444055079,8.949011702668614,8896649.0864,2.0415684944686405,https://raw.githubusercontent.com/bakered/co2emmisions/main/src_shiny_app/static/developed_map.png
68,Developed,1963.4,12099.62865072796,9.002999468016167,8977617.6408,2.050796857016499,https://raw.githubusercontent.com/bakered/co2emmisions/main/src_shiny_app/static/developed_map.png
69,Developed,1963.6,12192.549113509918,9.057845341070955,9058586.1952,2.0600252195643574,https://raw.githubusercontent.com/bakered/co2emmisions/main/src_shiny_app/static/developed_map.png
70,Developed,1963.8,12286.299784739706,9.113567894660491,9139554.749599999,2.069253582112216,https://raw.githubusercontent.com/bakered/co2emmisions/main/src_shiny_app/static/developed_map.png
71,Developed,1964.0,12380.884528000186,9.170183845775849,9220523.304,2.0784819446600746,https://raw.githubusercontent.com/bakered/co2emmisions/main/src_shiny_app/static/developed_map.png
72,Developed,1964.0,12380.884528000186,9.170183845775849,9220523.304,2.0784819446600746,https://raw.githubusercontent.com/bakered/co2emmisions/main/src_shiny_app/static/developed_map.png
73,Developed,1964.2,12476.301163445074,9.227699621159436,9283105.6568,2.08547672371333,https://raw.githubusercontent.com/bakered/co2emmisions/main/src_shiny_app/static/developed_map.png
74,Developed,1964.3999999999999,12572.536920710785,9.28610583641077,9345688.009599999,2.0924715027665846,https://raw.githubusercontent.com/bakered/co2emmisions/main/src_shiny_app/static/developed_map.png
75,Developed,1964.6,12669.565330870104,9.345372036569598,9408270.362399999,2.09946628181984,https://raw.githubusercontent.com/bakered/co2emmisions/main/src_shiny_app/static/developed_map.png
76,Developed,1964.8,12767.345118869687,9.405441042085153,9470852.7152,2.106461060873095,https://raw.githubusercontent.com/bakered/co2emmisions/main/src_shiny_app/static/developed_map.png
77,Developed,1965.0,12865.834252894125,9.466240951204274,9533435.068,2.1134558399263503,https://raw.githubusercontent.com/bakered/co2emmisions/main/src_shiny_app/static/developed_map.png
78,Developed,1965.0,12865.834252894125,9.466240951204274,9533435.068,2.1134558399263503,https://raw.githubusercontent.com/bakered/co2emmisions/main/src_shiny_app/static/developed_map.png
79,Developed,1965.2,12964.985052507076,9.527685968728319,9606411.39,2.1214689039351025,https://raw.githubusercontent.com/bakered/co2emmisions/main/src_shiny_app/static/developed_map.png
80,Developed,1965.4,13064.742148714551,9.589678768447135,9679387.712,2.1294819679438546,https://raw.githubusercontent.com/bakered/co2emmisions/main/src_shiny_app/static/developed_map.png
81,Developed,1965.6,13165.041892026127,9.652113052677281,9752364.034,2.1374950319526067,https://raw.githubusercontent.com/bakered/co2emmisions/main/src_shiny_app/static/developed_map.png
82,Developed,1965.8000000000002,13265.813773566653,9.714876180120383,9825340.355999999,2.145508095961359,https://raw.githubusercontent.com/bakered/co2emmisions/main/src_shiny_app/static/developed_map.png
83,Developed,1966.0,13366.995646624098,9.77786514242785,9898316.678,2.153521159970111,https://raw.githubusercontent.com/bakered/co2emmisions/main/src_shiny_app/static/developed_map.png
84,Developed,1966.0,13366.995646624098,9.77786514242785,9898316.678,2.153521159970111,https://raw.githubusercontent.com/bakered/co2emmisions/main/src_shiny_app/static/developed_map.png
85,Developed,1966.2000000000003,13468.527267847721,9.840983777591171,9964029.3828,2.1606111760334294,https://raw.githubusercontent.com/bakered/co2emmisions/main/src_shiny_app/static/developed_map.png
86,Developed,1966.4,13570.347227488332,9.904141727228094,10029742.0876,2.167701192096748,https://raw.githubusercontent.com/bakered/co2emmisions/main/src_shiny_app/static/developed_map.png
87,Developed,1966.6000000000001,13672.392104091834,9.967252692914148,10095454.792399999,2.174791208160066,https://raw.githubusercontent.com/bakered/co2emmisions/main/src_shiny_app/static/developed_map.png
88,Developed,1966.8000000000002,13774.597310495836,10.030231804059595,10161167.4972,2.1818812242233845,https://raw.githubusercontent.com/bakered/co2emmisions/main/src_shiny_app/static/developed_map.png
89,Developed,1967.0,13876.911203507607,10.093011308964012,10226880.202,2.188971240286703,https://raw.githubusercontent.com/bakered/co2emmisions/main/src_shiny_app/static/developed_map.png
90,Developed,1967.0,13876.911203507607,10.093011308964012,10226880.202,2.188971240286703,https://raw.githubusercontent.com/bakered/co2emmisions/main/src_shiny_app/static/developed_map.png
91,Developed,1967.2000000000003,13979.289669462929,10.155536468428277,10319124.1324,2.1987343675362743,https://raw.githubusercontent.com/bakered/co2emmisions/main/src_shiny_app/static/developed_map.png
92,Developed,1967.4,14081.693649591542,10.217762774472403,10411368.062800001,2.2084974947858456,https://raw.githubusercontent.com/bakered/co2emmisions/main/src_shiny_app/static/developed_map.png
93,Developed,1967.6,14184.08830756161,10.27965244536229,10503611.9932,2.2182606220354173,https://raw.githubusercontent.com/bakered/co2emmisions/main/src_shiny_app/static/developed_map.png
94,Developed,1967.8,14286.443751195971,10.3411705751939,10595855.9236,2.2280237492849886,https://raw.githubusercontent.com/bakered/co2emmisions/main/src_shiny_app/static/developed_map.png
95,Developed,1968.0,14388.743698524635,10.402299742111154,10688099.854,2.23778687653456,https://raw.githubusercontent.com/bakered/co2emmisions/main/src_shiny_app/static/developed_map.png
96,Developed,1968.0,14388.743698524635,10.402299742111154,10688099.854,2.23778687653456,https://raw.githubusercontent.com/bakered/co2emmisions/main/src_shiny_app/static/developed_map.png
97,Developed,1968.2,14490.979236489795,10.463035527721289,10802252.7418,2.249581657347874,https://raw.githubusercontent.com/bakered/co2emmisions/main/src_shiny_app/static/developed_map.png
98,Developed,1968.4,14593.144943228404,10.5233827073375,10916405.6296,2.261376438161188,https://raw.githubusercontent.com/bakered/co2emmisions/main/src_shiny_app/static/developed_map.png
99,Developed,1968.6,14695.237030394828,10.583351610568558,11030558.5174,2.273171218974502,https://raw.githubusercontent.com/bakered/co2emmisions/main/src_shiny_app/static/developed_map.png
100,Developed,1968.8,14797.251501582266,10.642953263388838,11144711.405199999,2.2849659997878162,https://raw.githubusercontent.com/bakered/co2emmisions/main/src_shiny_app/static/developed_map.png
101,Developed,1969.0,14899.183823724183,10.702201779069409,11258864.293,2.2967607806011303,https://raw.githubusercontent.com/bakered/co2emmisions/main/src_shiny_app/static/developed_map.png
102,Developed,1969.0,14899.183823724183,10.702201779069409,11258864.293,2.2967607806011303,https://raw.githubusercontent.com/bakered/co2emmisions/main/src_shiny_app/static/developed_map.png
103,Developed,1969.2,15001.0235717388,10.761108652851801,11430651.1654,2.3139606645527797,https://raw.githubusercontent.com/bakered/co2emmisions/main/src_shiny_app/static/developed_map.png
104,Developed,1969.3999999999999,15102.750735183921,10.819678241117266,11602438.0378,2.331160548504429,https://raw.githubusercontent.com/bakered/co2emmisions/main/src_shiny_app/static/developed_map.png
105,Developed,1969.6,15204.331497553381,10.87790172666042,11774224.9102,2.3483604324560785,https://raw.githubusercontent.com/bakered/co2emmisions/main/src_shiny_app/static/developed_map.png
106,Developed,1969.8,15305.711409815342,10.935746802340324,11946011.7826,2.3655603164077275,https://raw.githubusercontent.com/bakered/co2emmisions/main/src_shiny_app/static/developed_map.png
107,Developed,1970.0,15406.830072562832,10.993170690649196,12117798.655,2.382760200359377,https://raw.githubusercontent.com/bakered/co2emmisions/main/src_shiny_app/static/developed_map.png
108,Developed,1970.0,15406.830072562832,10.993170690649196,12117798.655,2.382760200359377,https://raw.githubusercontent.com/bakered/co2emmisions/main/src_shiny_app/static/developed_map.png
109,Developed,1970.2,15507.62432803035,11.050121632027897,12170671.476,2.387930426949526,https://raw.githubusercontent.com/bakered/co2emmisions/main/src_shiny_app/static/developed_map.png
110,Developed,1970.4,15608.029049957882,11.106537750131219,12223544.296999998,2.3931006535396744,https://raw.githubusercontent.com/bakered/co2emmisions/main/src_shiny_app/static/developed_map.png
111,Developed,1970.6,15707.975181063199,11.162342140252164,12276417.118,2.398270880129823,https://raw.githubusercontent.com/bakered/co2emmisions/main/src_shiny_app/static/developed_map.png
112,Developed,1970.8000000000002,15807.382680875842,11.217429318686763,12329289.939,2.4034411067199715,https://raw.githubusercontent.com/bakered/co2emmisions/main/src_shiny_app/static/developed_map.png
113,Developed,1971.0,15906.174862208827,11.271694065880858,12382162.76,2.4086113333101205,https://raw.githubusercontent.com/bakered/co2emmisions/main/src_shiny_app/static/developed_map.png
114,Developed,1971.0,15906.174862208827,11.271694065880858,12382162.76,2.4086113333101205,https://raw.githubusercontent.com/bakered/co2emmisions/main/src_shiny_app/static/developed_map.png
115,Developed,1971.2000000000003,16004.282694775759,11.32504028948709,12481776.1708,2.418204348879655,https://raw.githubusercontent.com/bakered/co2emmisions/main/src_shiny_app/static/developed_map.png
116,Developed,1971.4,16101.645714943912,11.377382391126666,12581389.5816,2.427797364449189,https://raw.githubusercontent.com/bakered/co2emmisions/main/src_shiny_app/static/developed_map.png
117,Developed,1971.6000000000001,16198.209982948138,11.428642001718385,12681002.9924,2.4373903800187238,https://raw.githubusercontent.com/bakered/co2emmisions/main/src_shiny_app/static/developed_map.png
118,Developed,1971.8000000000002,16293.920847532167,11.478734862235829,12780616.403199999,2.446983395588258,https://raw.githubusercontent.com/bakered/co2emmisions/main/src_shiny_app/static/developed_map.png
119,Developed,1972.0,16388.730901083138,11.52759102450145,12880229.814,2.4565764111577924,https://raw.githubusercontent.com/bakered/co2emmisions/main/src_shiny_app/static/developed_map.png
120,Developed,1972.0,16388.730901083138,11.52759102450145,12880229.814,2.4565764111577924,https://raw.githubusercontent.com/bakered/co2emmisions/main/src_shiny_app/static/developed_map.png
121,Developed,1972.2000000000003,16482.602258536757,11.575160304834208,12992890.173799999,2.4672049973166867,https://raw.githubusercontent.com/bakered/co2emmisions/main/src_shiny_app/static/developed_map.png
122,Developed,1972.4,16575.50524899176,11.621409626611815,13105550.533599999,2.4778335834755807,https://raw.githubusercontent.com/bakered/co2emmisions/main/src_shiny_app/static/developed_map.png
123,Developed,1972.6,16667.41451886864,11.666316265228392,13218210.893399999,2.488462169634475,https://raw.githubusercontent.com/bakered/co2emmisions/main/src_shiny_app/static/developed_map.png
124,Developed,1972.8,16758.300030793947,11.709852480274469,13330871.2532,2.499090755793369,https://raw.githubusercontent.com/bakered/co2emmisions/main/src_shiny_app/static/developed_map.png
125,Developed,1973.0,16848.133735032374,11.751994809374859,13443531.613,2.5097193419522634,https://raw.githubusercontent.com/bakered/co2emmisions/main/src_shiny_app/static/developed_map.png
126,Developed,1973.0,16848.133735032374,11.751994809374859,13443531.613,2.5097193419522634,https://raw.githubusercontent.com/bakered/co2emmisions/main/src_shiny_app/static/developed_map.png
127,Developed,1973.2,16936.892898054808,11.792726947325162,13410366.8928,2.506614041682938,https://raw.githubusercontent.com/bakered/co2emmisions/main/src_shiny_app/static/developed_map.png
128,Developed,1973.4,17024.559586437306,11.832037421689872,13377202.172600001,2.503508741413612,https://raw.githubusercontent.com/bakered/co2emmisions/main/src_shiny_app/static/developed_map.png
129,Developed,1973.6,17111.118841906606,11.869913255329418,13344037.452399999,2.500403441144286,https://raw.githubusercontent.com/bakered/co2emmisions/main/src_shiny_app/static/developed_map.png
130,Developed,1973.8,17196.551803454953,11.906326023988939,13310872.7322,2.4972981408749604,https://raw.githubusercontent.com/bakered/co2emmisions/main/src_shiny_app/static/developed_map.png
131,Developed,1974.0,17280.84316280571,11.941246880352416,13277708.012,2.494192840605635,https://raw.githubusercontent.com/bakered/co2emmisions/main/src_shiny_app/static/developed_map.png
132,Developed,1974.0,17280.84316280571,11.941246880352416,13277708.012,2.494192840605635,https://raw.githubusercontent.com/bakered/co2emmisions/main/src_shiny_app/static/developed_map.png
133,Developed,1974.2,17363.987366804926,11.97465582973504,13244016.336600002,2.491018279916948,https://raw.githubusercontent.com/bakered/co2emmisions/main/src_shiny_app/static/developed_map.png
134,Developed,1974.3999999999999,17445.98969083198,12.00654297525486,13210324.6612,2.4878437192282603,https://raw.githubusercontent.com/bakered/co2emmisions/main/src_shiny_app/static/developed_map.png
135,Developed,1974.6,17526.864964476365,12.036905632594914,13176632.9858,2.4846691585395733,https://raw.githubusercontent.com/bakered/co2emmisions/main/src_shiny_app/static/developed_map.png
136,Developed,1974.8,17606.632239017774,12.065737878053683,13142941.3104,2.4814945978508858,https://raw.githubusercontent.com/bakered/co2emmisions/main/src_shiny_app/static/developed_map.png
137,Developed,1975.0,17685.317905888347,12.093036062730354,13109249.635,2.4783200371621987,https://raw.githubusercontent.com/bakered/co2emmisions/main/src_shiny_app/static/developed_map.png
138,Developed,1975.0,17685.317905888347,12.093036062730354,13109249.635,2.4783200371621987,https://raw.githubusercontent.com/bakered/co2emmisions/main/src_shiny_app/static/developed_map.png
139,Developed,1975.2,17762.96080952119,12.118807585703882,13241880.4012,2.490702379621794,https://raw.githubusercontent.com/bakered/co2emmisions/main/src_shiny_app/static/developed_map.png
140,Developed,1975.4,17839.613027457144,12.143072381792111,13374511.167399999,2.503084722081389,https://raw.githubusercontent.com/bakered/co2emmisions/main/src_shiny_app/static/developed_map.png
141,Developed,1975.6,17915.33765490721,12.165858793349742,13507141.933600001,2.5154670645409842,https://raw.githubusercontent.com/bakered/co2emmisions/main/src_shiny_app/static/developed_map.png
142,Developed,1975.8000000000002,17990.2046295251,12.187193082479405,13639772.6998,2.5278494070005797,https://raw.githubusercontent.com/bakered/co2emmisions/main/src_shiny_app/static/developed_map.png
143,Developed,1976.0,18064.285712490222,12.207093984097448,13772403.466,2.5402317494601747,https://raw.githubusercontent.com/bakered/co2emmisions/main/src_shiny_app/static/developed_map.png
144,Developed,1976.0,18064.285712490222,12.207093984097448,13772403.466,2.5402317494601747,https://raw.githubusercontent.com/bakered/co2emmisions/main/src_shiny_app/static/developed_map.png
145,Developed,1976.2000000000003,18137.657560525116,12.225583701055644,13818326.049,2.544449306777885,https://raw.githubusercontent.com/bakered/co2emmisions/main/src_shiny_app/static/developed_map.png
146,Developed,1976.4,18210.401530618805,12.24269173021738,13864248.632,2.548666864095595,https://raw.githubusercontent.com/bakered/co2emmisions/main/src_shiny_app/static/developed_map.png
147,Developed,1976.6000000000001,18282.603443588145,12.258456067000637,13910171.215,2.5528844214133057,https://raw.githubusercontent.com/bakered/co2emmisions/main/src_shiny_app/static/developed_map.png
148,Developed,1976.8000000000002,18354.353489312834,12.272918259552135,13956093.798,2.5571019787310156,https://raw.githubusercontent.com/bakered/co2emmisions/main/src_shiny_app/static/developed_map.png
149,Developed,1977.0,18425.73541245707,12.28610877802785,14002016.381,2.561319536048726,https://raw.githubusercontent.com/bakered/co2emmisions/main/src_shiny_app/static/developed_map.png
150,Developed,1977.0,18425.73541245707,12.28610877802785,14002016.381,2.561319536048726,https://raw.githubusercontent.com/bakered/co2emmisions/main/src_shiny_app/static/developed_map.png
151,Developed,1977.2000000000003,18496.82931011036,12.298061903574107,14051647.8882,2.56583902224752,https://raw.githubusercontent.com/bakered/co2emmisions/main/src_shiny_app/static/developed_map.png
152,Developed,1977.4,18567.71230176537,12.308823057511912,14101279.395399999,2.5703585084463128,https://raw.githubusercontent.com/bakered/co2emmisions/main/src_shiny_app/static/developed_map.png
153,Developed,1977.6,18638.460787831053,12.318453157322363,14150910.9026,2.574877994645106,https://raw.githubusercontent.com/bakered/co2emmisions/main/src_shiny_app/static/developed_map.png
154,Developed,1977.8,18709.153318860215,12.327026436318695,14200542.4098,2.5793974808438995,https://raw.githubusercontent.com/bakered/co2emmisions/main/src_shiny_app/static/developed_map.png
155,Developed,1978.0,18779.85106101156,12.334604709924225,14250173.917,2.583916967042693,https://raw.githubusercontent.com/bakered/co2emmisions/main/src_shiny_app/static/developed_map.png
156,Developed,1978.0,18779.85106101156,12.334604709924225,14250173.917,2.583916967042693,https://raw.githubusercontent.com/bakered/co2emmisions/main/src_shiny_app/static/developed_map.png
157,Developed,1978.2,18850.60156338831,12.341252878440866,14317921.2418,2.5900230454889215,https://raw.githubusercontent.com/bakered/co2emmisions/main/src_shiny_app/static/developed_map.png
158,Developed,1978.4,18921.441939868066,12.34704658122055,14385668.566599999,2.59612912393515,https://raw.githubusercontent.com/bakered/co2emmisions/main/src_shiny_app/static/developed_map.png
159,Developed,1978.6,18992.404173944917,12.352075614751834,14453415.8914,2.6022352023813786,https://raw.githubusercontent.com/bakered/co2emmisions/main/src_shiny_app/static/developed_map.png
160,Developed,1978.8,19063.52118048871,12.356440128253123,14521163.2162,2.608341280827607,https://raw.githubusercontent.com/bakered/co2emmisions/main/src_shiny_app/static/developed_map.png
161,Developed,1979.0,19134.810646293627,12.360220863887777,14588910.541,2.6144473592738358,https://raw.githubusercontent.com/bakered/co2emmisions/main/src_shiny_app/static/developed_map.png
162,Developed,1979.0,19134.810646293627,12.360220863887777,14588910.541,2.6144473592738358,https://raw.githubusercontent.com/bakered/co2emmisions/main/src_shiny_app/static/developed_map.png
163,Developed,1979.2,19206.281181473645,12.363493767514683,14724751.611200001,2.6264807880115204,https://raw.githubusercontent.com/bakered/co2emmisions/main/src_shiny_app/static/developed_map.png
164,Developed,1979.3999999999999,19277.937238812978,12.366335761531467,14860592.681400001,2.638514216749204,https://raw.githubusercontent.com/bakered/co2emmisions/main/src_shiny_app/static/developed_map.png
165,Developed,1979.6,19349.78555722778,12.368825543832441,14996433.751600001,2.6505476454868884,https://raw.githubusercontent.com/bakered/co2emmisions/main/src_shiny_app/static/developed_map.png
166,Developed,1979.8,19421.842110595237,12.371038869923934,15132274.821800001,2.662581074224573,https://raw.githubusercontent.com/bakered/co2emmisions/main/src_shiny_app/static/developed_map.png
167,Developed,1980.0,19494.116034051185,12.37302317988769,15268115.892,2.6746145029622572,https://raw.githubusercontent.com/bakered/co2emmisions/main/src_shiny_app/static/developed_map.png
168,Developed,1980.0,19494.116034051185,12.37302317988769,15268115.892,2.6746145029622572,https://raw.githubusercontent.com/bakered/co2emmisions/main/src_shiny_app/static/developed_map.png
169,Developed,1980.2,19566.613574406074,12.374811777530045,15183935.839200003,2.6671897937699076,https://raw.githubusercontent.com/bakered/co2emmisions/main/src_shiny_app/static/developed_map.png
170,Developed,1980.4,19639.341599379095,12.37643118171088,15099755.786400001,2.6597650845775576,https://raw.githubusercontent.com/bakered/co2emmisions/main/src_shiny_app/static/developed_map.png
171,Developed,1980.6,19712.3092755709,12.37790552002752,15015575.733600002,2.652340375385208,https://raw.githubusercontent.com/bakered/co2emmisions/main/src_shiny_app/static/developed_map.png
172,Developed,1980.8000000000002,19785.529003777476,12.379259362799864,14931395.680800002,2.644915666192858,https://raw.githubusercontent.com/bakered/co2emmisions/main/src_shiny_app/static/developed_map.png
173,Developed,1981.0,19859.001591357155,12.380508147406237,14847215.628,2.6374909570005083,https://raw.githubusercontent.com/bakered/co2emmisions/main/src_shiny_app/static/developed_map.png
174,Developed,1981.0,19859.001591357155,12.380508147406237,14847215.628,2.6374909570005083,https://raw.githubusercontent.com/bakered/co2emmisions/main/src_shiny_app/static/developed_map.png
175,Developed,1981.2000000000003,19932.72029507219,12.38166344831736,14780528.919400003,2.631534138698191,https://raw.githubusercontent.com/bakered/co2emmisions/main/src_shiny_app/static/developed_map.png
176,Developed,1981.4,20006.67402384539,12.382734603184328,14713842.210800001,2.625577320395873,https://raw.githubusercontent.com/bakered/co2emmisions/main/src_shiny_app/static/developed_map.png
177,Developed,1981.6000000000001,20080.8476353867,12.383727162011715,14647155.5022,2.619620502093556,https://raw.githubusercontent.com/bakered/co2emmisions/main/src_shiny_app/static/developed_map.png
178,Developed,1981.8000000000002,20155.220669962375,12.384638189949792,14580468.7936,2.613663683791238,https://raw.githubusercontent.com/bakered/co2emmisions/main/src_shiny_app/static/developed_map.png
179,Developed,1982.0,20229.76091271361,12.385447239504444,14513782.085,2.607706865488921,https://raw.githubusercontent.com/bakered/co2emmisions/main/src_shiny_app/static/developed_map.png
180,Developed,1982.0,20229.76091271361,12.385447239504444,14513782.085,2.607706865488921,https://raw.githubusercontent.com/bakered/co2emmisions/main/src_shiny_app/static/developed_map.png
181,Developed,1982.2000000000003,20304.43025994357,12.386124220390705,14506508.235800002,2.607053005452903,https://raw.githubusercontent.com/bakered/co2emmisions/main/src_shiny_app/static/developed_map.png
182,Developed,1982.4,20379.18898865498,12.386634174702229,14499234.3866,2.6063991454168853,https://raw.githubusercontent.com/bakered/co2emmisions/main/src_shiny_app/static/developed_map.png
183,Developed,1982.6,20453.9962279388,12.386937656920814,14491960.5374,2.605745285380867,https://raw.githubusercontent.com/bakered/co2emmisions/main/src_shiny_app/static/developed_map.png
184,Developed,1982.8,20528.809774450314,12.386989142931558,14484686.6882,2.60509142534485,https://raw.githubusercontent.com/bakered/co2emmisions/main/src_shiny_app/static/developed_map.png
185,Developed,1983.0,20603.589749540086,12.386738155834038,14477412.839,2.6044375653088316,https://raw.githubusercontent.com/bakered/co2emmisions/main/src_shiny_app/static/developed_map.png
186,Developed,1983.0,20603.589749540086,12.386738155834038,14477412.839,2.6044375653088316,https://raw.githubusercontent.com/bakered/co2emmisions/main/src_shiny_app/static/developed_map.png
187,Developed,1983.2,20678.30259938823,12.386135632686269,14552880.751400001,2.6111821114990352,https://raw.githubusercontent.com/bakered/co2emmisions/main/src_shiny_app/static/developed_map.png
188,Developed,1983.4,20752.923792220856,12.385138327019215,14628348.6638,2.617926657689239,https://raw.githubusercontent.com/bakered/co2emmisions/main/src_shiny_app/static/developed_map.png
189,Developed,1983.6,20827.43742578682,12.383709520094426,14703816.576200001,2.6246712038794424,https://raw.githubusercontent.com/bakered/co2emmisions/main/src_shiny_app/static/developed_map.png
190,Developed,1983.8,20901.836337115397,12.38181789600545,14779284.4886,2.6314157500696456,https://raw.githubusercontent.com/bakered/co2emmisions/main/src_shiny_app/static/developed_map.png
191,Developed,1984.0,20976.129492162632,12.379443750176286,14854752.401,2.638160296259849,https://raw.githubusercontent.com/bakered/co2emmisions/main/src_shiny_app/static/developed_map.png
192,Developed,1984.0,20976.129492162632,12.379443750176286,14854752.401,2.638160296259849,https://raw.githubusercontent.com/bakered/co2emmisions/main/src_shiny_app/static/developed_map.png
193,Developed,1984.2,21050.338808549717,12.376581104637358,14927830.5044,2.6446101028608773,https://raw.githubusercontent.com/bakered/co2emmisions/main/src_shiny_app/static/developed_map.png
194,Developed,1984.3999999999999,21124.496767766723,12.373238008964847,15000908.6078,2.651059909461905,https://raw.githubusercontent.com/bakered/co2emmisions/main/src_shiny_app/static/developed_map.png
195,Developed,1984.6,21198.643267107476,12.369433875987122,15073986.711199999,2.6575097160629326,https://raw.githubusercontent.com/bakered/co2emmisions/main/src_shiny_app/static/developed_map.png
196,Developed,1984.8,21272.823408634016,12.365193978446817,15147064.8146,2.6639595226639603,https://raw.githubusercontent.com/bakered/co2emmisions/main/src_shiny_app/static/developed_map.png
197,Developed,1985.0,21347.09339202949,12.360551201344027,15220142.918,2.670409329264988,https://raw.githubusercontent.com/bakered/co2emmisions/main/src_shiny_app/static/developed_map.png
198,Developed,1985.0,21347.09339202949,12.360551201344027,15220142.918,2.670409329264988,https://raw.githubusercontent.com/bakered/co2emmisions/main/src_shiny_app/static/developed_map.png
199,Developed,1985.2,21421.515271111595,12.355546959168528,15223484.2686,2.6707023727216663,https://raw.githubusercontent.com/bakered/co2emmisions/main/src_shiny_app/static/developed_map.png
200,Developed,1985.4,21496.15251814065,12.350229464196339,15226825.619199999,2.670995416178344,https://raw.githubusercontent.com/bakered/co2emmisions/main/src_shiny_app/static/developed_map.png
201,Developed,1985.6,21571.06536704108,12.344650206882475,15230166.9698,2.6712884596350213,https://raw.githubusercontent.com/bakered/co2emmisions/main/src_shiny_app/static/developed_map.png
202,Developed,1985.8000000000002,21646.306668167865,12.338857665985078,15233508.3204,2.671581503091699,https://raw.githubusercontent.com/bakered/co2emmisions/main/src_shiny_app/static/developed_map.png
203,Developed,1986.0,21721.923907718607,12.33289421491528,15236849.671,2.671874546548377,https://raw.githubusercontent.com/bakered/co2emmisions/main/src_shiny_app/static/developed_map.png
204,Developed,1986.0,21721.923907718607,12.33289421491528,15236849.671,2.671874546548377,https://raw.githubusercontent.com/bakered/co2emmisions/main/src_shiny_app/static/developed_map.png
205,Developed,1986.2000000000003,21797.95661363978,12.326799205098741,15280597.262400001,2.6756965818087552,https://raw.githubusercontent.com/bakered/co2emmisions/main/src_shiny_app/static/developed_map.png
206,Developed,1986.4,21874.435165726398,12.320609873355146,15324344.8538,2.6795186170691325,https://raw.githubusercontent.com/bakered/co2emmisions/main/src_shiny_app/static/developed_map.png
207,Developed,1986.6000000000001,21951.38114663847,12.314359850205719,15368092.4452,2.6833406523295107,https://raw.githubusercontent.com/bakered/co2emmisions/main/src_shiny_app/static/developed_map.png
208,Developed,1986.8000000000002,22028.810996790486,12.308077100807912,15411840.036600001,2.6871626875898884,https://raw.githubusercontent.com/bakered/co2emmisions/main/src_shiny_app/static/developed_map.png
209,Developed,1987.0,22106.742213168276,12.301790315744958,15455587.628,2.6909847228502666,https://raw.githubusercontent.com/bakered/co2emmisions/main/src_shiny_app/static/developed_map.png
210,Developed,1987.0,22106.742213168276,12.301790315744958,15455587.628,2.6909847228502666,https://raw.githubusercontent.com/bakered/co2emmisions/main/src_shiny_app/static/developed_map.png
211,Developed,1987.2000000000003,22185.188931952685,12.295527686560051,15537697.404800002,2.6980859735052083,https://raw.githubusercontent.com/bakered/co2emmisions/main/src_shiny_app/static/developed_map.png
212,Developed,1987.4,22264.160500591166,12.289314981300558,15619807.1816,2.7051872241601504,https://raw.githubusercontent.com/bakered/co2emmisions/main/src_shiny_app/static/developed_map.png
213,Developed,1987.6,22343.663299007556,12.283173370171696,15701916.9584,2.712288474815092,https://raw.githubusercontent.com/bakered/co2emmisions/main/src_shiny_app/static/developed_map.png
214,Developed,1987.8,22423.706811462114,12.277116912298407,15784026.7352,2.719389725470034,https://raw.githubusercontent.com/bakered/co2emmisions/main/src_shiny_app/static/developed_map.png
215,Developed,1988.0,22504.308062651857,12.271158796046883,15866136.512,2.7264909761249756,https://raw.githubusercontent.com/bakered/co2emmisions/main/src_shiny_app/static/developed_map.png
216,Developed,1988.0,22504.308062651857,12.271158796046883,15866136.512,2.7264909761249756,https://raw.githubusercontent.com/bakered/co2emmisions/main/src_shiny_app/static/developed_map.png
217,Developed,1988.2,22585.486704650073,12.265309332069451,15890233.140000002,2.728557483762957,https://raw.githubusercontent.com/bakered/co2emmisions/main/src_shiny_app/static/developed_map.png
218,Developed,1988.4,22667.26353017176,12.259573661572524,15914329.768,2.7306239914009387,https://raw.githubusercontent.com/bakered/co2emmisions/main/src_shiny_app/static/developed_map.png
219,Developed,1988.6,22749.66579428362,12.253950885311871,15938426.396000002,2.7326904990389203,https://raw.githubusercontent.com/bakered/co2emmisions/main/src_shiny_app/static/developed_map.png
220,Developed,1988.8,22832.7398849759,12.248433300497965,15962523.024,2.7347570066769014,https://raw.githubusercontent.com/bakered/co2emmisions/main/src_shiny_app/static/developed_map.png
221,Developed,1989.0,22916.543742399223,12.243011737267942,15986619.652,2.736823514314883,https://raw.githubusercontent.com/bakered/co2emmisions/main/src_shiny_app/static/developed_map.png
222,Developed,1989.0,22916.543742399223,12.243011737267942,15986619.652,2.736823514314883,https://raw.githubusercontent.com/bakered/co2emmisions/main/src_shiny_app/static/developed_map.png
223,Developed,1989.2,23001.137230104458,12.237673398803786,16061959.422200002,2.743234848263576,https://raw.githubusercontent.com/bakered/co2emmisions/main/src_shiny_app/static/developed_map.png
224,Developed,1989.3999999999999,23086.577876230087,12.232400047763077,16137299.192400001,2.7496461822122695,https://raw.githubusercontent.com/bakered/co2emmisions/main/src_shiny_app/static/developed_map.png
225,Developed,1989.6,23172.92621209441,12.227168722286597,16212638.9626,2.7560575161609626,https://raw.githubusercontent.com/bakered/co2emmisions/main/src_shiny_app/static/developed_map.png
226,Developed,1989.8,23260.262000454728,12.221953855671051,16287978.7328,2.7624688501096557,https://raw.githubusercontent.com/bakered/co2emmisions/main/src_shiny_app/static/developed_map.png
227,Developed,1990.0,23348.659308554867,12.216729358343791,16363318.503,2.7688801840583492,https://raw.githubusercontent.com/bakered/co2emmisions/main/src_shiny_app/static/developed_map.png
228,Developed,1990.0,23348.659308554867,12.216729358343791,16363318.503,2.7688801840583492,https://raw.githubusercontent.com/bakered/co2emmisions/main/src_shiny_app/static/developed_map.png
229,Developed,1990.2,23438.173983416695,12.2114673427043,16297986.117600001,2.763324786172418,https://raw.githubusercontent.com/bakered/co2emmisions/main/src_shiny_app/static/developed_map.png
230,Developed,1990.4,23528.841217318666,12.206138265220721,16232653.7322,2.757769388286487,https://raw.githubusercontent.com/bakered/co2emmisions/main/src_shiny_app/static/developed_map.png
231,Developed,1990.6,23620.683932422395,12.20071359689951,16167321.3468,2.7522139904005556,https://raw.githubusercontent.com/bakered/co2emmisions/main/src_shiny_app/static/developed_map.png
232,Developed,1990.8000000000002,23713.731549343865,12.195169763924385,16101988.961399999,2.7466585925146245,https://raw.githubusercontent.com/bakered/co2emmisions/main/src_shiny_app/static/developed_map.png
233,Developed,1991.0,23807.990424348976,12.189488028766194,16036656.576,2.7411031946286935,https://raw.githubusercontent.com/bakered/co2emmisions/main/src_shiny_app/static/developed_map.png
234,Developed,1991.0,23807.990424348976,12.189488028766194,16036656.576,2.7411031946286935,https://raw.githubusercontent.com/bakered/co2emmisions/main/src_shiny_app/static/developed_map.png
235,Developed,1991.2000000000003,23903.43822170349,12.183653188611233,15942658.5032,2.7330100359254565,https://raw.githubusercontent.com/bakered/co2emmisions/main/src_shiny_app/static/developed_map.png
236,Developed,1991.4,24000.0288184917,12.177653138363462,15848660.430399999,2.72491687722222,https://raw.githubusercontent.com/bakered/co2emmisions/main/src_shiny_app/static/developed_map.png
237,Developed,1991.6000000000001,24097.704756384763,12.171480641143464,15754662.3576,2.716823718518983,https://raw.githubusercontent.com/bakered/co2emmisions/main/src_shiny_app/static/developed_map.png
238,Developed,1991.8000000000002,24196.41826291354,12.165134736444807,15660664.284799999,2.7087305598157467,https://raw.githubusercontent.com/bakered/co2emmisions/main/src_shiny_app/static/developed_map.png
239,Developed,1992.0,24296.106622407402,12.158612084039298,15566666.212,2.70063740111251,https://raw.githubusercontent.com/bakered/co2emmisions/main/src_shiny_app/static/developed_map.png
240,Developed,1992.0,24296.106622407402,12.158612084039298,15566666.212,2.70063740111251,https://raw.githubusercontent.com/bakered/co2emmisions/main/src_shiny_app/static/developed_map.png
241,Developed,1992.2000000000003,24396.692334176743,12.151908790137306,15534279.936999999,2.697820733949166,https://raw.githubusercontent.com/bakered/co2emmisions/main/src_shiny_app/static/developed_map.png
242,Developed,1992.4,24498.091409267803,12.145022245736502,15501893.662,2.6950040667858213,https://raw.githubusercontent.com/bakered/co2emmisions/main/src_shiny_app/static/developed_map.png
243,Developed,1992.6,24600.22528222705,12.13795310381778,15469507.386999998,2.692187399622478,https://raw.githubusercontent.com/bakered/co2emmisions/main/src_shiny_app/static/developed_map.png
244,Developed,1992.8,24703.038380802005,12.130707580099559,15437121.112,2.689370732459133,https://raw.githubusercontent.com/bakered/co2emmisions/main/src_shiny_app/static/developed_map.png
245,Developed,1993.0,24806.473442807765,12.123286252251342,15404734.837,2.6865540652957893,https://raw.githubusercontent.com/bakered/co2emmisions/main/src_shiny_app/static/developed_map.png
246,Developed,1993.0,24806.473442807765,12.123286252251342,15404734.837,2.6865540652957893,https://raw.githubusercontent.com/bakered/co2emmisions/main/src_shiny_app/static/developed_map.png
247,Developed,1993.2,24910.472717763438,12.115688504446881,15371676.5264,2.6836636401973104,https://raw.githubusercontent.com/bakered/co2emmisions/main/src_shiny_app/static/developed_map.png
248,Developed,1993.4,25014.98469234412,12.107916611961063,15338618.215799998,2.6807732150988315,https://raw.githubusercontent.com/bakered/co2emmisions/main/src_shiny_app/static/developed_map.png
249,Developed,1993.6,25119.97130431406,12.09997882909941,15305559.9052,2.6778827900003526,https://raw.githubusercontent.com/bakered/co2emmisions/main/src_shiny_app/static/developed_map.png
250,Developed,1993.8,25225.418905623465,12.09189265789166,15272501.5946,2.6749923649018736,https://raw.githubusercontent.com/bakered/co2emmisions/main/src_shiny_app/static/developed_map.png
251,Developed,1994.0,25331.319123857098,12.083674921303368,15239443.284,2.6721019398033947,https://raw.githubusercontent.com/bakered/co2emmisions/main/src_shiny_app/static/developed_map.png
252,Developed,1994.0,25331.319123857098,12.083674921303368,15239443.284,2.6721019398033947,https://raw.githubusercontent.com/bakered/co2emmisions/main/src_shiny_app/static/developed_map.png
253,Developed,1994.2,25437.6681190828,12.075346065887803,15260450.2824,2.6739404732313896,https://raw.githubusercontent.com/bakered/co2emmisions/main/src_shiny_app/static/developed_map.png
254,Developed,1994.3999999999999,25544.469790529274,12.066933521287082,15281457.2808,2.6757790066593845,https://raw.githubusercontent.com/bakered/co2emmisions/main/src_shiny_app/static/developed_map.png
255,Developed,1994.6,25651.737852212795,12.05847301617234,15302464.2792,2.677617540087379,https://raw.githubusercontent.com/bakered/co2emmisions/main/src_shiny_app/static/developed_map.png
256,Developed,1994.8,25759.50168879394,12.050009657284818,15323471.277600002,2.6794560735153743,https://raw.githubusercontent.com/bakered/co2emmisions/main/src_shiny_app/static/developed_map.png
257,Developed,1995.0,25867.80454905079,12.041588331214903,15344478.276,2.6812946069433687,https://raw.githubusercontent.com/bakered/co2emmisions/main/src_shiny_app/static/developed_map.png
258,Developed,1995.0,25867.80454905079,12.041588331214903,15344478.276,2.6812946069433687,https://raw.githubusercontent.com/bakered/co2emmisions/main/src_shiny_app/static/developed_map.png
259,Developed,1995.2,25976.699420121247,12.033256999424498,15406955.899800003,2.6867257747803794,https://raw.githubusercontent.com/bakered/co2emmisions/main/src_shiny_app/static/developed_map.png
260,Developed,1995.4,26086.247167429643,12.02506857258665,15469433.5236,2.69215694261739,https://raw.githubusercontent.com/bakered/co2emmisions/main/src_shiny_app/static/developed_map.png
261,Developed,1995.6,26196.512880483613,12.017080663697001,15531911.1474,2.697588110454401,https://raw.githubusercontent.com/bakered/co2emmisions/main/src_shiny_app/static/developed_map.png
262,Developed,1995.8000000000002,26307.56576530676,12.009355742111836,15594388.7712,2.703019278291411,https://raw.githubusercontent.com/bakered/co2emmisions/main/src_shiny_app/static/developed_map.png
263,Developed,1996.0,26419.49216574779,12.001955607443987,15656866.395,2.708450446128422,https://raw.githubusercontent.com/bakered/co2emmisions/main/src_shiny_app/static/developed_map.png
264,Developed,1996.0,26419.49216574779,12.001955607443987,15656866.395,2.708450446128422,https://raw.githubusercontent.com/bakered/co2emmisions/main/src_shiny_app/static/developed_map.png
265,Developed,1996.2000000000003,26532.387609447636,11.994941024571188,15639662.0972,2.706960327791581,https://raw.githubusercontent.com/bakered/co2emmisions/main/src_shiny_app/static/developed_map.png
266,Developed,1996.4,26646.35009517537,11.988370308197236,15622457.7994,2.70547020945474,https://raw.githubusercontent.com/bakered/co2emmisions/main/src_shiny_app/static/developed_map.png
267,Developed,1996.6000000000001,26761.47313586645,11.982297594111701,15605253.5016,2.7039800911178995,https://raw.githubusercontent.com/bakered/co2emmisions/main/src_shiny_app/static/developed_map.png
268,Developed,1996.8000000000002,26877.84512728986,11.976771671753827,15588049.2038,2.7024899727810583,https://raw.githubusercontent.com/bakered/co2emmisions/main/src_shiny_app/static/developed_map.png
269,Developed,1997.0,26995.569365688505,11.971832494878461,15570844.906,2.7009998544442175,https://raw.githubusercontent.com/bakered/co2emmisions/main/src_shiny_app/static/developed_map.png
270,Developed,1997.0,26995.569365688505,11.971832494878461,15570844.906,2.7009998544442175,https://raw.githubusercontent.com/bakered/co2emmisions/main/src_shiny_app/static/developed_map.png
271,Developed,1997.2000000000003,27114.749996339968,11.967509976050543,15557403.819600001,2.6998328133881624,https://raw.githubusercontent.com/bakered/co2emmisions/main/src_shiny_app/static/developed_map.png
272,Developed,1997.4,27235.48302971781,11.96382274290509,15543962.733199999,2.698665772332107,https://raw.githubusercontent.com/bakered/co2emmisions/main/src_shiny_app/static/developed_map.png
273,Developed,1997.6,27357.85068474208,11.96077632401793,15530521.6468,2.697498731276051,https://raw.githubusercontent.com/bakered/co2emmisions/main/src_shiny_app/static/developed_map.png
274,Developed,1997.8,27481.92538513585,11.95836175008952,15517080.560399998,2.696331690219996,https://raw.githubusercontent.com/bakered/co2emmisions/main/src_shiny_app/static/developed_map.png
275,Developed,1998.0,27607.799239787113,11.956558146322905,15503639.474,2.6951646491639405,https://raw.githubusercontent.com/bakered/co2emmisions/main/src_shiny_app/static/developed_map.png
276,Developed,1998.0,27607.799239787113,11.956558146322905,15503639.474,2.6951646491639405,https://raw.githubusercontent.com/bakered/co2emmisions/main/src_shiny_app/static/developed_map.png
277,Developed,1998.2,27735.566289666618,11.955330548507701,15519846.6578,2.696571547800444,https://raw.githubusercontent.com/bakered/co2emmisions/main/src_shiny_app/static/developed_map.png
278,Developed,1998.4,27865.30708984038,11.954629595446415,15536053.8416,2.697978446436947,https://raw.githubusercontent.com/bakered/co2emmisions/main/src_shiny_app/static/developed_map.png
279,Developed,1998.6,27997.07156671865,11.95439091752402,15552261.0254,2.6993853450734506,https://raw.githubusercontent.com/bakered/co2emmisions/main/src_shiny_app/static/developed_map.png
280,Developed,1998.8,28130.864200757984,11.9545341539109,15568468.2092,2.7007922437099534,https://raw.githubusercontent.com/bakered/co2emmisions/main/src_shiny_app/static/developed_map.png
281,Developed,1999.0,28266.66787162336,11.954977412139021,15584675.393,2.702199142346457,https://raw.githubusercontent.com/bakered/co2emmisions/main/src_shiny_app/static/developed_map.png
282,Developed,1999.0,28266.66787162336,11.954977412139021,15584675.393,2.702199142346457,https://raw.githubusercontent.com/bakered/co2emmisions/main/src_shiny_app/static/developed_map.png
283,Developed,1999.2,28404.41773296528,11.955637258522017,15642742.34,2.707209975029161,https://raw.githubusercontent.com/bakered/co2emmisions/main/src_shiny_app/static/developed_map.png
284,Developed,1999.3999999999999,28543.98206705794,11.9564292500453,15700809.287,2.7122208077118652,https://raw.githubusercontent.com/bakered/co2emmisions/main/src_shiny_app/static/developed_map.png
285,Developed,1999.6,28685.146639789615,11.957267357564087,15758876.234000001,2.717231640394569,https://raw.githubusercontent.com/bakered/co2emmisions/main/src_shiny_app/static/developed_map.png
286,Developed,1999.8,28827.599240572123,11.958061478202488,15816943.181,2.722242473077273,https://raw.githubusercontent.com/bakered/co2emmisions/main/src_shiny_app/static/developed_map.png
287,Developed,2000.0,28970.960722538544,11.958732019917214,15875010.128,2.727253305759977,https://raw.githubusercontent.com/bakered/co2emmisions/main/src_shiny_app/static/developed_map.png
288,Developed,2000.0,28970.960722538544,11.958732019917214,15875010.128,2.727253305759977,https://raw.githubusercontent.com/bakered/co2emmisions/main/src_shiny_app/static/developed_map.png
289,Developed,2000.2,29114.78990433836,11.95920826090168,15881153.4326,2.727780746403698,https://raw.githubusercontent.com/bakered/co2emmisions/main/src_shiny_app/static/developed_map.png
290,Developed,2000.4,29258.605552491965,11.959426119744577,15887296.7372,2.728308187047418,https://raw.githubusercontent.com/bakered/co2emmisions/main/src_shiny_app/static/developed_map.png
291,Developed,2000.6,29401.918078994884,11.959324462169436,15893440.0418,2.728835627691139,https://raw.githubusercontent.com/bakered/co2emmisions/main/src_shiny_app/static/developed_map.png
292,Developed,2000.8000000000002,29544.25678894586,11.958838295392228,15899583.3464,2.7293630683348593,https://raw.githubusercontent.com/bakered/co2emmisions/main/src_shiny_app/static/developed_map.png
293,Developed,2001.0,29685.241272318326,11.957911687461475,15905726.651,2.7298905089785803,https://raw.githubusercontent.com/bakered/co2emmisions/main/src_shiny_app/static/developed_map.png
294,Developed,2001.0,29685.241272318326,11.957911687461475,15905726.651,2.7298905089785803,https://raw.githubusercontent.com/bakered/co2emmisions/main/src_shiny_app/static/developed_map.png
295,Developed,2001.2000000000003,29824.602243989666,11.95649732681558,15918331.348800002,2.730971108053026,https://raw.githubusercontent.com/bakered/co2emmisions/main/src_shiny_app/static/developed_map.png
296,Developed,2001.4,29962.188591718354,11.954555016211478,15930936.0466,2.7320517071274715,https://raw.githubusercontent.com/bakered/co2emmisions/main/src_shiny_app/static/developed_map.png
297,Developed,2001.6000000000001,30097.953648075058,11.9520483269613,15943540.744400002,2.733132306201917,https://raw.githubusercontent.com/bakered/co2emmisions/main/src_shiny_app/static/developed_map.png
298,Developed,2001.8000000000002,30231.91948631412,11.948938906924026,15956145.442200001,2.7342129052763626,https://raw.githubusercontent.com/bakered/co2emmisions/main/src_shiny_app/static/developed_map.png
299,Developed,2002.0,30364.19408491099,11.945202790405352,15968750.14,2.735293504350808,https://raw.githubusercontent.com/bakered/co2emmisions/main/src_shiny_app/static/developed_map.png
300,Developed,2002.0,30364.19408491099,11.945202790405352,15968750.14,2.735293504350808,https://raw.githubusercontent.com/bakered/co2emmisions/main/src_shiny_app/static/developed_map.png
301,Developed,2002.2000000000003,30494.94487445827,11.94082919728538,16019038.004200002,2.739583596709128,https://raw.githubusercontent.com/bakered/co2emmisions/main/src_shiny_app/static/developed_map.png
302,Developed,2002.4,30624.367631935373,11.935817801515785,16069325.8684,2.743873689067448,https://raw.githubusercontent.com/bakered/co2emmisions/main/src_shiny_app/static/developed_map.png
303,Developed,2002.6,30752.654528660485,11.930174665452293,16119613.7326,2.748163781425768,https://raw.githubusercontent.com/bakered/co2emmisions/main/src_shiny_app/static/developed_map.png
304,Developed,2002.8,30879.962270689488,11.923905282927917,16169901.5968,2.752453873784088,https://raw.githubusercontent.com/bakered/co2emmisions/main/src_shiny_app/static/developed_map.png
305,Developed,2003.0,31006.439143792108,11.917023064226532,16220189.461,2.756743966142408,https://raw.githubusercontent.com/bakered/co2emmisions/main/src_shiny_app/static/developed_map.png
306,Developed,2003.0,31006.439143792108,11.917023064226532,16220189.461,2.756743966142408,https://raw.githubusercontent.com/bakered/co2emmisions/main/src_shiny_app/static/developed_map.png
307,Developed,2003.2,31132.221633861656,11.909547971933812,16248374.6104,2.75913392593601,https://raw.githubusercontent.com/bakered/co2emmisions/main/src_shiny_app/static/developed_map.png
308,Developed,2003.4,31257.426602922853,11.901503443520108,16276559.7598,2.761523885729612,https://raw.githubusercontent.com/bakered/co2emmisions/main/src_shiny_app/static/developed_map.png
309,Developed,2003.6,31382.142504565796,11.892912540087336,16304744.909200002,2.7639138455232137,https://raw.githubusercontent.com/bakered/co2emmisions/main/src_shiny_app/static/developed_map.png
310,Developed,2003.8,31506.417849417736,11.883791151400672,16332930.0586,2.766303805316815,https://raw.githubusercontent.com/bakered/co2emmisions/main/src_shiny_app/static/developed_map.png
311,Developed,2004.0,31630.28807034681,11.874154972221062,16361115.208,2.768693765110417,https://raw.githubusercontent.com/bakered/co2emmisions/main/src_shiny_app/static/developed_map.png
312,Developed,2004.0,31630.28807034681,11.874154972221062,16361115.208,2.768693765110417,https://raw.githubusercontent.com/bakered/co2emmisions/main/src_shiny_app/static/developed_map.png
313,Developed,2004.2,31753.78041313416,11.864021026254367,16367818.318400001,2.769260638610674,https://raw.githubusercontent.com/bakered/co2emmisions/main/src_shiny_app/static/developed_map.png
314,Developed,2004.3999999999999,31876.912012465353,11.85340620380285,16374521.428800002,2.769827512110931,https://raw.githubusercontent.com/bakered/co2emmisions/main/src_shiny_app/static/developed_map.png
315,Developed,2004.6,31999.687358098592,11.84232491800145,16381224.5392,2.770394385611188,https://raw.githubusercontent.com/bakered/co2emmisions/main/src_shiny_app/static/developed_map.png
316,Developed,2004.8,32122.09162802326,11.830783494234204,16387927.6496,2.770961259111445,https://raw.githubusercontent.com/bakered/co2emmisions/main/src_shiny_app/static/developed_map.png
317,Developed,2005.0,32244.106600132793,11.818783862120771,16394630.76,2.771528132611702,https://raw.githubusercontent.com/bakered/co2emmisions/main/src_shiny_app/static/developed_map.png
318,Developed,2005.0,32244.106600132793,11.818783862120771,16394630.76,2.771528132611702,https://raw.githubusercontent.com/bakered/co2emmisions/main/src_shiny_app/static/developed_map.png
319,Developed,2005.2,32365.71463735593,11.806327067481135,16398074.974600002,2.7718191801010015,https://raw.githubusercontent.com/bakered/co2emmisions/main/src_shiny_app/static/developed_map.png
320,Developed,2005.4,32486.897336182203,11.79341332359243,16401519.1892,2.772110227590301,https://raw.githubusercontent.com/bakered/co2emmisions/main/src_shiny_app/static/developed_map.png
321,Developed,2005.6,32607.63387210332,11.780041027563618,16404963.4038,2.7724012750796003,https://raw.githubusercontent.com/bakered/co2emmisions/main/src_shiny_app/static/developed_map.png
322,Developed,2005.8000000000002,32727.895732575864,11.766202515899284,16408407.6184,2.7726923225688997,https://raw.githubusercontent.com/bakered/co2emmisions/main/src_shiny_app/static/developed_map.png
323,Developed,2006.0,32847.65435630258,11.751884886520692,16411851.833,2.7729833700581996,https://raw.githubusercontent.com/bakered/co2emmisions/main/src_shiny_app/static/developed_map.png
324,Developed,2006.0,32847.65435630258,11.751884886520692,16411851.833,2.7729833700581996,https://raw.githubusercontent.com/bakered/co2emmisions/main/src_shiny_app/static/developed_map.png
325,Developed,2006.2000000000003,32966.88735700798,11.73707488309491,16433022.095800001,2.7747689831148024,https://raw.githubusercontent.com/bakered/co2emmisions/main/src_shiny_app/static/developed_map.png
326,Developed,2006.4,33085.58025842026,11.721760336264195,16454192.3586,2.7765545961714055,https://raw.githubusercontent.com/bakered/co2emmisions/main/src_shiny_app/static/developed_map.png
327,Developed,2006.6000000000001,33203.72690414309,11.705930992434206,16475362.6214,2.7783402092280083,https://raw.githubusercontent.com/bakered/co2emmisions/main/src_shiny_app/static/developed_map.png
328,Developed,2006.8000000000002,33321.32718947901,11.689576956650905,16496532.8842,2.780125822284611,https://raw.githubusercontent.com/bakered/co2emmisions/main/src_shiny_app/static/developed_map.png
329,Developed,2007.0,33438.38006682115,11.672686581443648,16517703.147,2.7819114353412138,https://raw.githubusercontent.com/bakered/co2emmisions/main/src_shiny_app/static/developed_map.png
330,Developed,2007.0,33438.38006682115,11.672686581443648,16517703.147,2.7819114353412138,https://raw.githubusercontent.com/bakered/co2emmisions/main/src_shiny_app/static/developed_map.png
331,Developed,2007.2000000000003,33554.889534834816,11.655250939410145,16446933.608,2.7759196696181343,https://raw.githubusercontent.com/bakered/co2emmisions/main/src_shiny_app/static/developed_map.png
332,Developed,2007.4,33670.867454437954,11.637265283792365,16376164.069,2.769927903895055,https://raw.githubusercontent.com/bakered/co2emmisions/main/src_shiny_app/static/developed_map.png
333,Developed,2007.6,33786.33520210641,11.618730493897191,16305394.53,2.7639361381719754,https://raw.githubusercontent.com/bakered/co2emmisions/main/src_shiny_app/static/developed_map.png
334,Developed,2007.8,33901.321842389356,11.599651930554126,16234624.991,2.757944372448896,https://raw.githubusercontent.com/bakered/co2emmisions/main/src_shiny_app/static/developed_map.png
335,Developed,2008.0,34015.843067595815,11.580029379659749,16163855.452,2.7519526067258164,https://raw.githubusercontent.com/bakered/co2emmisions/main/src_shiny_app/static/developed_map.png
336,Developed,2008.0,34015.843067595815,11.580029379659749,16163855.452,2.7519526067258164,https://raw.githubusercontent.com/bakered/co2emmisions/main/src_shiny_app/static/developed_map.png
337,Developed,2008.2,34129.91007506062,11.55986183842276,15953847.942200001,2.7337751847861016,https://raw.githubusercontent.com/bakered/co2emmisions/main/src_shiny_app/static/developed_map.png
338,Developed,2008.4,34243.53535651835,11.539149998180203,15743840.4324,2.7155977628463868,https://raw.githubusercontent.com/bakered/co2emmisions/main/src_shiny_app/static/developed_map.png
339,Developed,2008.6,34356.73528970493,11.51789804783886,15533832.922600001,2.697420340906672,https://raw.githubusercontent.com/bakered/co2emmisions/main/src_shiny_app/static/developed_map.png
340,Developed,2008.8,34469.527195467395,11.496112329757487,15323825.412800001,2.6792429189669575,https://raw.githubusercontent.com/bakered/co2emmisions/main/src_shiny_app/static/developed_map.png
341,Developed,2009.0,34581.90062441497,11.473790009035865,15113817.903,2.6610654970272427,https://raw.githubusercontent.com/bakered/co2emmisions/main/src_shiny_app/static/developed_map.png
342,Developed,2009.0,34581.90062441497,11.473790009035865,15113817.903,2.6610654970272427,https://raw.githubusercontent.com/bakered/co2emmisions/main/src_shiny_app/static/developed_map.png
343,Developed,2009.2,34693.8307733892,11.450926103052954,15222797.015800003,2.6705744380395,https://raw.githubusercontent.com/bakered/co2emmisions/main/src_shiny_app/static/developed_map.png
344,Developed,2009.3999999999999,34805.29121070709,11.427518005094479,15331776.128600001,2.680083379051757,https://raw.githubusercontent.com/bakered/co2emmisions/main/src_shiny_app/static/developed_map.png
345,Developed,2009.6,34916.26022838581,11.403565867238019,15440755.2414,2.6895923200640146,https://raw.githubusercontent.com/bakered/co2emmisions/main/src_shiny_app/static/developed_map.png
346,Developed,2009.8,35026.717146650546,11.379069168118255,15549734.3542,2.6991012610762715,https://raw.githubusercontent.com/bakered/co2emmisions/main/src_shiny_app/static/developed_map.png
347,Developed,2010.0,35136.61375529051,11.354018748809766,15658713.467,2.7086102020885288,https://raw.githubusercontent.com/bakered/co2emmisions/main/src_shiny_app/static/developed_map.png
348,Developed,2010.0,35136.61375529051,11.354018748809766,15658713.467,2.7086102020885288,https://raw.githubusercontent.com/bakered/co2emmisions/main/src_shiny_app/static/developed_map.png
349,Developed,2010.2,35245.89057198466,11.328406458233289,15634966.319400001,2.7065524288085108,https://raw.githubusercontent.com/bakered/co2emmisions/main/src_shiny_app/static/developed_map.png
350,Developed,2010.4,35354.488585398765,11.302230545340043,15611219.1718,2.704494655528493,https://raw.githubusercontent.com/bakered/co2emmisions/main/src_shiny_app/static/developed_map.png
351,Developed,2010.6,35462.35802960111,11.275498519869348,15587472.0242,2.702436882248475,https://raw.githubusercontent.com/bakered/co2emmisions/main/src_shiny_app/static/developed_map.png
352,Developed,2010.8000000000002,35569.46439990248,11.248227016493596,15563724.876600001,2.7003791089684572,https://raw.githubusercontent.com/bakered/co2emmisions/main/src_shiny_app/static/developed_map.png
353,Developed,2011.0,35675.78186613007,11.220433170273907,15539977.729,2.6983213356884392,https://raw.githubusercontent.com/bakered/co2emmisions/main/src_shiny_app/static/developed_map.png
354,Developed,2011.0,35675.78186613007,11.220433170273907,15539977.729,2.6983213356884392,https://raw.githubusercontent.com/bakered/co2emmisions/main/src_shiny_app/static/developed_map.png
355,Developed,2011.2000000000003,35781.30771443928,11.192140892037575,15501706.462000001,2.694988381909872,https://raw.githubusercontent.com/bakered/co2emmisions/main/src_shiny_app/static/developed_map.png
356,Developed,2011.4,35886.06947059405,11.163383426603223,15463435.195,2.6916554281313045,https://raw.githubusercontent.com/bakered/co2emmisions/main/src_shiny_app/static/developed_map.png
357,Developed,2011.6000000000001,35990.12727430053,11.134203579956244,15425163.928,2.688322474352737,https://raw.githubusercontent.com/bakered/co2emmisions/main/src_shiny_app/static/developed_map.png
358,Developed,2011.8000000000002,36093.56838736109,11.104651576002283,15386892.660999998,2.6849895205741694,https://raw.githubusercontent.com/bakered/co2emmisions/main/src_shiny_app/static/developed_map.png
359,Developed,2012.0,36196.486829687514,11.074774626502569,15348621.394,2.6816565667956023,https://raw.githubusercontent.com/bakered/co2emmisions/main/src_shiny_app/static/developed_map.png
360,Developed,2012.0,36196.486829687514,11.074774626502569,15348621.394,2.6816565667956023,https://raw.githubusercontent.com/bakered/co2emmisions/main/src_shiny_app/static/developed_map.png
361,Developed,2012.2000000000003,36298.98973696633,11.044620959419158,15344582.1228,2.681303587088642,https://raw.githubusercontent.com/bakered/co2emmisions/main/src_shiny_app/static/developed_map.png
362,Developed,2012.4,36401.19486788426,11.014240791926266,15340542.851599999,2.680950607381682,https://raw.githubusercontent.com/bakered/co2emmisions/main/src_shiny_app/static/developed_map.png
363,Developed,2012.6,36503.22227470629,10.983684897037445,15336503.580400001,2.6805976276747217,https://raw.githubusercontent.com/bakered/co2emmisions/main/src_shiny_app/static/developed_map.png
364,Developed,2012.8,36606.405772218524,10.95328557254468,15332464.3092,2.6802446479677613,https://raw.githubusercontent.com/bakered/co2emmisions/main/src_shiny_app/static/developed_map.png
365,Developed,2013.0,36709.45682448151,10.922861079889625,15328425.038,2.679891668260801,https://raw.githubusercontent.com/bakered/co2emmisions/main/src_shiny_app/static/developed_map.png
366,Developed,2013.0,36709.45682448151,10.922861079889625,15328425.038,2.679891668260801,https://raw.githubusercontent.com/bakered/co2emmisions/main/src_shiny_app/static/developed_map.png
367,Developed,2013.2,36812.37515644234,10.892428834554499,15278629.1092,2.6755208983221515,https://raw.githubusercontent.com/bakered/co2emmisions/main/src_shiny_app/static/developed_map.png
368,Developed,2013.4,36915.17467634542,10.86200101810839,15228833.1804,2.671150128383502,https://raw.githubusercontent.com/bakered/co2emmisions/main/src_shiny_app/static/developed_map.png
369,Developed,2013.6,37017.874880998665,10.831585720723208,15179037.2516,2.6667793584448525,https://raw.githubusercontent.com/bakered/co2emmisions/main/src_shiny_app/static/developed_map.png
370,Developed,2013.8,37120.49610176649,10.80118809107769,15129241.322800001,2.6624085885062025,https://raw.githubusercontent.com/bakered/co2emmisions/main/src_shiny_app/static/developed_map.png
371,Developed,2014.0,37223.05729377753,10.770811264811165,15079445.394,2.658037818567553,https://raw.githubusercontent.com/bakered/co2emmisions/main/src_shiny_app/static/developed_map.png
372,Developed,2014.0,37223.05729377753,10.770811264811165,15079445.394,2.658037818567553,https://raw.githubusercontent.com/bakered/co2emmisions/main/src_shiny_app/static/developed_map.png
373,Developed,2014.2,37325.57529538538,10.740457059799814,15044894.132600002,2.654983889536575,https://raw.githubusercontent.com/bakered/co2emmisions/main/src_shiny_app/static/developed_map.png
374,Developed,2014.3999999999999,37428.064883767096,10.710126469158029,15010342.871199999,2.6519299605055973,https://raw.githubusercontent.com/bakered/co2emmisions/main/src_shiny_app/static/developed_map.png
375,Developed,2014.6,37530.53866804704,10.679819924946418,14975791.6098,2.6488760314746194,https://raw.githubusercontent.com/bakered/co2emmisions/main/src_shiny_app/static/developed_map.png
376,Developed,2014.8,37633.00728443713,10.649537482849226,14941240.3484,2.645822102443641,https://raw.githubusercontent.com/bakered/co2emmisions/main/src_shiny_app/static/developed_map.png
377,Developed,2015.0,37735.4796840806,10.61927895103793,14906689.087,2.6427681734126636,https://raw.githubusercontent.com/bakered/co2emmisions/main/src_shiny_app/static/developed_map.png
378,Developed,2015.0,37735.4796840806,10.61927895103793,14906689.087,2.6427681734126636,https://raw.githubusercontent.com/bakered/co2emmisions/main/src_shiny_app/static/developed_map.png
379,Developed,2015.2,37837.963439269006,10.589043987448209,14875474.956600001,2.639993956870576,https://raw.githubusercontent.com/bakered/co2emmisions/main/src_shiny_app/static/developed_map.png
380,Developed,2015.4,37940.46508494475,10.558832186744073,14844260.826200001,2.637219740328489,https://raw.githubusercontent.com/bakered/co2emmisions/main/src_shiny_app/static/developed_map.png
381,Developed,2015.6,38042.99016681261,10.528643076547741,14813046.6958,2.6344455237864017,https://raw.githubusercontent.com/bakered/co2emmisions/main/src_shiny_app/static/developed_map.png
382,Developed,2015.8000000000002,38145.54337361387,10.498476132840336,14781832.5654,2.6316713072443143,https://raw.githubusercontent.com/bakered/co2emmisions/main/src_shiny_app/static/developed_map.png
383,Developed,2016.0,38248.12868538288,10.468330800161382,14750618.435,2.6288970907022273,https://raw.githubusercontent.com/bakered/co2emmisions/main/src_shiny_app/static/developed_map.png
384,Developed,2016.0,38248.12868538288,10.468330800161382,14750618.435,2.6288970907022273,https://raw.githubusercontent.com/bakered/co2emmisions/main/src_shiny_app/static/developed_map.png
385,Developed,2016.2000000000003,38350.749536458,10.438206517449602,14752236.111800002,2.629041224422024,https://raw.githubusercontent.com/bakered/co2emmisions/main/src_shiny_app/static/developed_map.png
386,Developed,2016.4,38453.40901024467,10.408102753250489,14753853.788600001,2.62918535814182,https://raw.githubusercontent.com/bakered/co2emmisions/main/src_shiny_app/static/developed_map.png
387,Developed,2016.6000000000001,38556.10970719185,10.378018949855674,14755471.4654,2.6293294918616166,https://raw.githubusercontent.com/bakered/co2emmisions/main/src_shiny_app/static/developed_map.png
388,Developed,2016.8000000000002,38658.85370086753,10.347954493241879,14757089.1422,2.629473625581413,https://raw.githubusercontent.com/bakered/co2emmisions/main/src_shiny_app/static/developed_map.png
389,Developed,2017.0,38761.64253835222,10.317908697701254,14758706.819,2.629617759301209,https://raw.githubusercontent.com/bakered/co2emmisions/main/src_shiny_app/static/developed_map.png
390,Developed,2017.0,38761.64253835222,10.317908697701254,14758706.819,2.629617759301209,https://raw.githubusercontent.com/bakered/co2emmisions/main/src_shiny_app/static/developed_map.png
391,Developed,2017.2000000000003,38864.477209230994,10.287880778729976,14784647.343600001,2.6319236676352817,https://raw.githubusercontent.com/bakered/co2emmisions/main/src_shiny_app/static/developed_map.png
392,Developed,2017.4,38967.35805984241,10.257869799703728,14810587.8682,2.6342295759693535,https://raw.githubusercontent.com/bakered/co2emmisions/main/src_shiny_app/static/developed_map.png
393,Developed,2017.6,39070.2849011908,10.227874691033215,14836528.3928,2.636535484303426,https://raw.githubusercontent.com/bakered/co2emmisions/main/src_shiny_app/static/developed_map.png
394,Developed,2017.8,39173.25704304038,10.197894237293,14862468.917399999,2.6388413926374983,https://raw.githubusercontent.com/bakered/co2emmisions/main/src_shiny_app/static/developed_map.png
395,Developed,2018.0,39276.27329535882,10.167927053952887,14888409.442,2.641147300971571,https://raw.githubusercontent.com/bakered/co2emmisions/main/src_shiny_app/static/developed_map.png
396,Developed,2018.0,39276.27329535882,10.167927053952887,14888409.442,2.641147300971571,https://raw.githubusercontent.com/bakered/co2emmisions/main/src_shiny_app/static/developed_map.png
397,Developed,2018.2,39379.331891365146,10.137971520703756,14817536.270200001,2.634823127429584,https://raw.githubusercontent.com/bakered/co2emmisions/main/src_shiny_app/static/developed_map.png
398,Developed,2018.4,39482.43027079617,10.108025640424003,14746663.0984,2.628498953887598,https://raw.githubusercontent.com/bakered/co2emmisions/main/src_shiny_app/static/developed_map.png
399,Developed,2018.6,39585.56536224793,10.078087221972321,14675789.926600002,2.622174780345611,https://raw.githubusercontent.com/bakered/co2emmisions/main/src_shiny_app/static/developed_map.png
400,Developed,2018.8,39688.733685948355,10.048153962442859,14604916.754800001,2.6158506068036242,https://raw.githubusercontent.com/bakered/co2emmisions/main/src_shiny_app/static/developed_map.png
401,Developed,2019.0,39791.93136906795,10.018223478423026,14534043.583,2.609526433261638,https://raw.githubusercontent.com/bakered/co2emmisions/main/src_shiny_app/static/developed_map.png
402,Developed,2019.0,39791.93136906795,10.018223478423026,14534043.583,2.609526433261638,https://raw.githubusercontent.com/bakered/co2emmisions/main/src_shiny_app/static/developed_map.png
403,Developed,2019.2,39895.15406726681,9.988293310202971,14304889.442800002,2.5885323495041104,https://raw.githubusercontent.com/bakered/co2emmisions/main/src_shiny_app/static/developed_map.png
404,Developed,2019.3999999999999,39998.396790479994,9.958360898699155,14075735.3026,2.5675382657465824,https://raw.githubusercontent.com/bakered/co2emmisions/main/src_shiny_app/static/developed_map.png
405,Developed,2019.6,40101.65458971157,9.928423806510668,13846581.1624,2.5465441819890544,https://raw.githubusercontent.com/bakered/co2emmisions/main/src_shiny_app/static/developed_map.png
406,Developed,2019.8,40204.923105484435,9.898479893713635,13617427.0222,2.525550098231527,https://raw.githubusercontent.com/bakered/co2emmisions/main/src_shiny_app/static/developed_map.png
407,Developed,2020.0,40308.1986370656,9.868527432124667,13388272.882,2.504556014473999,https://raw.githubusercontent.com/bakered/co2emmisions/main/src_shiny_app/static/developed_map.png
408,Developed,2020.0,40308.1986370656,9.868527432124667,13388272.882,2.504556014473999,https://raw.githubusercontent.com/bakered/co2emmisions/main/src_shiny_app/static/developed_map.png
409,Developed,2020.2,40411.47782633209,9.838565226429392,13515966.5742,2.51636080079289,https://raw.githubusercontent.com/bakered/co2emmisions/main/src_shiny_app/static/developed_map.png
410,Developed,2020.4,40514.75747672654,9.808592802636621,13643660.266399998,2.52816558711178,https://raw.githubusercontent.com/bakered/co2emmisions/main/src_shiny_app/static/developed_map.png
411,Developed,2020.6,40618.03459265116,9.778610186629487,13771353.9586,2.539970373430671,https://raw.githubusercontent.com/bakered/co2emmisions/main/src_shiny_app/static/developed_map.png
412,Developed,2020.8000000000002,40721.3066353474,9.74861777682517,13899047.650799999,2.5517751597495613,https://raw.githubusercontent.com/bakered/co2emmisions/main/src_shiny_app/static/developed_map.png
413,Developed,2021.0,40824.57176126358,9.718616235233107,14026741.343,2.5635799460684523,https://raw.githubusercontent.com/bakered/co2emmisions/main/src_shiny_app/static/developed_map.png
414,Developed,2021.0,40824.57176126358,9.718616235233107,14026741.343,2.5635799460684523,https://raw.githubusercontent.com/bakered/co2emmisions/main/src_shiny_app/static/developed_map.png
415,Developed,2021.2000000000003,40927.82888460445,9.688606337140328,14013392.1292,2.562358615180629,https://raw.githubusercontent.com/bakered/co2emmisions/main/src_shiny_app/static/developed_map.png
416,Developed,2021.4,41031.07765288849,9.658588813327716,14000042.9154,2.5611372842928053,https://raw.githubusercontent.com/bakered/co2emmisions/main/src_shiny_app/static/developed_map.png
417,Developed,2021.6000000000001,41134.318130146174,9.628564321870375,13986693.7016,2.5599159534049813,https://raw.githubusercontent.com/bakered/co2emmisions/main/src_shiny_app/static/developed_map.png
418,Developed,2021.8000000000002,41237.55063968793,9.598533428060541,13973344.4878,2.558694622517158,https://raw.githubusercontent.com/bakered/co2emmisions/main/src_shiny_app/static/developed_map.png
419,Developed,2022.0,41340.77566570913,9.568496577281795,13959995.274,2.5574732916293343,https://raw.githubusercontent.com/bakered/co2emmisions/main/src_shiny_app/static/developed_map.png
420,Developed,2022.0,41340.77566570913,9.568496577281795,13959995.274,2.5574732916293343,https://raw.githubusercontent.com/bakered/co2emmisions/main/src_shiny_app/static/developed_map.png
421,Developed,2022.2000000000003,41443.99373909012,9.538454037539802,13864583.7882,2.548657622625064,https://raw.githubusercontent.com/bakered/co2emmisions/main/src_shiny_app/static/developed_map.png
422,Developed,2022.4,41547.20531093847,9.508405797785798,13769172.3024,2.539841953620793,https://raw.githubusercontent.com/bakered/co2emmisions/main/src_shiny_app/static/developed_map.png
423,Developed,2022.6,41650.41075192234,9.478351709326901,13673760.8166,2.5310262846165226,https://raw.githubusercontent.com/bakered/co2emmisions/main/src_shiny_app/static/developed_map.png
424,Developed,2022.8,41753.6103393997,9.448291582611143,13578349.3308,2.5222106156122517,https://raw.githubusercontent.com/bakered/co2emmisions/main/src_shiny_app/static/developed_map.png
425,Developed,2023.0,41856.80423183479,9.418225255687531,13482937.845,2.5133949466079812,https://raw.githubusercontent.com/bakered/co2emmisions/main/src_shiny_app/static/developed_map.png
426,Developing Asia and Oceania,1952.0,1171.0851459419096,0.1866475999248588,1256370.74,0.7672331832480047,https://raw.githubusercontent.com/bakered/co2emmisions/main/src_shiny_app/static/asia_and_oceania_map.png
427,Developing Asia and Oceania,1952.2000000000003,1174.7968205850887,0.19230359249314194,1258665.9158,0.7679323925174982,https://raw.githubusercontent.com/bakered/co2emmisions/main/src_shiny_app/static/asia_and_oceania_map.png
428,Developing Asia and Oceania,1952.4,1178.5189781679862,0.1979554770876084,1260961.0916,0.7686316017869916,https://raw.githubusercontent.com/bakered/co2emmisions/main/src_shiny_app/static/asia_and_oceania_map.png
429,Developing Asia and Oceania,1952.6,1182.2521261620045,0.20360307937903874,1263256.2674,0.769330811056485,https://raw.githubusercontent.com/bakered/co2emmisions/main/src_shiny_app/static/asia_and_oceania_map.png
430,Developing Asia and Oceania,1952.8,1185.9967864923055,0.2092462138342608,1265551.4432,0.7700300203259786,https://raw.githubusercontent.com/bakered/co2emmisions/main/src_shiny_app/static/asia_and_oceania_map.png
431,Developing Asia and Oceania,1953.0,1189.7534778949682,0.2148846912228791,1267846.619,0.770729229595472,https://raw.githubusercontent.com/bakered/co2emmisions/main/src_shiny_app/static/asia_and_oceania_map.png
432,Developing Asia and Oceania,1953.0,1189.7534778949682,0.2148846912228791,1267846.619,0.770729229595472,https://raw.githubusercontent.com/bakered/co2emmisions/main/src_shiny_app/static/asia_and_oceania_map.png
433,Developing Asia and Oceania,1953.2,1193.522690247384,0.22051832862166695,1275168.3298,0.7729388419037408,https://raw.githubusercontent.com/bakered/co2emmisions/main/src_shiny_app/static/asia_and_oceania_map.png
434,Developing Asia and Oceania,1953.4,1197.3048457880366,0.22614696382557883,1282490.0406,0.7751484542120095,https://raw.githubusercontent.com/bakered/co2emmisions/main/src_shiny_app/static/asia_and_oceania_map.png
435,Developing Asia and Oceania,1953.6,1201.100331644793,0.23177045131516089,1289811.7514,0.7773580665202784,https://raw.githubusercontent.com/bakered/co2emmisions/main/src_shiny_app/static/asia_and_oceania_map.png
436,Developing Asia and Oceania,1953.8,1204.9095205928186,0.23738866205380785,1297133.4622,0.779567678828547,https://raw.githubusercontent.com/bakered/co2emmisions/main/src_shiny_app/static/asia_and_oceania_map.png
437,Developing Asia and Oceania,1954.0,1208.732783434369,0.24300148582131717,1304455.173,0.7817772911368159,https://raw.githubusercontent.com/bakered/co2emmisions/main/src_shiny_app/static/asia_and_oceania_map.png
438,Developing Asia and Oceania,1954.0,1208.732783434369,0.24300148582131717,1304455.173,0.7817772911368159,https://raw.githubusercontent.com/bakered/co2emmisions/main/src_shiny_app/static/asia_and_oceania_map.png
439,Developing Asia and Oceania,1954.2,1212.5705038027847,0.24860883716774307,1317157.3376000002,0.7855383438914334,https://raw.githubusercontent.com/bakered/co2emmisions/main/src_shiny_app/static/asia_and_oceania_map.png
440,Developing Asia and Oceania,1954.3999999999999,1216.4230944353742,0.25421066815507304,1329859.5022,0.789299396646051,https://raw.githubusercontent.com/bakered/co2emmisions/main/src_shiny_app/static/asia_and_oceania_map.png
441,Developing Asia and Oceania,1954.6,1220.290988224892,0.25980695725303043,1342561.6668,0.7930604494006684,https://raw.githubusercontent.com/bakered/co2emmisions/main/src_shiny_app/static/asia_and_oceania_map.png
442,Developing Asia and Oceania,1954.8,1224.1746312063535,0.26539770396213336,1355263.8314,0.796821502155286,https://raw.githubusercontent.com/bakered/co2emmisions/main/src_shiny_app/static/asia_and_oceania_map.png
443,Developing Asia and Oceania,1955.0,1228.0744778536646,0.27098292682823016,1367965.996,0.8005825549099035,https://raw.githubusercontent.com/bakered/co2emmisions/main/src_shiny_app/static/asia_and_oceania_map.png
444,Developing Asia and Oceania,1955.0,1228.0744778536646,0.27098292682823016,1367965.996,0.8005825549099035,https://raw.githubusercontent.com/bakered/co2emmisions/main/src_shiny_app/static/asia_and_oceania_map.png
445,Developing Asia and Oceania,1955.2,1231.990985277028,0.2765626620620266,1375779.9576,0.8028529627264558,https://raw.githubusercontent.com/bakered/co2emmisions/main/src_shiny_app/static/asia_and_oceania_map.png
446,Developing Asia and Oceania,1955.4,1235.9246041393294,0.2821369643576761,1383593.9192,0.805123370543008,https://raw.githubusercontent.com/bakered/co2emmisions/main/src_shiny_app/static/asia_and_oceania_map.png
447,Developing Asia and Oceania,1955.6,1239.8757730643024,0.2877059071355371,1391407.8808,0.8073937783595602,https://raw.githubusercontent.com/bakered/co2emmisions/main/src_shiny_app/static/asia_and_oceania_map.png
448,Developing Asia and Oceania,1955.8000000000002,1243.8449105457794,0.2932695849161808,1399221.8424,0.8096641861761125,https://raw.githubusercontent.com/bakered/co2emmisions/main/src_shiny_app/static/asia_and_oceania_map.png
449,Developing Asia and Oceania,1956.0,1247.8324056603915,0.2988281165661451,1407035.804,0.8119345939926647,https://raw.githubusercontent.com/bakered/co2emmisions/main/src_shiny_app/static/asia_and_oceania_map.png
450,Developing Asia and Oceania,1956.0,1247.8324056603915,0.2988281165661451,1407035.804,0.8119345939926647,https://raw.githubusercontent.com/bakered/co2emmisions/main/src_shiny_app/static/asia_and_oceania_map.png
451,Developing Asia and Oceania,1956.2000000000003,1251.838601497638,0.3043816507454367,1416728.4528,0.81470750620781,https://raw.githubusercontent.com/bakered/co2emmisions/main/src_shiny_app/static/asia_and_oceania_map.png
452,Developing Asia and Oceania,1956.4,1255.863764554136,0.3099303756507262,1426421.1016,0.8174804184229552,https://raw.githubusercontent.com/bakered/co2emmisions/main/src_shiny_app/static/asia_and_oceania_map.png
453,Developing Asia and Oceania,1956.6000000000001,1259.9081010424427,0.31547451726138,1436113.7504,0.8202533306381005,https://raw.githubusercontent.com/bakered/co2emmisions/main/src_shiny_app/static/asia_and_oceania_map.png
454,Developing Asia and Oceania,1956.8000000000002,1263.9717617454044,0.3210143412121269,1445806.3991999999,0.8230262428532458,https://raw.githubusercontent.com/bakered/co2emmisions/main/src_shiny_app/static/asia_and_oceania_map.png
455,Developing Asia and Oceania,1957.0,1268.0548395851995,0.32655015710590507,1455499.048,0.825799155068391,https://raw.githubusercontent.com/bakered/co2emmisions/main/src_shiny_app/static/asia_and_oceania_map.png
456,Developing Asia and Oceania,1957.0,1268.0548395851995,0.32655015710590507,1455499.048,0.825799155068391,https://raw.githubusercontent.com/bakered/co2emmisions/main/src_shiny_app/static/asia_and_oceania_map.png
457,Developing Asia and Oceania,1957.2000000000003,1272.1573620558129,0.33208232570018403,1512420.9002,0.8412263756291815,https://raw.githubusercontent.com/bakered/co2emmisions/main/src_shiny_app/static/asia_and_oceania_map.png
458,Developing Asia and Oceania,1957.4,1276.2792728033967,0.3376112642523189,1569342.7524,0.8566535961899718,https://raw.githubusercontent.com/bakered/co2emmisions/main/src_shiny_app/static/asia_and_oceania_map.png
459,Developing Asia and Oceania,1957.6,1280.4204381471654,0.3431374111859782,1626264.6045999997,0.8720808167507622,https://raw.githubusercontent.com/bakered/co2emmisions/main/src_shiny_app/static/asia_and_oceania_map.png
460,Developing Asia and Oceania,1957.8,1284.5806446503188,0.3486611958654503,1683186.4567999998,0.8875080373115527,https://raw.githubusercontent.com/bakered/co2emmisions/main/src_shiny_app/static/asia_and_oceania_map.png
461,Developing Asia and Oceania,1958.0,1288.7595909918587,0.3541830332573698,1740108.309,0.9029352578723431,https://raw.githubusercontent.com/bakered/co2emmisions/main/src_shiny_app/static/asia_and_oceania_map.png
462,Developing Asia and Oceania,1958.0,1288.7595909918587,0.3541830332573698,1740108.309,0.9029352578723431,https://raw.githubusercontent.com/bakered/co2emmisions/main/src_shiny_app/static/asia_and_oceania_map.png
463,Developing Asia and Oceania,1958.2,1292.9568759730562,0.3597033448797376,1781344.1268,0.9133343907046354,https://raw.githubusercontent.com/bakered/co2emmisions/main/src_shiny_app/static/asia_and_oceania_map.png
464,Developing Asia and Oceania,1958.4,1297.1719800228407,0.36522258859393975,1822579.9446,0.9237335235369275,https://raw.githubusercontent.com/bakered/co2emmisions/main/src_shiny_app/static/asia_and_oceania_map.png
465,Developing Asia and Oceania,1958.6,1301.4042592642106,0.37074128116180616,1863815.7624,0.9341326563692197,https://raw.githubusercontent.com/bakered/co2emmisions/main/src_shiny_app/static/asia_and_oceania_map.png
466,Developing Asia and Oceania,1958.8,1305.6529344877968,0.37626001192489134,1905051.5802,0.9445317892015119,https://raw.githubusercontent.com/bakered/co2emmisions/main/src_shiny_app/static/asia_and_oceania_map.png
467,Developing Asia and Oceania,1959.0,1309.917075611228,0.3817794568682151,1946287.398,0.954930922033804,https://raw.githubusercontent.com/bakered/co2emmisions/main/src_shiny_app/static/asia_and_oceania_map.png
468,Developing Asia and Oceania,1959.0,1309.917075611228,0.3817794568682151,1946287.398,0.954930922033804,https://raw.githubusercontent.com/bakered/co2emmisions/main/src_shiny_app/static/asia_and_oceania_map.png
469,Developing Asia and Oceania,1959.2,1314.195587480731,0.3873003961227206,1967945.3176000002,0.9601721503203898,https://raw.githubusercontent.com/bakered/co2emmisions/main/src_shiny_app/static/asia_and_oceania_map.png
470,Developing Asia and Oceania,1959.3999999999999,1318.487201439471,0.3928237358272048,1989603.2371999999,0.9654133786069755,https://raw.githubusercontent.com/bakered/co2emmisions/main/src_shiny_app/static/asia_and_oceania_map.png
471,Developing Asia and Oceania,1959.6,1322.7904368334537,0.39835053550107136,2011261.1568,0.9706546068935613,https://raw.githubusercontent.com/bakered/co2emmisions/main/src_shiny_app/static/asia_and_oceania_map.png
472,Developing Asia and Oceania,1959.8,1327.1035645943875,0.4038820423312676,2032919.0764000001,0.9758958351801469,https://raw.githubusercontent.com/bakered/co2emmisions/main/src_shiny_app/static/asia_and_oceania_map.png
473,Developing Asia and Oceania,1960.0,1331.4245715716447,0.4094197340093163,2054576.996,0.9811370634667327,https://raw.githubusercontent.com/bakered/co2emmisions/main/src_shiny_app/static/asia_and_oceania_map.png
474,Developing Asia and Oceania,1960.0,1331.4245715716447,0.4094197340093163,2054576.996,0.9811370634667327,https://raw.githubusercontent.com/bakered/co2emmisions/main/src_shiny_app/static/asia_and_oceania_map.png
475,Developing Asia and Oceania,1960.2,1335.751132887971,0.41496537185636945,2013321.4986000003,0.9710260497278924,https://raw.githubusercontent.com/bakered/co2emmisions/main/src_shiny_app/static/asia_and_oceania_map.png
476,Developing Asia and Oceania,1960.4,1340.0806125761549,0.42052106571587344,1972066.0012000003,0.9609150359890521,https://raw.githubusercontent.com/bakered/co2emmisions/main/src_shiny_app/static/asia_and_oceania_map.png
477,Developing Asia and Oceania,1960.6,1344.4100402645306,0.42608935097494643,1930810.5038,0.9508040222502118,https://raw.githubusercontent.com/bakered/co2emmisions/main/src_shiny_app/static/asia_and_oceania_map.png
478,Developing Asia and Oceania,1960.8000000000002,1348.7361366729338,0.4316732751116976,1889555.0064,0.9406930085113714,https://raw.githubusercontent.com/bakered/co2emmisions/main/src_shiny_app/static/asia_and_oceania_map.png
479,Developing Asia and Oceania,1961.0,1353.055408386451,0.4372764822628924,1848299.509,0.9305819947725311,https://raw.githubusercontent.com/bakered/co2emmisions/main/src_shiny_app/static/asia_and_oceania_map.png
480,Developing Asia and Oceania,1961.0,1353.055408386451,0.4372764822628924,1848299.509,0.9305819947725311,https://raw.githubusercontent.com/bakered/co2emmisions/main/src_shiny_app/static/asia_and_oceania_map.png
481,Developing Asia and Oceania,1961.2000000000003,1357.3643790969024,0.4429032364819783,1831858.3264000001,0.9263960169678049,https://raw.githubusercontent.com/bakered/co2emmisions/main/src_shiny_app/static/asia_and_oceania_map.png
482,Developing Asia and Oceania,1961.4,1361.6600726702477,0.44855827386364433,1815417.1438000002,0.9222100391630788,https://raw.githubusercontent.com/bakered/co2emmisions/main/src_shiny_app/static/asia_and_oceania_map.png
483,Developing Asia and Oceania,1961.6000000000001,1365.9406272367662,0.45424655723446117,1798975.9611999998,0.9180240613583526,https://raw.githubusercontent.com/bakered/co2emmisions/main/src_shiny_app/static/asia_and_oceania_map.png
484,Developing Asia and Oceania,1961.8000000000002,1370.2063427272242,0.45997265118840047,1782534.7785999998,0.9138380835536263,https://raw.githubusercontent.com/bakered/co2emmisions/main/src_shiny_app/static/asia_and_oceania_map.png
485,Developing Asia and Oceania,1962.0,1374.4611665103416,0.4657394698271881,1766093.596,0.9096521057489001,https://raw.githubusercontent.com/bakered/co2emmisions/main/src_shiny_app/static/asia_and_oceania_map.png
486,Developing Asia and Oceania,1962.0,1374.4611665103416,0.4657394698271881,1766093.596,0.9096521057489001,https://raw.githubusercontent.com/bakered/co2emmisions/main/src_shiny_app/static/asia_and_oceania_map.png
487,Developing Asia and Oceania,1962.2000000000003,1378.7143038148588,0.4715461701073396,1770293.799,0.9107305967972413,https://raw.githubusercontent.com/bakered/co2emmisions/main/src_shiny_app/static/asia_and_oceania_map.png
488,Developing Asia and Oceania,1962.4,1382.9807812964643,0.47738543061582417,1774494.0019999999,0.9118090878455825,https://raw.githubusercontent.com/bakered/co2emmisions/main/src_shiny_app/static/asia_and_oceania_map.png
489,Developing Asia and Oceania,1962.6,1388.5058857927654,0.48324065884181544,1778694.205,0.9128875788939237,https://raw.githubusercontent.com/bakered/co2emmisions/main/src_shiny_app/static/asia_and_oceania_map.png
490,Developing Asia and Oceania,1962.8,1394.1470245266876,0.4891292467464953,1782894.408,0.9139660699422648,https://raw.githubusercontent.com/bakered/co2emmisions/main/src_shiny_app/static/asia_and_oceania_map.png
491,Developing Asia and Oceania,1963.0,1399.909067071486,0.49504322344234764,1787094.611,0.915044560990606,https://raw.githubusercontent.com/bakered/co2emmisions/main/src_shiny_app/static/asia_and_oceania_map.png
492,Developing Asia and Oceania,1963.0,1399.909067071486,0.49504322344234764,1787094.611,0.915044560990606,https://raw.githubusercontent.com/bakered/co2emmisions/main/src_shiny_app/static/asia_and_oceania_map.png
493,Developing Asia and Oceania,1963.2,1405.7958440451932,0.5009747362745806,1792624.2876000002,0.9164548052512442,https://raw.githubusercontent.com/bakered/co2emmisions/main/src_shiny_app/static/asia_and_oceania_map.png
494,Developing Asia and Oceania,1963.4,1411.8103824579507,0.506916997957588,1798153.9642,0.9178650495118823,https://raw.githubusercontent.com/bakered/co2emmisions/main/src_shiny_app/static/asia_and_oceania_map.png
495,Developing Asia and Oceania,1963.6,1417.955249753182,0.5128652683884931,1803683.6408,0.9192752937725204,https://raw.githubusercontent.com/bakered/co2emmisions/main/src_shiny_app/static/asia_and_oceania_map.png
496,Developing Asia and Oceania,1963.8,1424.2336910068843,0.5188176414150139,1809213.3174,0.9206855380331586,https://raw.githubusercontent.com/bakered/co2emmisions/main/src_shiny_app/static/asia_and_oceania_map.png
497,Developing Asia and Oceania,1964.0,1430.649816251577,0.5247748512880235,1814742.994,0.9220957822937966,https://raw.githubusercontent.com/bakered/co2emmisions/main/src_shiny_app/static/asia_and_oceania_map.png
498,Developing Asia and Oceania,1964.0,1430.649816251577,0.5247748512880235,1814742.994,0.9220957822937966,https://raw.githubusercontent.com/bakered/co2emmisions/main/src_shiny_app/static/asia_and_oceania_map.png
499,Developing Asia and Oceania,1964.2,1437.2076701678823,0.5307411504869208,1831693.307,0.9263529879252507,https://raw.githubusercontent.com/bakered/co2emmisions/main/src_shiny_app/static/asia_and_oceania_map.png
500,Developing Asia and Oceania,1964.3999999999999,1443.91088155003,0.5367246077871138,1848643.6199999999,0.9306101935567046,https://raw.githubusercontent.com/bakered/co2emmisions/main/src_shiny_app/static/asia_and_oceania_map.png
501,Developing Asia and Oceania,1964.6,1450.762800340855,0.5427366392236253,1865593.933,0.9348673991881586,https://raw.githubusercontent.com/bakered/co2emmisions/main/src_shiny_app/static/asia_and_oceania_map.png
502,Developing Asia and Oceania,1964.8,1457.7671467865393,0.5487911472104373,1882544.2459999998,0.9391246048196127,https://raw.githubusercontent.com/bakered/co2emmisions/main/src_shiny_app/static/asia_and_oceania_map.png
503,Developing Asia and Oceania,1965.0,1464.927785125753,0.5549031076214692,1899494.559,0.9433818104510667,https://raw.githubusercontent.com/bakered/co2emmisions/main/src_shiny_app/static/asia_and_oceania_map.png
504,Developing Asia and Oceania,1965.0,1464.927785125753,0.5549031076214692,1899494.559,0.9433818104510667,https://raw.githubusercontent.com/bakered/co2emmisions/main/src_shiny_app/static/asia_and_oceania_map.png
505,Developing Asia and Oceania,1965.2,1472.2476688521563,0.5610874873756126,1917215.4874,0.9477321956374801,https://raw.githubusercontent.com/bakered/co2emmisions/main/src_shiny_app/static/asia_and_oceania_map.png
506,Developing Asia and Oceania,1965.4,1479.7283879374427,0.5673579051278642,1934936.4157999998,0.9520825808238935,https://raw.githubusercontent.com/bakered/co2emmisions/main/src_shiny_app/static/asia_and_oceania_map.png
507,Developing Asia and Oceania,1965.6,1487.3701277097389,0.5737253329980889,1952657.3442,0.9564329660103068,https://raw.githubusercontent.com/bakered/co2emmisions/main/src_shiny_app/static/asia_and_oceania_map.png
508,Developing Asia and Oceania,1965.8000000000002,1495.172262303685,0.5801975384621452,1970378.2725999998,0.9607833511967203,https://raw.githubusercontent.com/bakered/co2emmisions/main/src_shiny_app/static/asia_and_oceania_map.png
509,Developing Asia and Oceania,1966.0,1503.134449769074,0.5867794215052732,1988099.201,0.9651337363831337,https://raw.githubusercontent.com/bakered/co2emmisions/main/src_shiny_app/static/asia_and_oceania_map.png
510,Developing Asia and Oceania,1966.0,1503.134449769074,0.5867794215052732,1988099.201,0.9651337363831337,https://raw.githubusercontent.com/bakered/co2emmisions/main/src_shiny_app/static/asia_and_oceania_map.png
511,Developing Asia and Oceania,1966.2000000000003,1511.2555419541775,0.5934724025420857,1974683.488,0.9618494295285207,https://raw.githubusercontent.com/bakered/co2emmisions/main/src_shiny_app/static/asia_and_oceania_map.png
512,Developing Asia and Oceania,1966.4,1519.5331263823232,0.60027431927429,1961267.775,0.9585651226739076,https://raw.githubusercontent.com/bakered/co2emmisions/main/src_shiny_app/static/asia_and_oceania_map.png
513,Developing Asia and Oceania,1966.6000000000001,1527.9635371624624,0.6071799324421324,1947852.062,0.9552808158192945,https://raw.githubusercontent.com/bakered/co2emmisions/main/src_shiny_app/static/asia_and_oceania_map.png
514,Developing Asia and Oceania,1966.8000000000002,1536.5426709928727,0.6141821320553479,1934436.349,0.9519965089646815,https://raw.githubusercontent.com/bakered/co2emmisions/main/src_shiny_app/static/asia_and_oceania_map.png
515,Developing Asia and Oceania,1967.0,1545.2675590873482,0.6212732937643595,1921020.636,0.9487122021100683,https://raw.githubusercontent.com/bakered/co2emmisions/main/src_shiny_app/static/asia_and_oceania_map.png
516,Developing Asia and Oceania,1967.0,1545.2675590873482,0.6212732937643595,1921020.636,0.9487122021100683,https://raw.githubusercontent.com/bakered/co2emmisions/main/src_shiny_app/static/asia_and_oceania_map.png
517,Developing Asia and Oceania,1967.2000000000003,1554.1348489213872,0.6284451589260855,1938702.5004,0.9530292595813645,https://raw.githubusercontent.com/bakered/co2emmisions/main/src_shiny_app/static/asia_and_oceania_map.png
518,Developing Asia and Oceania,1967.4,1563.140204318805,0.6356890938566968,1956384.3648,0.9573463170526606,https://raw.githubusercontent.com/bakered/co2emmisions/main/src_shiny_app/static/asia_and_oceania_map.png
519,Developing Asia and Oceania,1967.6,1572.2783209065856,0.6429965046823216,1974066.2292,0.9616633745239567,https://raw.githubusercontent.com/bakered/co2emmisions/main/src_shiny_app/static/asia_and_oceania_map.png
520,Developing Asia and Oceania,1967.8,1581.5438788897372,0.6503597256614162,1991748.0936000003,0.9659804319952529,https://raw.githubusercontent.com/bakered/co2emmisions/main/src_shiny_app/static/asia_and_oceania_map.png
521,Developing Asia and Oceania,1968.0,1590.9327651903457,0.6577727551587647,2009429.958,0.970297489466549,https://raw.githubusercontent.com/bakered/co2emmisions/main/src_shiny_app/static/asia_and_oceania_map.png
522,Developing Asia and Oceania,1968.0,1590.9327651903457,0.6577727551587647,2009429.958,0.970297489466549,https://raw.githubusercontent.com/bakered/co2emmisions/main/src_shiny_app/static/asia_and_oceania_map.png
523,Developing Asia and Oceania,1968.2,1600.440405722717,0.6652311488938772,2038066.3126000003,0.977092376927674,https://raw.githubusercontent.com/bakered/co2emmisions/main/src_shiny_app/static/asia_and_oceania_map.png
524,Developing Asia and Oceania,1968.4,1610.0612200044197,0.672732252369061,2066702.6672,0.9838872643887989,https://raw.githubusercontent.com/bakered/co2emmisions/main/src_shiny_app/static/asia_and_oceania_map.png
525,Developing Asia and Oceania,1968.6,1619.788539962838,0.6802750674975907,2095339.0218,0.9906821518499238,https://raw.githubusercontent.com/bakered/co2emmisions/main/src_shiny_app/static/asia_and_oceania_map.png
526,Developing Asia and Oceania,1968.8,1629.6154349403191,0.6878598532291895,2123975.3764,0.9974770393110489,https://raw.githubusercontent.com/bakered/co2emmisions/main/src_shiny_app/static/asia_and_oceania_map.png
527,Developing Asia and Oceania,1969.0,1639.5367045800474,0.6954873869755097,2152611.7309999997,1.0042719267721738,https://raw.githubusercontent.com/bakered/co2emmisions/main/src_shiny_app/static/asia_and_oceania_map.png
528,Developing Asia and Oceania,1969.0,1639.5367045800474,0.6954873869755097,2152611.7309999997,1.0042719267721738,https://raw.githubusercontent.com/bakered/co2emmisions/main/src_shiny_app/static/asia_and_oceania_map.png
529,Developing Asia and Oceania,1969.2,1649.5479133836843,0.703158869442593,2203045.5052,1.0157107969413122,https://raw.githubusercontent.com/bakered/co2emmisions/main/src_shiny_app/static/asia_and_oceania_map.png
530,Developing Asia and Oceania,1969.3999999999999,1659.645223946442,0.710876188636434,2253479.2794,1.02714966711045,https://raw.githubusercontent.com/bakered/co2emmisions/main/src_shiny_app/static/asia_and_oceania_map.png
531,Developing Asia and Oceania,1969.6,1669.8259199301351,0.7186421419085601,2303913.0535999998,1.0385885372795882,https://raw.githubusercontent.com/bakered/co2emmisions/main/src_shiny_app/static/asia_and_oceania_map.png
532,Developing Asia and Oceania,1969.8,1680.089884149177,0.7264608548243253,2354346.8278,1.0500274074487266,https://raw.githubusercontent.com/bakered/co2emmisions/main/src_shiny_app/static/asia_and_oceania_map.png
533,Developing Asia and Oceania,1970.0,1690.4392794262908,0.7343370449573752,2404780.602,1.0614662776178647,https://raw.githubusercontent.com/bakered/co2emmisions/main/src_shiny_app/static/asia_and_oceania_map.png
534,Developing Asia and Oceania,1970.0,1690.4392794262908,0.7343370449573752,2404780.602,1.0614662776178647,https://raw.githubusercontent.com/bakered/co2emmisions/main/src_shiny_app/static/asia_and_oceania_map.png
535,Developing Asia and Oceania,1970.2,1700.8768760351854,0.7422757382119289,2435914.8986,1.0682298495128693,https://raw.githubusercontent.com/bakered/co2emmisions/main/src_shiny_app/static/asia_and_oceania_map.png
536,Developing Asia and Oceania,1970.4,1711.4054544117575,0.7502821148388444,2467049.1952,1.0749934214078736,https://raw.githubusercontent.com/bakered/co2emmisions/main/src_shiny_app/static/asia_and_oceania_map.png
537,Developing Asia and Oceania,1970.6,1722.0280990548886,0.7583613996593661,2498183.4918,1.0817569933028781,https://raw.githubusercontent.com/bakered/co2emmisions/main/src_shiny_app/static/asia_and_oceania_map.png
538,Developing Asia and Oceania,1970.8000000000002,1732.749435094481,0.7665187339660796,2529317.7884,1.0885205651978827,https://raw.githubusercontent.com/bakered/co2emmisions/main/src_shiny_app/static/asia_and_oceania_map.png
539,Developing Asia and Oceania,1971.0,1743.5753776668375,0.7747588663133954,2560452.085,1.0952841370928872,https://raw.githubusercontent.com/bakered/co2emmisions/main/src_shiny_app/static/asia_and_oceania_map.png
540,Developing Asia and Oceania,1971.0,1743.5753776668375,0.7747588663133954,2560452.085,1.0952841370928872,https://raw.githubusercontent.com/bakered/co2emmisions/main/src_shiny_app/static/asia_and_oceania_map.png
541,Developing Asia and Oceania,1971.2000000000003,1754.511920168016,0.7830859111790412,2581340.6464,1.099707230682578,https://raw.githubusercontent.com/bakered/co2emmisions/main/src_shiny_app/static/asia_and_oceania_map.png
542,Developing Asia and Oceania,1971.4,1765.5647522174763,0.7915029242825704,2602229.2078,1.1041303242722682,https://raw.githubusercontent.com/bakered/co2emmisions/main/src_shiny_app/static/asia_and_oceania_map.png
543,Developing Asia and Oceania,1971.6000000000001,1776.7396051633373,0.8000113996046264,2623117.7692,1.1085534178619587,https://raw.githubusercontent.com/bakered/co2emmisions/main/src_shiny_app/static/asia_and_oceania_map.png
544,Developing Asia and Oceania,1971.8000000000002,1788.0431768589197,0.8086109933738812,2644006.3306,1.1129765114516492,https://raw.githubusercontent.com/bakered/co2emmisions/main/src_shiny_app/static/asia_and_oceania_map.png
545,Developing Asia and Oceania,1972.0,1799.4816445210006,0.8173003362347999,2664894.892,1.1173996050413397,https://raw.githubusercontent.com/bakered/co2emmisions/main/src_shiny_app/static/asia_and_oceania_map.png
546,Developing Asia and Oceania,1972.0,1799.4816445210006,0.8173003362347999,2664894.892,1.1173996050413397,https://raw.githubusercontent.com/bakered/co2emmisions/main/src_shiny_app/static/asia_and_oceania_map.png
547,Developing Asia and Oceania,1972.2000000000003,1811.0601584980827,0.8260767349029767,2687964.6348,1.1221849816938656,https://raw.githubusercontent.com/bakered/co2emmisions/main/src_shiny_app/static/asia_and_oceania_map.png
548,Developing Asia and Oceania,1972.4,1822.7829125829664,0.8349360723361795,2711034.3776,1.1269703583463913,https://raw.githubusercontent.com/bakered/co2emmisions/main/src_shiny_app/static/asia_and_oceania_map.png
549,Developing Asia and Oceania,1972.6,1834.6534895757825,0.8438728839980809,2734104.1204,1.1317557349989174,https://raw.githubusercontent.com/bakered/co2emmisions/main/src_shiny_app/static/asia_and_oceania_map.png
550,Developing Asia and Oceania,1972.8,1846.6757953590768,0.8528807335180743,2757173.8631999996,1.136541111651443,https://raw.githubusercontent.com/bakered/co2emmisions/main/src_shiny_app/static/asia_and_oceania_map.png
551,Developing Asia and Oceania,1973.0,1858.8528444674885,0.8619539480590961,2780243.6059999997,1.1413264883039689,https://raw.githubusercontent.com/bakered/co2emmisions/main/src_shiny_app/static/asia_and_oceania_map.png
552,Developing Asia and Oceania,1973.0,1858.8528444674885,0.8619539480590961,2780243.6059999997,1.1413264883039689,https://raw.githubusercontent.com/bakered/co2emmisions/main/src_shiny_app/static/asia_and_oceania_map.png
553,Developing Asia and Oceania,1973.2,1871.1862260196033,0.8710865606547312,2788538.857,1.1430228397949744,https://raw.githubusercontent.com/bakered/co2emmisions/main/src_shiny_app/static/asia_and_oceania_map.png
554,Developing Asia and Oceania,1973.4,1883.6760759075896,0.8802718050429126,2796834.108,1.1447191912859798,https://raw.githubusercontent.com/bakered/co2emmisions/main/src_shiny_app/static/asia_and_oceania_map.png
555,Developing Asia and Oceania,1973.6,1896.321562722059,0.8895020703096604,2805129.3589999997,1.146415542776985,https://raw.githubusercontent.com/bakered/co2emmisions/main/src_shiny_app/static/asia_and_oceania_map.png
556,Developing Asia and Oceania,1973.8,1909.1220999952054,0.8987691626546835,2813424.6100000003,1.1481118942679904,https://raw.githubusercontent.com/bakered/co2emmisions/main/src_shiny_app/static/asia_and_oceania_map.png
557,Developing Asia and Oceania,1974.0,1922.0765163060537,0.9080657911480386,2821719.861,1.149808245758996,https://raw.githubusercontent.com/bakered/co2emmisions/main/src_shiny_app/static/asia_and_oceania_map.png
558,Developing Asia and Oceania,1974.0,1922.0765163060537,0.9080657911480386,2821719.861,1.149808245758996,https://raw.githubusercontent.com/bakered/co2emmisions/main/src_shiny_app/static/asia_and_oceania_map.png
559,Developing Asia and Oceania,1974.2,1935.1822489985095,0.9173849394325125,2856920.8478000006,1.1568717012808742,https://raw.githubusercontent.com/bakered/co2emmisions/main/src_shiny_app/static/asia_and_oceania_map.png
560,Developing Asia and Oceania,1974.3999999999999,1948.435304764527,0.9267197030815114,2892121.8345999997,1.1639351568027525,https://raw.githubusercontent.com/bakered/co2emmisions/main/src_shiny_app/static/asia_and_oceania_map.png
561,Developing Asia and Oceania,1974.6,1961.8306681332883,0.9360633463650027,2927322.8214,1.170998612324631,https://raw.githubusercontent.com/bakered/co2emmisions/main/src_shiny_app/static/asia_and_oceania_map.png
562,Developing Asia and Oceania,1974.8,1975.3635917151105,0.945409612906606,2962523.8082,1.1780620678465092,https://raw.githubusercontent.com/bakered/co2emmisions/main/src_shiny_app/static/asia_and_oceania_map.png
563,Developing Asia and Oceania,1975.0,1989.0297216528975,0.9547532461127147,2997724.795,1.1851255233683875,https://raw.githubusercontent.com/bakered/co2emmisions/main/src_shiny_app/static/asia_and_oceania_map.png
564,Developing Asia and Oceania,1975.0,1989.0297216528975,0.9547532461127147,2997724.795,1.1851255233683875,https://raw.githubusercontent.com/bakered/co2emmisions/main/src_shiny_app/static/asia_and_oceania_map.png
565,Developing Asia and Oceania,1975.2,2002.8239741733196,0.9640895815138909,3024885.5746,1.19043495101524,https://raw.githubusercontent.com/bakered/co2emmisions/main/src_shiny_app/static/asia_and_oceania_map.png
566,Developing Asia and Oceania,1975.4,2016.7403002884405,0.9734144890176939,3052046.3542,1.1957443786620927,https://raw.githubusercontent.com/bakered/co2emmisions/main/src_shiny_app/static/asia_and_oceania_map.png
567,Developing Asia and Oceania,1975.6,2030.7719579342854,0.9827244644059585,3079207.1338,1.2010538063089455,https://raw.githubusercontent.com/bakered/co2emmisions/main/src_shiny_app/static/asia_and_oceania_map.png
568,Developing Asia and Oceania,1975.8000000000002,2044.9125421616059,0.9920169283199682,3106367.9134,1.2063632339557981,https://raw.githubusercontent.com/bakered/co2emmisions/main/src_shiny_app/static/asia_and_oceania_map.png
569,Developing Asia and Oceania,1976.0,2059.156663834609,1.0012905729923445,3133528.693,1.2116726616026507,https://raw.githubusercontent.com/bakered/co2emmisions/main/src_shiny_app/static/asia_and_oceania_map.png
570,Developing Asia and Oceania,1976.0,2059.156663834609,1.0012905729923445,3133528.693,1.2116726616026507,https://raw.githubusercontent.com/bakered/co2emmisions/main/src_shiny_app/static/asia_and_oceania_map.png
571,Developing Asia and Oceania,1976.2000000000003,2073.499080015328,1.0105449620962579,3170252.9376000003,1.2186718493516988,https://raw.githubusercontent.com/bakered/co2emmisions/main/src_shiny_app/static/asia_and_oceania_map.png
572,Developing Asia and Oceania,1976.4,2087.934605076395,1.0197804106908337,3206977.1822,1.2256710371007469,https://raw.githubusercontent.com/bakered/co2emmisions/main/src_shiny_app/static/asia_and_oceania_map.png
573,Developing Asia and Oceania,1976.6000000000001,2102.458388725009,1.0289979816177113,3243701.4268,1.232670224849795,https://raw.githubusercontent.com/bakered/co2emmisions/main/src_shiny_app/static/asia_and_oceania_map.png
574,Developing Asia and Oceania,1976.8000000000002,2117.0668861566446,1.038199704178249,3280425.6714000003,1.239669412598843,https://raw.githubusercontent.com/bakered/co2emmisions/main/src_shiny_app/static/asia_and_oceania_map.png
575,Developing Asia and Oceania,1977.0,2131.758237567342,1.0473887172082366,3317149.916,1.246668600347891,https://raw.githubusercontent.com/bakered/co2emmisions/main/src_shiny_app/static/asia_and_oceania_map.png
576,Developing Asia and Oceania,1977.0,2131.758237567342,1.0473887172082366,3317149.916,1.246668600347891,https://raw.githubusercontent.com/bakered/co2emmisions/main/src_shiny_app/static/asia_and_oceania_map.png
577,Developing Asia and Oceania,1977.2000000000003,2146.5313755615207,1.0565688064750491,3352157.5552000008,1.25316241264676,https://raw.githubusercontent.com/bakered/co2emmisions/main/src_shiny_app/static/asia_and_oceania_map.png
578,Developing Asia and Oceania,1977.4,2161.385857318165,1.0657441297274393,3387165.1944000004,1.2596562249456287,https://raw.githubusercontent.com/bakered/co2emmisions/main/src_shiny_app/static/asia_and_oceania_map.png
579,Developing Asia and Oceania,1977.6,2176.3220526045006,1.074919216172985,3422172.8336000005,1.2661500372444974,https://raw.githubusercontent.com/bakered/co2emmisions/main/src_shiny_app/static/asia_and_oceania_map.png
580,Developing Asia and Oceania,1977.8,2191.341927367567,1.084099134149839,3457180.4728000006,1.2726438495433663,https://raw.githubusercontent.com/bakered/co2emmisions/main/src_shiny_app/static/asia_and_oceania_map.png
581,Developing Asia and Oceania,1978.0,2206.4488321407957,1.093288733671752,3492188.112,1.279137661842235,https://raw.githubusercontent.com/bakered/co2emmisions/main/src_shiny_app/static/asia_and_oceania_map.png
582,Developing Asia and Oceania,1978.0,2206.4488321407957,1.093288733671752,3492188.112,1.279137661842235,https://raw.githubusercontent.com/bakered/co2emmisions/main/src_shiny_app/static/asia_and_oceania_map.png
583,Developing Asia and Oceania,1978.2,2221.6464464229134,1.1024926234832477,3510402.0798000004,1.282451948891771,https://raw.githubusercontent.com/bakered/co2emmisions/main/src_shiny_app/static/asia_and_oceania_map.png
584,Developing Asia and Oceania,1978.4,2236.9383518353216,1.1117151798655247,3528616.0476,1.2857662359413065,https://raw.githubusercontent.com/bakered/co2emmisions/main/src_shiny_app/static/asia_and_oceania_map.png
585,Developing Asia and Oceania,1978.6,2252.3278093990125,1.1209606157456735,3546830.0154,1.2890805229908422,https://raw.githubusercontent.com/bakered/co2emmisions/main/src_shiny_app/static/asia_and_oceania_map.png
586,Developing Asia and Oceania,1978.8,2267.8178118002347,1.1302330122462265,3565043.9831999997,1.292394810040378,https://raw.githubusercontent.com/bakered/co2emmisions/main/src_shiny_app/static/asia_and_oceania_map.png
587,Developing Asia and Oceania,1979.0,2283.411079862042,1.1395357789134144,3583257.951,1.2957090970899137,https://raw.githubusercontent.com/bakered/co2emmisions/main/src_shiny_app/static/asia_and_oceania_map.png
588,Developing Asia and Oceania,1979.0,2283.411079862042,1.1395357789134144,3583257.951,1.2957090970899137,https://raw.githubusercontent.com/bakered/co2emmisions/main/src_shiny_app/static/asia_and_oceania_map.png
589,Developing Asia and Oceania,1979.2,2299.109503831692,1.1488717238136805,3662464.532,1.3096544552649587,https://raw.githubusercontent.com/bakered/co2emmisions/main/src_shiny_app/static/asia_and_oceania_map.png
590,Developing Asia and Oceania,1979.3999999999999,2314.913994486909,1.1582430684840357,3741671.113,1.3235998134400035,https://raw.githubusercontent.com/bakered/co2emmisions/main/src_shiny_app/static/asia_and_oceania_map.png
591,Developing Asia and Oceania,1979.6,2330.824205304014,1.167651239997807,3820877.694,1.3375451716150484,https://raw.githubusercontent.com/bakered/co2emmisions/main/src_shiny_app/static/asia_and_oceania_map.png
592,Developing Asia and Oceania,1979.8,2346.838604288605,1.1770964922348184,3900084.2750000004,1.3514905297900932,https://raw.githubusercontent.com/bakered/co2emmisions/main/src_shiny_app/static/asia_and_oceania_map.png
593,Developing Asia and Oceania,1980.0,2362.9556884947624,1.1865777435514322,3979290.856,1.365435887965138,https://raw.githubusercontent.com/bakered/co2emmisions/main/src_shiny_app/static/asia_and_oceania_map.png
594,Developing Asia and Oceania,1980.0,2362.9556884947624,1.1865777435514322,3979290.856,1.365435887965138,https://raw.githubusercontent.com/bakered/co2emmisions/main/src_shiny_app/static/asia_and_oceania_map.png
595,Developing Asia and Oceania,1980.2,2379.1732035837786,1.196092797338752,3977976.0170000005,1.365210210758807,https://raw.githubusercontent.com/bakered/co2emmisions/main/src_shiny_app/static/asia_and_oceania_map.png
596,Developing Asia and Oceania,1980.4,2395.487726297109,1.2056383913153665,3976661.1780000003,1.3649845335524757,https://raw.githubusercontent.com/bakered/co2emmisions/main/src_shiny_app/static/asia_and_oceania_map.png
597,Developing Asia and Oceania,1980.6,2411.8946787004916,1.2152103482024237,3975346.3389999997,1.3647588563461446,https://raw.githubusercontent.com/bakered/co2emmisions/main/src_shiny_app/static/asia_and_oceania_map.png
598,Developing Asia and Oceania,1980.8000000000002,2428.3887691807117,1.224803727753684,3974031.5,1.3645331791398134,https://raw.githubusercontent.com/bakered/co2emmisions/main/src_shiny_app/static/asia_and_oceania_map.png
599,Developing Asia and Oceania,1981.0,2444.9661394002874,1.2344135475023332,3972716.661,1.3643075019334823,https://raw.githubusercontent.com/bakered/co2emmisions/main/src_shiny_app/static/asia_and_oceania_map.png
600,Developing Asia and Oceania,1981.0,2444.9661394002874,1.2344135475023332,3972716.661,1.3643075019334823,https://raw.githubusercontent.com/bakered/co2emmisions/main/src_shiny_app/static/asia_and_oceania_map.png
601,Developing Asia and Oceania,1981.2000000000003,2461.6232456299854,1.2440348146232552,4007162.4758,1.3701594287188086,https://raw.githubusercontent.com/bakered/co2emmisions/main/src_shiny_app/static/asia_and_oceania_map.png
602,Developing Asia and Oceania,1981.4,2478.356254345688,1.2536625701533286,4041608.2906,1.3760113555041344,https://raw.githubusercontent.com/bakered/co2emmisions/main/src_shiny_app/static/asia_and_oceania_map.png
603,Developing Asia and Oceania,1981.6000000000001,2495.160821744842,1.2632918931243329,4076054.1054,1.3818632822894605,https://raw.githubusercontent.com/bakered/co2emmisions/main/src_shiny_app/static/asia_and_oceania_map.png
604,Developing Asia and Oceania,1981.8000000000002,2512.0323151779157,1.2729180080156612,4110499.9201999996,1.3877152090747866,https://raw.githubusercontent.com/bakered/co2emmisions/main/src_shiny_app/static/asia_and_oceania_map.png
605,Developing Asia and Oceania,1982.0,2528.9674953655403,1.282536909033885,4144945.735,1.3935671358601127,https://raw.githubusercontent.com/bakered/co2emmisions/main/src_shiny_app/static/asia_and_oceania_map.png
606,Developing Asia and Oceania,1982.0,2528.9674953655403,1.282536909033885,4144945.735,1.3935671358601127,https://raw.githubusercontent.com/bakered/co2emmisions/main/src_shiny_app/static/asia_and_oceania_map.png
607,Developing Asia and Oceania,1982.2000000000003,2545.963428951199,1.2921452047078512,4179123.392,1.3992545219966264,https://raw.githubusercontent.com/bakered/co2emmisions/main/src_shiny_app/static/asia_and_oceania_map.png
608,Developing Asia and Oceania,1982.4,2563.0169740951537,1.301740093399658,4213301.049,1.4049419081331398,https://raw.githubusercontent.com/bakered/co2emmisions/main/src_shiny_app/static/asia_and_oceania_map.png
609,Developing Asia and Oceania,1982.6,2580.1248408785473,1.3113194645426454,4247478.705999999,1.4106292942696534,https://raw.githubusercontent.com/bakered/co2emmisions/main/src_shiny_app/static/asia_and_oceania_map.png
610,Developing Asia and Oceania,1982.8,2597.2841938083966,1.3208821997366764,4281656.363,1.4163166804061669,https://raw.githubusercontent.com/bakered/co2emmisions/main/src_shiny_app/static/asia_and_oceania_map.png
611,Developing Asia and Oceania,1983.0,2614.493104283132,1.3304281663203865,4315834.02,1.4220040665426805,https://raw.githubusercontent.com/bakered/co2emmisions/main/src_shiny_app/static/asia_and_oceania_map.png
612,Developing Asia and Oceania,1983.0,2614.493104283132,1.3304281663203865,4315834.02,1.4220040665426805,https://raw.githubusercontent.com/bakered/co2emmisions/main/src_shiny_app/static/asia_and_oceania_map.png
613,Developing Asia and Oceania,1983.2,2631.749864348655,1.3399579147699336,4351484.889,1.4278178624325073,https://raw.githubusercontent.com/bakered/co2emmisions/main/src_shiny_app/static/asia_and_oceania_map.png
614,Developing Asia and Oceania,1983.4,2649.052951137216,1.3494726220313606,4387135.757999999,1.433631658322334,https://raw.githubusercontent.com/bakered/co2emmisions/main/src_shiny_app/static/asia_and_oceania_map.png
615,Developing Asia and Oceania,1983.6,2666.401558358725,1.3589741442283474,4422786.627,1.4394454542121609,https://raw.githubusercontent.com/bakered/co2emmisions/main/src_shiny_app/static/asia_and_oceania_map.png
616,Developing Asia and Oceania,1983.8,2683.7970199597034,1.368465327157058,4458437.496,1.4452592501019874,https://raw.githubusercontent.com/bakered/co2emmisions/main/src_shiny_app/static/asia_and_oceania_map.png
617,Developing Asia and Oceania,1984.0,2701.2432007523335,1.3779498603580702,4494088.365,1.4510730459918142,https://raw.githubusercontent.com/bakered/co2emmisions/main/src_shiny_app/static/asia_and_oceania_map.png
618,Developing Asia and Oceania,1984.0,2701.2432007523335,1.3779498603580702,4494088.365,1.4510730459918142,https://raw.githubusercontent.com/bakered/co2emmisions/main/src_shiny_app/static/asia_and_oceania_map.png
619,Developing Asia and Oceania,1984.2,2718.7456354189717,1.3874320123691177,4552260.3358000005,1.4603172424698556,https://raw.githubusercontent.com/bakered/co2emmisions/main/src_shiny_app/static/asia_and_oceania_map.png
620,Developing Asia and Oceania,1984.3999999999999,2736.311313010594,1.3969165438884283,4610432.306600001,1.469561438947897,https://raw.githubusercontent.com/bakered/co2emmisions/main/src_shiny_app/static/asia_and_oceania_map.png
621,Developing Asia and Oceania,1984.6,2753.9494284392813,1.4064086979341877,4668604.2774,1.4788056354259385,https://raw.githubusercontent.com/bakered/co2emmisions/main/src_shiny_app/static/asia_and_oceania_map.png
622,Developing Asia and Oceania,1984.8,2771.67332631589,1.4159143547206146,4726776.2482,1.4880498319039799,https://raw.githubusercontent.com/bakered/co2emmisions/main/src_shiny_app/static/asia_and_oceania_map.png
623,Developing Asia and Oceania,1985.0,2789.498074542899,1.4254390845786453,4784948.2190000005,1.4972940283820213,https://raw.githubusercontent.com/bakered/co2emmisions/main/src_shiny_app/static/asia_and_oceania_map.png
624,Developing Asia and Oceania,1985.0,2789.498074542899,1.4254390845786453,4784948.2190000005,1.4972940283820213,https://raw.githubusercontent.com/bakered/co2emmisions/main/src_shiny_app/static/asia_and_oceania_map.png
625,Developing Asia and Oceania,1985.2,2807.4389248253674,1.4349880773124728,4823567.975400001,1.503276666105007,https://raw.githubusercontent.com/bakered/co2emmisions/main/src_shiny_app/static/asia_and_oceania_map.png
626,Developing Asia and Oceania,1985.4,2825.5107184252247,1.444566181325292,4862187.7318,1.5092593038279927,https://raw.githubusercontent.com/bakered/co2emmisions/main/src_shiny_app/static/asia_and_oceania_map.png
627,Developing Asia and Oceania,1985.6,2843.728390976016,1.454178122737955,4900807.4882000005,1.5152419415509784,https://raw.githubusercontent.com/bakered/co2emmisions/main/src_shiny_app/static/asia_and_oceania_map.png
628,Developing Asia and Oceania,1985.8000000000002,2862.109139474056,1.4638289244615583,4939427.2446,1.521224579273964,https://raw.githubusercontent.com/bakered/co2emmisions/main/src_shiny_app/static/asia_and_oceania_map.png
629,Developing Asia and Oceania,1986.0,2880.6690081728243,1.473523068511784,4978047.001,1.5272072169969497,https://raw.githubusercontent.com/bakered/co2emmisions/main/src_shiny_app/static/asia_and_oceania_map.png
630,Developing Asia and Oceania,1986.0,2880.6690081728243,1.473523068511784,4978047.001,1.5272072169969497,https://raw.githubusercontent.com/bakered/co2emmisions/main/src_shiny_app/static/asia_and_oceania_map.png
631,Developing Asia and Oceania,1986.2000000000003,2899.42162283106,1.4832641941935907,5019823.081,1.533549577762767,https://raw.githubusercontent.com/bakered/co2emmisions/main/src_shiny_app/static/asia_and_oceania_map.png
632,Developing Asia and Oceania,1986.4,2918.378221796943,1.493054968814933,5061599.161,1.5398919385285843,https://raw.githubusercontent.com/bakered/co2emmisions/main/src_shiny_app/static/asia_and_oceania_map.png
633,Developing Asia and Oceania,1986.6000000000001,2937.548858343183,1.5028970310419119,5103375.241,1.5462342992944016,https://raw.githubusercontent.com/bakered/co2emmisions/main/src_shiny_app/static/asia_and_oceania_map.png
634,Developing Asia and Oceania,1986.8000000000002,2956.9449895558105,1.51279099505271,5145151.321,1.5525766600602189,https://raw.githubusercontent.com/bakered/co2emmisions/main/src_shiny_app/static/asia_and_oceania_map.png
635,Developing Asia and Oceania,1987.0,2976.573713556939,1.5227365310516192,5186927.401000001,1.5589190208260362,https://raw.githubusercontent.com/bakered/co2emmisions/main/src_shiny_app/static/asia_and_oceania_map.png
636,Developing Asia and Oceania,1987.0,2976.573713556939,1.5227365310516192,5186927.401000001,1.5589190208260362,https://raw.githubusercontent.com/bakered/co2emmisions/main/src_shiny_app/static/asia_and_oceania_map.png
637,Developing Asia and Oceania,1987.2000000000003,2996.435257088616,1.5327326457709192,5247829.472800001,1.5679404909585606,https://raw.githubusercontent.com/bakered/co2emmisions/main/src_shiny_app/static/asia_and_oceania_map.png
638,Developing Asia and Oceania,1987.4,3016.5226711963523,1.5427778806353145,5308731.544600001,1.5769619610910848,https://raw.githubusercontent.com/bakered/co2emmisions/main/src_shiny_app/static/asia_and_oceania_map.png
639,Developing Asia and Oceania,1987.6,3036.823083909994,1.5528704309968768,5369633.6164,1.585983431223609,https://raw.githubusercontent.com/bakered/co2emmisions/main/src_shiny_app/static/asia_and_oceania_map.png
640,Developing Asia and Oceania,1987.8,3057.3200490432264,1.563008268966633,5430535.6882,1.5950049013561334,https://raw.githubusercontent.com/bakered/co2emmisions/main/src_shiny_app/static/asia_and_oceania_map.png
641,Developing Asia and Oceania,1988.0,3077.996018974123,1.5731894442828565,5491437.76,1.6040263714886576,https://raw.githubusercontent.com/bakered/co2emmisions/main/src_shiny_app/static/asia_and_oceania_map.png
642,Developing Asia and Oceania,1988.0,3077.996018974123,1.5731894442828565,5491437.76,1.6040263714886576,https://raw.githubusercontent.com/bakered/co2emmisions/main/src_shiny_app/static/asia_and_oceania_map.png
643,Developing Asia and Oceania,1988.2,3098.8338836463213,1.5834119385344565,5518903.6236,1.6080129343691703,https://raw.githubusercontent.com/bakered/co2emmisions/main/src_shiny_app/static/asia_and_oceania_map.png
644,Developing Asia and Oceania,1988.4,3119.817966924119,1.5936735132091429,5546369.487199999,1.6119994972496827,https://raw.githubusercontent.com/bakered/co2emmisions/main/src_shiny_app/static/asia_and_oceania_map.png
645,Developing Asia and Oceania,1988.6,3140.934664441796,1.6039717300913114,5573835.3508,1.6159860601301954,https://raw.githubusercontent.com/bakered/co2emmisions/main/src_shiny_app/static/asia_and_oceania_map.png
646,Developing Asia and Oceania,1988.8,3162.172900617825,1.614304054405273,5601301.214399999,1.619972623010708,https://raw.githubusercontent.com/bakered/co2emmisions/main/src_shiny_app/static/asia_and_oceania_map.png
647,Developing Asia and Oceania,1989.0,3183.5249724709643,1.624668231957932,5628767.078,1.6239591858912208,https://raw.githubusercontent.com/bakered/co2emmisions/main/src_shiny_app/static/asia_and_oceania_map.png
648,Developing Asia and Oceania,1989.0,3183.5249724709643,1.624668231957932,5628767.078,1.6239591858912208,https://raw.githubusercontent.com/bakered/co2emmisions/main/src_shiny_app/static/asia_and_oceania_map.png
649,Developing Asia and Oceania,1989.2,3204.98610824544,1.6350619652628002,5650675.7188,1.6271043951281379,https://raw.githubusercontent.com/bakered/co2emmisions/main/src_shiny_app/static/asia_and_oceania_map.png
650,Developing Asia and Oceania,1989.3999999999999,3226.553948564657,1.6454826888967828,5672584.3596,1.630249604365055,https://raw.githubusercontent.com/bakered/co2emmisions/main/src_shiny_app/static/asia_and_oceania_map.png
651,Developing Asia and Oceania,1989.6,3248.227812969587,1.6559274483660587,5694493.000399999,1.633394813601972,https://raw.githubusercontent.com/bakered/co2emmisions/main/src_shiny_app/static/asia_and_oceania_map.png
652,Developing Asia and Oceania,1989.8,3270.008029912548,1.6663928360052662,5716401.6411999995,1.636540022838889,https://raw.githubusercontent.com/bakered/co2emmisions/main/src_shiny_app/static/asia_and_oceania_map.png
653,Developing Asia and Oceania,1990.0,3291.8957744226077,1.6768751179769366,5738310.282,1.6396852320758062,https://raw.githubusercontent.com/bakered/co2emmisions/main/src_shiny_app/static/asia_and_oceania_map.png
654,Developing Asia and Oceania,1990.0,3291.8957744226077,1.6768751179769366,5738310.282,1.6396852320758062,https://raw.githubusercontent.com/bakered/co2emmisions/main/src_shiny_app/static/asia_and_oceania_map.png
655,Developing Asia and Oceania,1990.2,3313.892658633136,1.6873703750817766,5786944.083799999,1.6465615375474165,https://raw.githubusercontent.com/bakered/co2emmisions/main/src_shiny_app/static/asia_and_oceania_map.png
656,Developing Asia and Oceania,1990.4,3336.0006573309965,1.697874816718308,5835577.885600001,1.6534378430190269,https://raw.githubusercontent.com/bakered/co2emmisions/main/src_shiny_app/static/asia_and_oceania_map.png
657,Developing Asia and Oceania,1990.6,3358.2219344402874,1.7083849994075453,5884211.6874,1.6603141484906372,https://raw.githubusercontent.com/bakered/co2emmisions/main/src_shiny_app/static/asia_and_oceania_map.png
658,Developing Asia and Oceania,1990.8000000000002,3380.5592603564587,1.7188982087388949,5932845.4892,1.6671904539622473,https://raw.githubusercontent.com/bakered/co2emmisions/main/src_shiny_app/static/asia_and_oceania_map.png
659,Developing Asia and Oceania,1991.0,3403.0175542409515,1.7294130645976633,5981479.291,1.6740667594338576,https://raw.githubusercontent.com/bakered/co2emmisions/main/src_shiny_app/static/asia_and_oceania_map.png
660,Developing Asia and Oceania,1991.0,3403.0175542409515,1.7294130645976633,5981479.291,1.6740667594338576,https://raw.githubusercontent.com/bakered/co2emmisions/main/src_shiny_app/static/asia_and_oceania_map.png
661,Developing Asia and Oceania,1991.2000000000003,3425.60286234345,1.7399292747710917,6037198.8254,1.681775275090558,https://raw.githubusercontent.com/bakered/co2emmisions/main/src_shiny_app/static/asia_and_oceania_map.png
662,Developing Asia and Oceania,1991.4,3448.321886162648,1.7504475967989226,6092918.3598,1.6894837907472582,https://raw.githubusercontent.com/bakered/co2emmisions/main/src_shiny_app/static/asia_and_oceania_map.png
663,Developing Asia and Oceania,1991.6000000000001,3471.181673692177,1.7609697253124812,6148637.894200001,1.6971923064039582,https://raw.githubusercontent.com/bakered/co2emmisions/main/src_shiny_app/static/asia_and_oceania_map.png
664,Developing Asia and Oceania,1991.8000000000002,3494.1897940829153,1.7714982270628954,6204357.4286,1.7049008220606587,https://raw.githubusercontent.com/bakered/co2emmisions/main/src_shiny_app/static/asia_and_oceania_map.png
665,Developing Asia and Oceania,1992.0,3517.355371074745,1.7820365654383994,6260076.963,1.7126093377173588,https://raw.githubusercontent.com/bakered/co2emmisions/main/src_shiny_app/static/asia_and_oceania_map.png
666,Developing Asia and Oceania,1992.0,3517.355371074745,1.7820365654383994,6260076.963,1.7126093377173588,https://raw.githubusercontent.com/bakered/co2emmisions/main/src_shiny_app/static/asia_and_oceania_map.png
667,Developing Asia and Oceania,1992.2000000000003,3540.68826976694,1.7925891086941927,6331912.150400001,1.7222985016096508,https://raw.githubusercontent.com/bakered/co2emmisions/main/src_shiny_app/static/asia_and_oceania_map.png
668,Developing Asia and Oceania,1992.4,3564.1989302132984,1.8031612344680632,6403747.3378,1.7319876655019424,https://raw.githubusercontent.com/bakered/co2emmisions/main/src_shiny_app/static/asia_and_oceania_map.png
669,Developing Asia and Oceania,1992.6,3587.898308634589,1.813759311755073,6475582.5252,1.7416768293942342,https://raw.githubusercontent.com/bakered/co2emmisions/main/src_shiny_app/static/asia_and_oceania_map.png
670,Developing Asia and Oceania,1992.8,3611.798293988042,1.824390707725896,6547417.7126,1.7513659932865262,https://raw.githubusercontent.com/bakered/co2emmisions/main/src_shiny_app/static/asia_and_oceania_map.png
671,Developing Asia and Oceania,1993.0,3635.912455826422,1.8350637202519229,6619252.9,1.7610551571788178,https://raw.githubusercontent.com/bakered/co2emmisions/main/src_shiny_app/static/asia_and_oceania_map.png
672,Developing Asia and Oceania,1993.0,3635.912455826422,1.8350637202519229,6619252.9,1.7610551571788178,https://raw.githubusercontent.com/bakered/co2emmisions/main/src_shiny_app/static/asia_and_oceania_map.png
673,Developing Asia and Oceania,1993.2,3660.255337739675,1.845787403634887,6671546.722,1.7679441819164274,https://raw.githubusercontent.com/bakered/co2emmisions/main/src_shiny_app/static/asia_and_oceania_map.png
674,Developing Asia and Oceania,1993.4,3684.842516060975,1.8565713907343289,6723840.544,1.7748332066540367,https://raw.githubusercontent.com/bakered/co2emmisions/main/src_shiny_app/static/asia_and_oceania_map.png
675,Developing Asia and Oceania,1993.6,3709.690814204447,1.867425744710649,6776134.366,1.781722231391646,https://raw.githubusercontent.com/bakered/co2emmisions/main/src_shiny_app/static/asia_and_oceania_map.png
676,Developing Asia and Oceania,1993.8,3734.81894283127,1.87836079099931,6828428.188,1.7886112561292555,https://raw.githubusercontent.com/bakered/co2emmisions/main/src_shiny_app/static/asia_and_oceania_map.png
677,Developing Asia and Oceania,1994.0,3760.2474523907918,1.88938692500182,6880722.01,1.7955002808668648,https://raw.githubusercontent.com/bakered/co2emmisions/main/src_shiny_app/static/asia_and_oceania_map.png
678,Developing Asia and Oceania,1994.0,3760.2474523907918,1.88938692500182,6880722.01,1.7955002808668648,https://raw.githubusercontent.com/bakered/co2emmisions/main/src_shiny_app/static/asia_and_oceania_map.png
679,Developing Asia and Oceania,1994.2,3785.9985061280277,1.9005154020921247,6944721.3666,1.80375559444107,https://raw.githubusercontent.com/bakered/co2emmisions/main/src_shiny_app/static/asia_and_oceania_map.png
680,Developing Asia and Oceania,1994.3999999999999,3812.096565902879,1.911761097912358,7008720.7232,1.8120109080152749,https://raw.githubusercontent.com/bakered/co2emmisions/main/src_shiny_app/static/asia_and_oceania_map.png
681,Developing Asia and Oceania,1994.6,3838.569217645221,1.923150356068284,7072720.0798,1.8202662215894798,https://raw.githubusercontent.com/bakered/co2emmisions/main/src_shiny_app/static/asia_and_oceania_map.png
682,Developing Asia and Oceania,1994.8,3865.4480181569497,1.9347367743244825,7136719.4364,1.8285215351636845,https://raw.githubusercontent.com/bakered/co2emmisions/main/src_shiny_app/static/asia_and_oceania_map.png
683,Developing Asia and Oceania,1995.0,3892.765921088742,1.946602054439563,7200718.793,1.8367768487378895,https://raw.githubusercontent.com/bakered/co2emmisions/main/src_shiny_app/static/asia_and_oceania_map.png
684,Developing Asia and Oceania,1995.0,3892.765921088742,1.946602054439563,7200718.793,1.8367768487378895,https://raw.githubusercontent.com/bakered/co2emmisions/main/src_shiny_app/static/asia_and_oceania_map.png
685,Developing Asia and Oceania,1995.2,3920.558224209456,1.9588616694209984,7258502.8294,1.8440742153276974,https://raw.githubusercontent.com/bakered/co2emmisions/main/src_shiny_app/static/asia_and_oceania_map.png
686,Developing Asia and Oceania,1995.4,3948.8734688830373,1.9716699478324113,7316286.8658,1.8513715819175052,https://raw.githubusercontent.com/bakered/co2emmisions/main/src_shiny_app/static/asia_and_oceania_map.png
687,Developing Asia and Oceania,1995.6,3977.8189352924,1.985227902812793,7374070.9022,1.858668948507313,https://raw.githubusercontent.com/bakered/co2emmisions/main/src_shiny_app/static/asia_and_oceania_map.png
688,Developing Asia and Oceania,1995.8000000000002,4007.6477130599137,1.9997958095499755,7431854.938599999,1.8659663150971206,https://raw.githubusercontent.com/bakered/co2emmisions/main/src_shiny_app/static/asia_and_oceania_map.png
689,Developing Asia and Oceania,1996.0,4038.75433910012,2.015621482450711,7489638.975,1.8732636816869286,https://raw.githubusercontent.com/bakered/co2emmisions/main/src_shiny_app/static/asia_and_oceania_map.png
690,Developing Asia and Oceania,1996.0,4038.75433910012,2.015621482450711,7489638.975,1.8732636816869286,https://raw.githubusercontent.com/bakered/co2emmisions/main/src_shiny_app/static/asia_and_oceania_map.png
691,Developing Asia and Oceania,1996.2000000000003,4071.6845733630134,2.0328773232123827,7504748.0928,1.8751484419333502,https://raw.githubusercontent.com/bakered/co2emmisions/main/src_shiny_app/static/asia_and_oceania_map.png
692,Developing Asia and Oceania,1996.4,4107.121926641786,2.051610216659967,7519857.2106,1.8770332021797715,https://raw.githubusercontent.com/bakered/co2emmisions/main/src_shiny_app/static/asia_and_oceania_map.png
693,Developing Asia and Oceania,1996.6000000000001,4145.848507943262,2.0717271245831066,7534966.3284,1.878917962426193,https://raw.githubusercontent.com/bakered/co2emmisions/main/src_shiny_app/static/asia_and_oceania_map.png
694,Developing Asia and Oceania,1996.8000000000002,4188.6890553094245,2.093028082258904,7550075.4462,1.8808027226726145,https://raw.githubusercontent.com/bakered/co2emmisions/main/src_shiny_app/static/asia_and_oceania_map.png
695,Developing Asia and Oceania,1997.0,4236.1920003640535,2.1151959358619434,7565184.564,1.8826874829190359,https://raw.githubusercontent.com/bakered/co2emmisions/main/src_shiny_app/static/asia_and_oceania_map.png
696,Developing Asia and Oceania,1997.0,4236.1920003640535,2.1151959358619434,7565184.564,1.8826874829190359,https://raw.githubusercontent.com/bakered/co2emmisions/main/src_shiny_app/static/asia_and_oceania_map.png
697,Developing Asia and Oceania,1997.2000000000003,4288.3881522325755,2.137861546020205,7536435.9068,1.8790931020028063,https://raw.githubusercontent.com/bakered/co2emmisions/main/src_shiny_app/static/asia_and_oceania_map.png
698,Developing Asia and Oceania,1997.4,4344.6881797815895,2.160682720816194,7507687.249600001,1.8754987210865763,https://raw.githubusercontent.com/bakered/co2emmisions/main/src_shiny_app/static/asia_and_oceania_map.png
699,Developing Asia and Oceania,1997.6,4404.00283201282,2.183399877999296,7478938.5923999995,1.8719043401703466,https://raw.githubusercontent.com/bakered/co2emmisions/main/src_shiny_app/static/asia_and_oceania_map.png
700,Developing Asia and Oceania,1997.8,4465.046666391187,2.2058589073363555,7450189.9352,1.8683099592541168,https://raw.githubusercontent.com/bakered/co2emmisions/main/src_shiny_app/static/asia_and_oceania_map.png
701,Developing Asia and Oceania,1998.0,4526.495970742413,2.22797549480893,7421441.278,1.864715578337887,https://raw.githubusercontent.com/bakered/co2emmisions/main/src_shiny_app/static/asia_and_oceania_map.png
702,Developing Asia and Oceania,1998.0,4526.495970742413,2.22797549480893,7421441.278,1.864715578337887,https://raw.githubusercontent.com/bakered/co2emmisions/main/src_shiny_app/static/asia_and_oceania_map.png
703,Developing Asia and Oceania,1998.2,4587.269230573409,2.2497205693056643,7501400.699200001,1.874629142234794,https://raw.githubusercontent.com/bakered/co2emmisions/main/src_shiny_app/static/asia_and_oceania_map.png
704,Developing Asia and Oceania,1998.4,4646.685466896084,2.271105021997975,7581360.120399999,1.8845427061317008,https://raw.githubusercontent.com/bakered/co2emmisions/main/src_shiny_app/static/asia_and_oceania_map.png
705,Developing Asia and Oceania,1998.6,4704.455982646644,2.292165264273704,7661319.5416,1.8944562700286076,https://raw.githubusercontent.com/bakered/co2emmisions/main/src_shiny_app/static/asia_and_oceania_map.png
706,Developing Asia and Oceania,1998.8,4760.583119349272,2.3129521965940363,7741278.9628,1.9043698339255146,https://raw.githubusercontent.com/bakered/co2emmisions/main/src_shiny_app/static/asia_and_oceania_map.png
707,Developing Asia and Oceania,1999.0,4815.229523082767,2.3335110532753998,7821238.384,1.9142833978224214,https://raw.githubusercontent.com/bakered/co2emmisions/main/src_shiny_app/static/asia_and_oceania_map.png
708,Developing Asia and Oceania,1999.0,4815.229523082767,2.3335110532753998,7821238.384,1.9142833978224214,https://raw.githubusercontent.com/bakered/co2emmisions/main/src_shiny_app/static/asia_and_oceania_map.png
709,Developing Asia and Oceania,1999.2,4868.642900634658,2.3538783668556773,7877637.807,1.9211242879250139,https://raw.githubusercontent.com/bakered/co2emmisions/main/src_shiny_app/static/asia_and_oceania_map.png
710,Developing Asia and Oceania,1999.3999999999999,4921.098033417033,2.374083185497402,7934037.2299999995,1.9279651780276057,https://raw.githubusercontent.com/bakered/co2emmisions/main/src_shiny_app/static/asia_and_oceania_map.png
711,Developing Asia and Oceania,1999.6,4972.869642370491,2.394148535183391,7990436.653,1.934806068130198,https://raw.githubusercontent.com/bakered/co2emmisions/main/src_shiny_app/static/asia_and_oceania_map.png
712,Developing Asia and Oceania,1999.8,5024.229305350599,2.414092562631348,8046836.075999999,1.94164695823279,https://raw.githubusercontent.com/bakered/co2emmisions/main/src_shiny_app/static/asia_and_oceania_map.png
713,Developing Asia and Oceania,2000.0,5075.391742945168,2.433931782065313,8103235.499,1.9484878483353822,https://raw.githubusercontent.com/bakered/co2emmisions/main/src_shiny_app/static/asia_and_oceania_map.png
714,Developing Asia and Oceania,2000.0,5075.391742945168,2.433931782065313,8103235.499,1.9484878483353822,https://raw.githubusercontent.com/bakered/co2emmisions/main/src_shiny_app/static/asia_and_oceania_map.png
715,Developing Asia and Oceania,2000.2,5126.517169168181,2.453681201972634,8138051.4836,1.9526514966011597,https://raw.githubusercontent.com/bakered/co2emmisions/main/src_shiny_app/static/asia_and_oceania_map.png
716,Developing Asia and Oceania,2000.4,5177.722137116279,2.473353957502165,8172867.4682,1.9568151448669369,https://raw.githubusercontent.com/bakered/co2emmisions/main/src_shiny_app/static/asia_and_oceania_map.png
717,Developing Asia and Oceania,2000.6,5229.095617354882,2.4929610013963,8207683.4528,1.960978793132714,https://raw.githubusercontent.com/bakered/co2emmisions/main/src_shiny_app/static/asia_and_oceania_map.png
718,Developing Asia and Oceania,2000.8000000000002,5280.721005860416,2.5125111781563163,8242499.4374,1.9651424413984913,https://raw.githubusercontent.com/bakered/co2emmisions/main/src_shiny_app/static/asia_and_oceania_map.png
719,Developing Asia and Oceania,2001.0,5332.648946524332,2.532013882032044,8277315.422,1.9693060896642685,https://raw.githubusercontent.com/bakered/co2emmisions/main/src_shiny_app/static/asia_and_oceania_map.png
720,Developing Asia and Oceania,2001.0,5332.648946524332,2.532013882032044,8277315.422,1.9693060896642685,https://raw.githubusercontent.com/bakered/co2emmisions/main/src_shiny_app/static/asia_and_oceania_map.png
721,Developing Asia and Oceania,2001.2000000000003,5384.897144591391,2.551477884212781,8374232.8978,1.9806712261693868,https://raw.githubusercontent.com/bakered/co2emmisions/main/src_shiny_app/static/asia_and_oceania_map.png
722,Developing Asia and Oceania,2001.4,5437.457647316544,2.570910350130132,8471150.3736,1.9920363626745052,https://raw.githubusercontent.com/bakered/co2emmisions/main/src_shiny_app/static/asia_and_oceania_map.png
723,Developing Asia and Oceania,2001.6000000000001,5490.308199253408,2.5903161121903144,8568067.849399999,2.003401499179623,https://raw.githubusercontent.com/bakered/co2emmisions/main/src_shiny_app/static/asia_and_oceania_map.png
724,Developing Asia and Oceania,2001.8000000000002,5543.426740955878,2.609697684222821,8664985.325199999,2.0147666356847416,https://raw.githubusercontent.com/bakered/co2emmisions/main/src_shiny_app/static/asia_and_oceania_map.png
725,Developing Asia and Oceania,2002.0,5596.767444770996,2.6290591652685062,8761902.800999999,2.02613177218986,https://raw.githubusercontent.com/bakered/co2emmisions/main/src_shiny_app/static/asia_and_oceania_map.png
726,Developing Asia and Oceania,2002.0,5596.767444770996,2.6290591652685062,8761902.800999999,2.02613177218986,https://raw.githubusercontent.com/bakered/co2emmisions/main/src_shiny_app/static/asia_and_oceania_map.png
727,Developing Asia and Oceania,2002.2000000000003,5650.257458999598,2.6484042947018116,8950114.5272,2.0473382349817584,https://raw.githubusercontent.com/bakered/co2emmisions/main/src_shiny_app/static/asia_and_oceania_map.png
728,Developing Asia and Oceania,2002.4,5703.799666116975,2.6677347015645183,9138326.2534,2.068544697773657,https://raw.githubusercontent.com/bakered/co2emmisions/main/src_shiny_app/static/asia_and_oceania_map.png
729,Developing Asia and Oceania,2002.6,5757.277053304548,2.687048350033741,9326537.9796,2.0897511605655548,https://raw.githubusercontent.com/bakered/co2emmisions/main/src_shiny_app/static/asia_and_oceania_map.png
730,Developing Asia and Oceania,2002.8,5810.55760451272,2.706338989135263,9514749.7058,2.110957623357453,https://raw.githubusercontent.com/bakered/co2emmisions/main/src_shiny_app/static/asia_and_oceania_map.png
731,Developing Asia and Oceania,2003.0,5863.477762640332,2.7256020870345923,9702961.432,2.1321640861493516,https://raw.githubusercontent.com/bakered/co2emmisions/main/src_shiny_app/static/asia_and_oceania_map.png
732,Developing Asia and Oceania,2003.0,5863.477762640332,2.7256020870345923,9702961.432,2.1321640861493516,https://raw.githubusercontent.com/bakered/co2emmisions/main/src_shiny_app/static/asia_and_oceania_map.png
733,Developing Asia and Oceania,2003.2,5915.8349083365365,2.7448316840512565,9830472.637600001,2.1459511003097633,https://raw.githubusercontent.com/bakered/co2emmisions/main/src_shiny_app/static/asia_and_oceania_map.png
734,Developing Asia and Oceania,2003.4,5967.383665734181,2.7640175805076224,9957983.8432,2.159738114470174,https://raw.githubusercontent.com/bakered/co2emmisions/main/src_shiny_app/static/asia_and_oceania_map.png
735,Developing Asia and Oceania,2003.6,6017.831691379462,2.783142872444473,10085495.0488,2.1735251286305854,https://raw.githubusercontent.com/bakered/co2emmisions/main/src_shiny_app/static/asia_and_oceania_map.png
736,Developing Asia and Oceania,2003.8,6066.837863180657,2.8021839073252,10213006.2544,2.1873121427909967,https://raw.githubusercontent.com/bakered/co2emmisions/main/src_shiny_app/static/asia_and_oceania_map.png
737,Developing Asia and Oceania,2004.0,6114.038407700739,2.821124852105208,10340517.46,2.201099156951408,https://raw.githubusercontent.com/bakered/co2emmisions/main/src_shiny_app/static/asia_and_oceania_map.png
738,Developing Asia and Oceania,2004.0,6114.038407700739,2.821124852105208,10340517.46,2.201099156951408,https://raw.githubusercontent.com/bakered/co2emmisions/main/src_shiny_app/static/asia_and_oceania_map.png
739,Developing Asia and Oceania,2004.2,6159.060396936674,2.8399551295045797,10506455.308000002,2.2184193297306813,https://raw.githubusercontent.com/bakered/co2emmisions/main/src_shiny_app/static/asia_and_oceania_map.png
740,Developing Asia and Oceania,2004.3999999999999,6201.5501017985125,2.858668269424754,10672393.156,2.2357395025099542,https://raw.githubusercontent.com/bakered/co2emmisions/main/src_shiny_app/static/asia_and_oceania_map.png
741,Developing Asia and Oceania,2004.6,6241.215343165132,2.8772630467369984,10838331.004,2.2530596752892276,https://raw.githubusercontent.com/bakered/co2emmisions/main/src_shiny_app/static/asia_and_oceania_map.png
742,Developing Asia and Oceania,2004.8,6277.890154512378,2.8957518589302396,11004268.851999998,2.2703798480685005,https://raw.githubusercontent.com/bakered/co2emmisions/main/src_shiny_app/static/asia_and_oceania_map.png
743,Developing Asia and Oceania,2005.0,6311.733248726056,2.914208199326513,11170206.7,2.2877000208477734,https://raw.githubusercontent.com/bakered/co2emmisions/main/src_shiny_app/static/asia_and_oceania_map.png
744,Developing Asia and Oceania,2005.0,6311.733248726056,2.914208199326513,11170206.7,2.2877000208477734,https://raw.githubusercontent.com/bakered/co2emmisions/main/src_shiny_app/static/asia_and_oceania_map.png
745,Developing Asia and Oceania,2005.2,6343.356743692802,2.93279628845212,11337182.6634,2.304490585395855,https://raw.githubusercontent.com/bakered/co2emmisions/main/src_shiny_app/static/asia_and_oceania_map.png
746,Developing Asia and Oceania,2005.4,6373.905005637253,2.9518105376396715,11504158.6268,2.3212811499439363,https://raw.githubusercontent.com/bakered/co2emmisions/main/src_shiny_app/static/asia_and_oceania_map.png
747,Developing Asia and Oceania,2005.6,6405.018060295467,2.971707934199083,11671134.5902,2.3380717144920173,https://raw.githubusercontent.com/bakered/co2emmisions/main/src_shiny_app/static/asia_and_oceania_map.png
748,Developing Asia and Oceania,2005.8000000000002,6438.666276227889,2.9930931411286013,11838110.5536,2.354862279040099,https://raw.githubusercontent.com/bakered/co2emmisions/main/src_shiny_app/static/asia_and_oceania_map.png
749,Developing Asia and Oceania,2006.0,6477.06715313606,3.0165663871546826,12005086.517,2.3716528435881803,https://raw.githubusercontent.com/bakered/co2emmisions/main/src_shiny_app/static/asia_and_oceania_map.png
750,Developing Asia and Oceania,2006.0,6477.06715313606,3.0165663871546826,12005086.517,2.3716528435881803,https://raw.githubusercontent.com/bakered/co2emmisions/main/src_shiny_app/static/asia_and_oceania_map.png
751,Developing Asia and Oceania,2006.2000000000003,6522.175225623386,3.042272610642944,12139835.477200001,2.3847812588586703,https://raw.githubusercontent.com/bakered/co2emmisions/main/src_shiny_app/static/asia_and_oceania_map.png
752,Developing Asia and Oceania,2006.4,6575.180859495651,3.069566177496925,12274584.437400002,2.39790967412916,https://raw.githubusercontent.com/bakered/co2emmisions/main/src_shiny_app/static/asia_and_oceania_map.png
753,Developing Asia and Oceania,2006.6000000000001,6636.251648669314,3.0972626824687093,12409333.397599999,2.41103808939965,https://raw.githubusercontent.com/bakered/co2emmisions/main/src_shiny_app/static/asia_and_oceania_map.png
754,Developing Asia and Oceania,2006.8000000000002,6704.632610664341,3.1242929098181302,12544082.3578,2.4241665046701395,https://raw.githubusercontent.com/bakered/co2emmisions/main/src_shiny_app/static/asia_and_oceania_map.png
755,Developing Asia and Oceania,2007.0,6779.1281972973875,3.1501119371882047,12678831.318,2.4372949199406295,https://raw.githubusercontent.com/bakered/co2emmisions/main/src_shiny_app/static/asia_and_oceania_map.png
756,Developing Asia and Oceania,2007.0,6779.1281972973875,3.1501119371882047,12678831.318,2.4372949199406295,https://raw.githubusercontent.com/bakered/co2emmisions/main/src_shiny_app/static/asia_and_oceania_map.png
757,Developing Asia and Oceania,2007.2000000000003,6858.304915348247,3.1746487423423306,12831341.716000002,2.4517396968906713,https://raw.githubusercontent.com/bakered/co2emmisions/main/src_shiny_app/static/asia_and_oceania_map.png
758,Developing Asia and Oceania,2007.4,6940.727589061488,3.1980903684160524,12983852.114,2.4661844738407126,https://raw.githubusercontent.com/bakered/co2emmisions/main/src_shiny_app/static/asia_and_oceania_map.png
759,Developing Asia and Oceania,2007.6,7025.151090000271,3.220696110431063,13136362.512,2.4806292507907544,https://raw.githubusercontent.com/bakered/co2emmisions/main/src_shiny_app/static/asia_and_oceania_map.png
760,Developing Asia and Oceania,2007.8,7110.65107915557,3.2426996524733833,13288872.91,2.4950740277407957,https://raw.githubusercontent.com/bakered/co2emmisions/main/src_shiny_app/static/asia_and_oceania_map.png
761,Developing Asia and Oceania,2008.0,7196.756930808535,3.264289676858826,13441383.308,2.5095188046908374,https://raw.githubusercontent.com/bakered/co2emmisions/main/src_shiny_app/static/asia_and_oceania_map.png
762,Developing Asia and Oceania,2008.0,7196.756930808535,3.264289676858826,13441383.308,2.5095188046908374,https://raw.githubusercontent.com/bakered/co2emmisions/main/src_shiny_app/static/asia_and_oceania_map.png
763,Developing Asia and Oceania,2008.2,7283.257733196973,3.2856089797577983,13565551.571200002,2.5209791291295147,https://raw.githubusercontent.com/bakered/co2emmisions/main/src_shiny_app/static/asia_and_oceania_map.png
764,Developing Asia and Oceania,2008.4,7370.072624563712,3.306760492702235,13689719.8344,2.532439453568192,https://raw.githubusercontent.com/bakered/co2emmisions/main/src_shiny_app/static/asia_and_oceania_map.png
765,Developing Asia and Oceania,2008.6,7457.171311091954,3.3278151043980344,13813888.0976,2.5438997780068693,https://raw.githubusercontent.com/bakered/co2emmisions/main/src_shiny_app/static/asia_and_oceania_map.png
766,Developing Asia and Oceania,2008.8,7544.531232766353,3.3488180071411393,13938056.3608,2.5553601024455466,https://raw.githubusercontent.com/bakered/co2emmisions/main/src_shiny_app/static/asia_and_oceania_map.png
767,Developing Asia and Oceania,2009.0,7632.130182082386,3.36979768739015,14062224.624,2.5668204268842243,https://raw.githubusercontent.com/bakered/co2emmisions/main/src_shiny_app/static/asia_and_oceania_map.png
768,Developing Asia and Oceania,2009.0,7632.130182082386,3.36979768739015,14062224.624,2.5668204268842243,https://raw.githubusercontent.com/bakered/co2emmisions/main/src_shiny_app/static/asia_and_oceania_map.png
769,Developing Asia and Oceania,2009.2,7719.948907340484,3.3907699467729526,14265971.729600001,2.5850906050287277,https://raw.githubusercontent.com/bakered/co2emmisions/main/src_shiny_app/static/asia_and_oceania_map.png
770,Developing Asia and Oceania,2009.3999999999999,7807.971827520226,3.4117414893095543,14469718.8352,2.6033607831732306,https://raw.githubusercontent.com/bakered/co2emmisions/main/src_shiny_app/static/asia_and_oceania_map.png
771,Developing Asia and Oceania,2009.6,7896.185578252789,3.4327137986479137,14673465.9408,2.6216309613177344,https://raw.githubusercontent.com/bakered/co2emmisions/main/src_shiny_app/static/asia_and_oceania_map.png
772,Developing Asia and Oceania,2009.8,7984.578192466859,3.4536850080591464,14877213.046400001,2.6399011394622374,https://raw.githubusercontent.com/bakered/co2emmisions/main/src_shiny_app/static/asia_and_oceania_map.png
773,Developing Asia and Oceania,2010.0,8073.13872642543,3.4746516649792483,15080960.152,2.6581713176067407,https://raw.githubusercontent.com/bakered/co2emmisions/main/src_shiny_app/static/asia_and_oceania_map.png
774,Developing Asia and Oceania,2010.0,8073.13872642543,3.4746516649792483,15080960.152,2.6581713176067407,https://raw.githubusercontent.com/bakered/co2emmisions/main/src_shiny_app/static/asia_and_oceania_map.png
775,Developing Asia and Oceania,2010.2,8161.857099591391,3.495608842546644,15311282.369600002,2.67809624487509,https://raw.githubusercontent.com/bakered/co2emmisions/main/src_shiny_app/static/asia_and_oceania_map.png
776,Developing Asia and Oceania,2010.4,8250.724075618577,3.5165506755295493,15541604.5872,2.698021172143439,https://raw.githubusercontent.com/bakered/co2emmisions/main/src_shiny_app/static/asia_and_oceania_map.png
777,Developing Asia and Oceania,2010.6,8339.730900637658,3.537470689043724,15771926.8048,2.7179460994117877,https://raw.githubusercontent.com/bakered/co2emmisions/main/src_shiny_app/static/asia_and_oceania_map.png
778,Developing Asia and Oceania,2010.8000000000002,8428.868722471467,3.5583613498101614,16002249.0224,2.7378710266801374,https://raw.githubusercontent.com/bakered/co2emmisions/main/src_shiny_app/static/asia_and_oceania_map.png
779,Developing Asia and Oceania,2011.0,8518.128106409824,3.5792173072324585,16232571.24,2.757795953948486,https://raw.githubusercontent.com/bakered/co2emmisions/main/src_shiny_app/static/asia_and_oceania_map.png
780,Developing Asia and Oceania,2011.0,8518.128106409824,3.5792173072324585,16232571.24,2.757795953948486,https://raw.githubusercontent.com/bakered/co2emmisions/main/src_shiny_app/static/asia_and_oceania_map.png
781,Developing Asia and Oceania,2011.2000000000003,8607.49875613521,3.600035547401952,16356928.609800002,2.7682603927863587,https://raw.githubusercontent.com/bakered/co2emmisions/main/src_shiny_app/static/asia_and_oceania_map.png
782,Developing Asia and Oceania,2011.4,8696.969413688612,3.620814924218106,16481285.979600001,2.7787248316242312,https://raw.githubusercontent.com/bakered/co2emmisions/main/src_shiny_app/static/asia_and_oceania_map.png
783,Developing Asia and Oceania,2011.6000000000001,8786.527713237423,3.641555358610623,16605643.349400003,2.7891892704621037,https://raw.githubusercontent.com/bakered/co2emmisions/main/src_shiny_app/static/asia_and_oceania_map.png
784,Developing Asia and Oceania,2011.8000000000002,8876.160096785004,3.6622565144844654,16730000.719200002,2.7996537092999763,https://raw.githubusercontent.com/bakered/co2emmisions/main/src_shiny_app/static/asia_and_oceania_map.png
785,Developing Asia and Oceania,2012.0,8965.852319906351,3.6829199106033217,16854358.089,2.8101181481378488,https://raw.githubusercontent.com/bakered/co2emmisions/main/src_shiny_app/static/asia_and_oceania_map.png
786,Developing Asia and Oceania,2012.0,8965.852319906351,3.6829199106033217,16854358.089,2.8101181481378488,https://raw.githubusercontent.com/bakered/co2emmisions/main/src_shiny_app/static/asia_and_oceania_map.png
787,Developing Asia and Oceania,2012.2000000000003,9055.590531720063,3.7035491337430693,16906877.930600002,2.8144795282947555,https://raw.githubusercontent.com/bakered/co2emmisions/main/src_shiny_app/static/asia_and_oceania_map.png
788,Developing Asia and Oceania,2012.4,9145.362609888673,3.7241496677734762,16959397.772200003,2.8188409084516612,https://raw.githubusercontent.com/bakered/co2emmisions/main/src_shiny_app/static/asia_and_oceania_map.png
789,Developing Asia and Oceania,2012.6,9235.159222111723,3.7447288641148817,17011917.6138,2.8232022886085675,https://raw.githubusercontent.com/bakered/co2emmisions/main/src_shiny_app/static/asia_and_oceania_map.png
790,Developing Asia and Oceania,2012.8,9325.123522913907,3.7638724860533097,17064437.4554,2.827563668765474,https://raw.githubusercontent.com/bakered/co2emmisions/main/src_shiny_app/static/asia_and_oceania_map.png
791,Developing Asia and Oceania,2013.0,9415.016428142097,3.7829830050917717,17116957.297,2.8319250489223804,https://raw.githubusercontent.com/bakered/co2emmisions/main/src_shiny_app/static/asia_and_oceania_map.png
792,Developing Asia and Oceania,2013.0,9415.016428142097,3.7829830050917717,17116957.297,2.8319250489223804,https://raw.githubusercontent.com/bakered/co2emmisions/main/src_shiny_app/static/asia_and_oceania_map.png
793,Developing Asia and Oceania,2013.2,9504.876117265174,3.8020877770822086,17175948.2276,2.83678410044536,https://raw.githubusercontent.com/bakered/co2emmisions/main/src_shiny_app/static/asia_and_oceania_map.png
794,Developing Asia and Oceania,2013.4,9594.729970002758,3.821202938209608,17234939.1582,2.8416431519683383,https://raw.githubusercontent.com/bakered/co2emmisions/main/src_shiny_app/static/asia_and_oceania_map.png
795,Developing Asia and Oceania,2013.6,9684.595530345085,3.8403349105590983,17293930.0888,2.846502203491317,https://raw.githubusercontent.com/bakered/co2emmisions/main/src_shiny_app/static/asia_and_oceania_map.png
796,Developing Asia and Oceania,2013.8,9774.483115363571,3.8594839220246717,17352921.0194,2.851361255014296,https://raw.githubusercontent.com/bakered/co2emmisions/main/src_shiny_app/static/asia_and_oceania_map.png
797,Developing Asia and Oceania,2014.0,9864.398355886156,3.8786469961301098,17411911.95,2.856220306537275,https://raw.githubusercontent.com/bakered/co2emmisions/main/src_shiny_app/static/asia_and_oceania_map.png
798,Developing Asia and Oceania,2014.0,9864.398355886156,3.8786469961301098,17411911.95,2.856220306537275,https://raw.githubusercontent.com/bakered/co2emmisions/main/src_shiny_app/static/asia_and_oceania_map.png
799,Developing Asia and Oceania,2014.2,9954.344072932607,3.8978199102480073,17444329.369400002,2.8588729964440933,https://raw.githubusercontent.com/bakered/co2emmisions/main/src_shiny_app/static/asia_and_oceania_map.png
800,Developing Asia and Oceania,2014.3999999999999,10044.321502986828,3.916998293980416,17476746.7888,2.8615256863509115,https://raw.githubusercontent.com/bakered/co2emmisions/main/src_shiny_app/static/asia_and_oceania_map.png
801,Developing Asia and Oceania,2014.6,10134.330956053507,3.936178158185368,17509164.2082,2.8641783762577298,https://raw.githubusercontent.com/bakered/co2emmisions/main/src_shiny_app/static/asia_and_oceania_map.png
802,Developing Asia and Oceania,2014.8,10224.372203363995,3.9553560916486146,17541581.6276,2.8668310661645475,https://raw.githubusercontent.com/bakered/co2emmisions/main/src_shiny_app/static/asia_and_oceania_map.png
803,Developing Asia and Oceania,2015.0,10314.444698919795,3.974529279629097,17573999.047,2.8694837560713657,https://raw.githubusercontent.com/bakered/co2emmisions/main/src_shiny_app/static/asia_and_oceania_map.png
804,Developing Asia and Oceania,2015.0,10314.444698919795,3.974529279629097,17573999.047,2.8694837560713657,https://raw.githubusercontent.com/bakered/co2emmisions/main/src_shiny_app/static/asia_and_oceania_map.png
805,Developing Asia and Oceania,2015.2,10404.547694307354,3.9936954153813047,17607151.350199997,2.8721839589574136,https://raw.githubusercontent.com/bakered/co2emmisions/main/src_shiny_app/static/asia_and_oceania_map.png
806,Developing Asia and Oceania,2015.4,10494.680284973538,4.012852550112385,17640303.6534,2.874884161843461,https://raw.githubusercontent.com/bakered/co2emmisions/main/src_shiny_app/static/asia_and_oceania_map.png
807,Developing Asia and Oceania,2015.6,10584.841442743553,4.031999012114764,17673455.9566,2.8775843647295085,https://raw.githubusercontent.com/bakered/co2emmisions/main/src_shiny_app/static/asia_and_oceania_map.png
808,Developing Asia and Oceania,2015.8000000000002,10675.030023932648,4.051133327700862,17706608.259800002,2.880284567615556,https://raw.githubusercontent.com/bakered/co2emmisions/main/src_shiny_app/static/asia_and_oceania_map.png
809,Developing Asia and Oceania,2016.0,10765.244773424338,4.07025416606297,17739760.563,2.8829847705016034,https://raw.githubusercontent.com/bakered/co2emmisions/main/src_shiny_app/static/asia_and_oceania_map.png
810,Developing Asia and Oceania,2016.0,10765.244773424338,4.07025416606297,17739760.563,2.8829847705016034,https://raw.githubusercontent.com/bakered/co2emmisions/main/src_shiny_app/static/asia_and_oceania_map.png
811,Developing Asia and Oceania,2016.2000000000003,10855.484307004823,4.08936030186893,17836560.580000002,2.8907975872253897,https://raw.githubusercontent.com/bakered/co2emmisions/main/src_shiny_app/static/asia_and_oceania_map.png
812,Developing Asia and Oceania,2016.4,10945.747054319034,4.108450573006913,17933360.597,2.8986104039491756,https://raw.githubusercontent.com/bakered/co2emmisions/main/src_shiny_app/static/asia_and_oceania_map.png
813,Developing Asia and Oceania,2016.6000000000001,11036.031368453292,4.127523909073482,18030160.614,2.906423220672962,https://raw.githubusercontent.com/bakered/co2emmisions/main/src_shiny_app/static/asia_and_oceania_map.png
814,Developing Asia and Oceania,2016.8000000000002,11126.335569517638,4.146579328539376,18126960.630999997,2.9142360373967477,https://raw.githubusercontent.com/bakered/co2emmisions/main/src_shiny_app/static/asia_and_oceania_map.png
815,Developing Asia and Oceania,2017.0,11216.657960269973,4.165615926584171,18223760.648,2.922048854120534,https://raw.githubusercontent.com/bakered/co2emmisions/main/src_shiny_app/static/asia_and_oceania_map.png
816,Developing Asia and Oceania,2017.0,11216.657960269973,4.165615926584171,18223760.648,2.922048854120534,https://raw.githubusercontent.com/bakered/co2emmisions/main/src_shiny_app/static/asia_and_oceania_map.png
817,Developing Asia and Oceania,2017.2000000000003,11306.996825351296,4.1846328611661034,18352162.3246,2.9322538955574844,https://raw.githubusercontent.com/bakered/co2emmisions/main/src_shiny_app/static/asia_and_oceania_map.png
818,Developing Asia and Oceania,2017.4,11397.350402331595,4.203629330752901,18480564.001199998,2.9424589369944343,https://raw.githubusercontent.com/bakered/co2emmisions/main/src_shiny_app/static/asia_and_oceania_map.png
819,Developing Asia and Oceania,2017.6,11487.716962444454,4.222604578347484,18608965.6778,2.9526639784313846,https://raw.githubusercontent.com/bakered/co2emmisions/main/src_shiny_app/static/asia_and_oceania_map.png
820,Developing Asia and Oceania,2017.8,11578.094850066213,4.24155788399427,18737367.354399998,2.9628690198683345,https://raw.githubusercontent.com/bakered/co2emmisions/main/src_shiny_app/static/asia_and_oceania_map.png
821,Developing Asia and Oceania,2018.0,11668.4824976541,4.260488554790018,18865769.031,2.973074061305285,https://raw.githubusercontent.com/bakered/co2emmisions/main/src_shiny_app/static/asia_and_oceania_map.png
822,Developing Asia and Oceania,2018.0,11668.4824976541,4.260488554790018,18865769.031,2.973074061305285,https://raw.githubusercontent.com/bakered/co2emmisions/main/src_shiny_app/static/asia_and_oceania_map.png
823,Developing Asia and Oceania,2018.2,11758.878429371687,4.279395908170208,18988378.893799998,2.982657927095107,https://raw.githubusercontent.com/bakered/co2emmisions/main/src_shiny_app/static/asia_and_oceania_map.png
824,Developing Asia and Oceania,2018.4,11849.281254489058,4.298279241354167,19110988.7566,2.992241792884929,https://raw.githubusercontent.com/bakered/co2emmisions/main/src_shiny_app/static/asia_and_oceania_map.png
825,Developing Asia and Oceania,2018.6,11939.689659585152,4.317137859349033,19233598.6194,3.001825658674751,https://raw.githubusercontent.com/bakered/co2emmisions/main/src_shiny_app/static/asia_and_oceania_map.png
826,Developing Asia and Oceania,2018.8,12030.102401977818,4.3359710817933195,19356208.482199997,3.0114095244645736,https://raw.githubusercontent.com/bakered/co2emmisions/main/src_shiny_app/static/asia_and_oceania_map.png
827,Developing Asia and Oceania,2019.0,12120.518304109355,4.3547782403935615,19478818.345,3.0209933902543953,https://raw.githubusercontent.com/bakered/co2emmisions/main/src_shiny_app/static/asia_and_oceania_map.png
828,Developing Asia and Oceania,2019.0,12120.518304109355,4.3547782403935615,19478818.345,3.0209933902543953,https://raw.githubusercontent.com/bakered/co2emmisions/main/src_shiny_app/static/asia_and_oceania_map.png
829,Developing Asia and Oceania,2019.2,12210.936247860978,4.373558666212663,19451991.420199998,3.0189094864896506,https://raw.githubusercontent.com/bakered/co2emmisions/main/src_shiny_app/static/asia_and_oceania_map.png
830,Developing Asia and Oceania,2019.3999999999999,12301.355143715373,4.392311663966596,19425164.4954,3.0168255827249055,https://raw.githubusercontent.com/bakered/co2emmisions/main/src_shiny_app/static/asia_and_oceania_map.png
831,Developing Asia and Oceania,2019.6,12391.773867029095,4.411036573579652,19398337.5706,3.014741678960161,https://raw.githubusercontent.com/bakered/co2emmisions/main/src_shiny_app/static/asia_and_oceania_map.png
832,Developing Asia and Oceania,2019.8,12482.191376206081,4.429732816929304,19371510.645800002,3.0126577751954158,https://raw.githubusercontent.com/bakered/co2emmisions/main/src_shiny_app/static/asia_and_oceania_map.png
833,Developing Asia and Oceania,2020.0,12572.606759414297,4.448399922758963,19344683.721,3.010573871430671,https://raw.githubusercontent.com/bakered/co2emmisions/main/src_shiny_app/static/asia_and_oceania_map.png
834,Developing Asia and Oceania,2020.0,12572.606759414297,4.448399922758963,19344683.721,3.010573871430671,https://raw.githubusercontent.com/bakered/co2emmisions/main/src_shiny_app/static/asia_and_oceania_map.png
835,Developing Asia and Oceania,2020.2,12663.019169858399,4.467037534237417,19538709.631000005,3.0254871143540796,https://raw.githubusercontent.com/bakered/co2emmisions/main/src_shiny_app/static/asia_and_oceania_map.png
836,Developing Asia and Oceania,2020.4,12753.427806394458,4.485645412710002,19732735.541,3.0404003572774876,https://raw.githubusercontent.com/bakered/co2emmisions/main/src_shiny_app/static/asia_and_oceania_map.png
837,Developing Asia and Oceania,2020.6,12843.831911867906,4.504223419001904,19926761.451,3.055313600200896,https://raw.githubusercontent.com/bakered/co2emmisions/main/src_shiny_app/static/asia_and_oceania_map.png
838,Developing Asia and Oceania,2020.8000000000002,12934.230774061734,4.522771505539219,20120787.361,3.0702268431243045,https://raw.githubusercontent.com/bakered/co2emmisions/main/src_shiny_app/static/asia_and_oceania_map.png
839,Developing Asia and Oceania,2021.0,13024.623751662493,4.541289702608294,20314813.271,3.085140086047713,https://raw.githubusercontent.com/bakered/co2emmisions/main/src_shiny_app/static/asia_and_oceania_map.png
840,Developing Asia and Oceania,2021.0,13024.623751662493,4.541289702608294,20314813.271,3.085140086047713,https://raw.githubusercontent.com/bakered/co2emmisions/main/src_shiny_app/static/asia_and_oceania_map.png
841,Developing Asia and Oceania,2021.2000000000003,13115.010370608767,4.5597780939398005,20359466.220000003,3.0885214649755093,https://raw.githubusercontent.com/bakered/co2emmisions/main/src_shiny_app/static/asia_and_oceania_map.png
842,Developing Asia and Oceania,2021.4,13205.390415381891,4.578236794450846,20404119.169,3.0919028439033056,https://raw.githubusercontent.com/bakered/co2emmisions/main/src_shiny_app/static/asia_and_oceania_map.png
843,Developing Asia and Oceania,2021.6000000000001,13295.76384787694,4.596665957071472,20448772.118,3.0952842228311015,https://raw.githubusercontent.com/bakered/co2emmisions/main/src_shiny_app/static/asia_and_oceania_map.png
844,Developing Asia and Oceania,2021.8000000000002,13386.130768634439,4.615065787661411,20493425.066999998,3.0986656017588983,https://raw.githubusercontent.com/bakered/co2emmisions/main/src_shiny_app/static/asia_and_oceania_map.png
845,Developing Asia and Oceania,2022.0,13476.491399515977,4.6334365575048855,20538078.016,3.102046980686694,https://raw.githubusercontent.com/bakered/co2emmisions/main/src_shiny_app/static/asia_and_oceania_map.png
846,Developing Asia and Oceania,2022.0,13476.491399515977,4.6334365575048855,20538078.016,3.102046980686694,https://raw.githubusercontent.com/bakered/co2emmisions/main/src_shiny_app/static/asia_and_oceania_map.png
847,Developing Asia and Oceania,2022.2000000000003,13566.846076952015,4.651778624062696,20708516.628799997,3.114787584549356,https://raw.githubusercontent.com/bakered/co2emmisions/main/src_shiny_app/static/asia_and_oceania_map.png
848,Developing Asia and Oceania,2022.4,13657.195262323368,4.67009247006628,20878955.2416,3.1275281884120165,https://raw.githubusercontent.com/bakered/co2emmisions/main/src_shiny_app/static/asia_and_oceania_map.png
849,Developing Asia and Oceania,2022.6,13747.539450197284,4.688378659066709,21049393.854399998,3.1402687922746777,https://raw.githubusercontent.com/bakered/co2emmisions/main/src_shiny_app/static/asia_and_oceania_map.png
850,Developing Asia and Oceania,2022.8,13837.879095310494,4.706637807629613,21219832.4672,3.153009396137339,https://raw.githubusercontent.com/bakered/co2emmisions/main/src_shiny_app/static/asia_and_oceania_map.png
851,Developing Asia and Oceania,2023.0,13928.214556116522,4.724870562408584,21390271.08,3.1657499999999996,https://raw.githubusercontent.com/bakered/co2emmisions/main/src_shiny_app/static/asia_and_oceania_map.png
852,Latin America and the Caribbean,1952.0,3605.31862428428,0.8116846498675172,1134495.215,0.7290709693918064,https://raw.githubusercontent.com/bakered/co2emmisions/main/src_shiny_app/static/latin_america_and_the_caribbean_map.png
853,Latin America and the Caribbean,1952.2000000000003,3626.5952066950535,0.8180418330618439,1134824.1698000003,0.7291766307153295,https://raw.githubusercontent.com/bakered/co2emmisions/main/src_shiny_app/static/latin_america_and_the_caribbean_map.png
854,Latin America and the Caribbean,1952.4,3647.8829040256046,0.8243992695702428,1135153.1246000002,0.7292822920388525,https://raw.githubusercontent.com/bakered/co2emmisions/main/src_shiny_app/static/latin_america_and_the_caribbean_map.png
855,Latin America and the Caribbean,1952.6,3669.1820879654515,0.8307569772658577,1135482.0794000002,0.7293879533623756,https://raw.githubusercontent.com/bakered/co2emmisions/main/src_shiny_app/static/latin_america_and_the_caribbean_map.png
856,Latin America and the Caribbean,1952.8,3690.49310901681,0.8371149619224876,1135811.0342,0.7294936146858987,https://raw.githubusercontent.com/bakered/co2emmisions/main/src_shiny_app/static/latin_america_and_the_caribbean_map.png
857,Latin America and the Caribbean,1953.0,3711.8163111500744,0.8434732300115435,1136139.989,0.7295992760094218,https://raw.githubusercontent.com/bakered/co2emmisions/main/src_shiny_app/static/latin_america_and_the_caribbean_map.png
858,Latin America and the Caribbean,1953.0,3711.8163111500744,0.8434732300115435,1136139.989,0.7295992760094218,https://raw.githubusercontent.com/bakered/co2emmisions/main/src_shiny_app/static/latin_america_and_the_caribbean_map.png
859,Latin America and the Caribbean,1953.2,3733.152046510038,0.8498318041846763,1137497.19,0.7300344066602256,https://raw.githubusercontent.com/bakered/co2emmisions/main/src_shiny_app/static/latin_america_and_the_caribbean_map.png
860,Latin America and the Caribbean,1953.4,3754.5006877043566,0.8561907427679563,1138854.391,0.7304695373110293,https://raw.githubusercontent.com/bakered/co2emmisions/main/src_shiny_app/static/latin_america_and_the_caribbean_map.png
861,Latin America and the Caribbean,1953.6,3775.8626286032645,0.8625501369485976,1140211.592,0.7309046679618332,https://raw.githubusercontent.com/bakered/co2emmisions/main/src_shiny_app/static/latin_america_and_the_caribbean_map.png
862,Latin America and the Caribbean,1953.8,3797.2382839395677,0.868910112094904,1141568.793,0.7313397986126369,https://raw.githubusercontent.com/bakered/co2emmisions/main/src_shiny_app/static/latin_america_and_the_caribbean_map.png
863,Latin America and the Caribbean,1954.0,3818.6280893835897,0.8752708318466467,1142925.994,0.7317749292634407,https://raw.githubusercontent.com/bakered/co2emmisions/main/src_shiny_app/static/latin_america_and_the_caribbean_map.png
864,Latin America and the Caribbean,1954.0,3818.6280893835897,0.8752708318466467,1142925.994,0.7317749292634407,https://raw.githubusercontent.com/bakered/co2emmisions/main/src_shiny_app/static/latin_america_and_the_caribbean_map.png
865,Latin America and the Caribbean,1954.2,3840.0325019173006,0.8816325074761763,1145845.9606,0.7327067384179367,https://raw.githubusercontent.com/bakered/co2emmisions/main/src_shiny_app/static/latin_america_and_the_caribbean_map.png
866,Latin America and the Caribbean,1954.3999999999999,3861.451998554545,0.8879954163272366,1148765.9272,0.7336385475724325,https://raw.githubusercontent.com/bakered/co2emmisions/main/src_shiny_app/static/latin_america_and_the_caribbean_map.png
867,Latin America and the Caribbean,1954.6,3882.8870657636517,0.89435988209717,1151685.8938000002,0.7345703567269284,https://raw.githubusercontent.com/bakered/co2emmisions/main/src_shiny_app/static/latin_america_and_the_caribbean_map.png
868,Latin America and the Caribbean,1954.8,3904.338188090627,0.9007262636569987,1154605.8604000001,0.7355021658814245,https://raw.githubusercontent.com/bakered/co2emmisions/main/src_shiny_app/static/latin_america_and_the_caribbean_map.png
869,Latin America and the Caribbean,1955.0,3925.8058371280345,0.9070949490691552,1157525.827,0.7364339750359203,https://raw.githubusercontent.com/bakered/co2emmisions/main/src_shiny_app/static/latin_america_and_the_caribbean_map.png
870,Latin America and the Caribbean,1955.0,3925.8058371280345,0.9070949490691552,1157525.827,0.7364339750359203,https://raw.githubusercontent.com/bakered/co2emmisions/main/src_shiny_app/static/latin_america_and_the_caribbean_map.png
871,Latin America and the Caribbean,1955.2,3947.290451885635,0.9134663488796314,1159919.4640000002,0.7371934494647898,https://raw.githubusercontent.com/bakered/co2emmisions/main/src_shiny_app/static/latin_america_and_the_caribbean_map.png
872,Latin America and the Caribbean,1955.4,3968.7924048462974,0.9198408885293858,1162313.1010000003,0.7379529238936591,https://raw.githubusercontent.com/bakered/co2emmisions/main/src_shiny_app/static/latin_america_and_the_caribbean_map.png
873,Latin America and the Caribbean,1955.6,3990.3120340439905,0.926219007848188,1164706.7380000001,0.7387123983225286,https://raw.githubusercontent.com/bakered/co2emmisions/main/src_shiny_app/static/latin_america_and_the_caribbean_map.png
874,Latin America and the Caribbean,1955.8000000000002,4011.849663674304,0.9326011600539952,1167100.3750000002,0.7394718727513978,https://raw.githubusercontent.com/bakered/co2emmisions/main/src_shiny_app/static/latin_america_and_the_caribbean_map.png
875,Latin America and the Caribbean,1956.0,4033.405616660695,0.9389878100470955,1169494.012,0.7402313471802673,https://raw.githubusercontent.com/bakered/co2emmisions/main/src_shiny_app/static/latin_america_and_the_caribbean_map.png
876,Latin America and the Caribbean,1956.0,4033.405616660695,0.9389878100470955,1169494.012,0.7402313471802673,https://raw.githubusercontent.com/bakered/co2emmisions/main/src_shiny_app/static/latin_america_and_the_caribbean_map.png
877,Latin America and the Caribbean,1956.2000000000003,4054.9802304320865,0.9453794300102429,1171844.1868000003,0.7409732598682995,https://raw.githubusercontent.com/bakered/co2emmisions/main/src_shiny_app/static/latin_america_and_the_caribbean_map.png
878,Latin America and the Caribbean,1956.4,4076.573875728822,0.9517764893659306,1174194.3616,0.7417151725563319,https://raw.githubusercontent.com/bakered/co2emmisions/main/src_shiny_app/static/latin_america_and_the_caribbean_map.png
879,Latin America and the Caribbean,1956.6000000000001,4098.186945665769,0.9581794607561851,1176544.5364,0.7424570852443642,https://raw.githubusercontent.com/bakered/co2emmisions/main/src_shiny_app/static/latin_america_and_the_caribbean_map.png
880,Latin America and the Caribbean,1956.8000000000002,4119.819846863777,0.9645888212731847,1178894.7112,0.7431989979323965,https://raw.githubusercontent.com/bakered/co2emmisions/main/src_shiny_app/static/latin_america_and_the_caribbean_map.png
881,Latin America and the Caribbean,1957.0,4141.472992890426,0.9710050509048455,1181244.886,0.7439409106204288,https://raw.githubusercontent.com/bakered/co2emmisions/main/src_shiny_app/static/latin_america_and_the_caribbean_map.png
882,Latin America and the Caribbean,1957.0,4141.472992890426,0.9710050509048455,1181244.886,0.7439409106204288,https://raw.githubusercontent.com/bakered/co2emmisions/main/src_shiny_app/static/latin_america_and_the_caribbean_map.png
883,Latin America and the Caribbean,1957.2000000000003,4163.146794723504,0.9774286269191791,1182662.3988,0.7443866135664529,https://raw.githubusercontent.com/bakered/co2emmisions/main/src_shiny_app/static/latin_america_and_the_caribbean_map.png
884,Latin America and the Caribbean,1957.4,4184.8416451719295,0.9838600105646194,1184079.9115999998,0.7448323165124768,https://raw.githubusercontent.com/bakered/co2emmisions/main/src_shiny_app/static/latin_america_and_the_caribbean_map.png
885,Latin America and the Caribbean,1957.6,4206.557915992795,0.9902996592343316,1185497.4244,0.7452780194585009,https://raw.githubusercontent.com/bakered/co2emmisions/main/src_shiny_app/static/latin_america_and_the_caribbean_map.png
886,Latin America and the Caribbean,1957.8,4228.295949914891,0.9967480331722192,1186914.9371999998,0.745723722404525,https://raw.githubusercontent.com/bakered/co2emmisions/main/src_shiny_app/static/latin_america_and_the_caribbean_map.png
887,Latin America and the Caribbean,1958.0,4250.056048474164,1.0032055987466404,1188332.45,0.7461694253505491,https://raw.githubusercontent.com/bakered/co2emmisions/main/src_shiny_app/static/latin_america_and_the_caribbean_map.png
888,Latin America and the Caribbean,1958.0,4250.056048474164,1.0032055987466404,1188332.45,0.7461694253505491,https://raw.githubusercontent.com/bakered/co2emmisions/main/src_shiny_app/static/latin_america_and_the_caribbean_map.png
889,Latin America and the Caribbean,1958.2,4271.838450657783,1.0096728321791424,1190716.7201999999,0.7469161144863499,https://raw.githubusercontent.com/bakered/co2emmisions/main/src_shiny_app/static/latin_america_and_the_caribbean_map.png
890,Latin America and the Caribbean,1958.4,4293.643299445207,1.0161502231412398,1193100.9904,0.7476628036221507,https://raw.githubusercontent.com/bakered/co2emmisions/main/src_shiny_app/static/latin_america_and_the_caribbean_map.png
891,Latin America and the Caribbean,1958.6,4315.470669667571,1.0226382731459565,1195485.2606,0.7484094927579514,https://raw.githubusercontent.com/bakered/co2emmisions/main/src_shiny_app/static/latin_america_and_the_caribbean_map.png
892,Latin America and the Caribbean,1958.8,4337.3205934615835,1.0291374929598252,1197869.5308,0.7491561818937522,https://raw.githubusercontent.com/bakered/co2emmisions/main/src_shiny_app/static/latin_america_and_the_caribbean_map.png
893,Latin America and the Caribbean,1959.0,4359.193083014976,1.0356483995071042,1200253.801,0.749902871029553,https://raw.githubusercontent.com/bakered/co2emmisions/main/src_shiny_app/static/latin_america_and_the_caribbean_map.png
894,Latin America and the Caribbean,1959.0,4359.193083014976,1.0356483995071042,1200253.801,0.749902871029553,https://raw.githubusercontent.com/bakered/co2emmisions/main/src_shiny_app/static/latin_america_and_the_caribbean_map.png
895,Latin America and the Caribbean,1959.2,4381.0881812163,1.0421715118484824,1203106.8178,0.7507915022546653,https://raw.githubusercontent.com/bakered/co2emmisions/main/src_shiny_app/static/latin_america_and_the_caribbean_map.png
896,Latin America and the Caribbean,1959.3999999999999,4403.006062422585,1.0487073455967277,1205959.8346,0.7516801334797776,https://raw.githubusercontent.com/bakered/co2emmisions/main/src_shiny_app/static/latin_america_and_the_caribbean_map.png
897,Latin America and the Caribbean,1959.6,4424.946964767655,1.0552564040232881,1208812.8514,0.7525687647048898,https://raw.githubusercontent.com/bakered/co2emmisions/main/src_shiny_app/static/latin_america_and_the_caribbean_map.png
898,Latin America and the Caribbean,1959.8,4446.911146784782,1.0618191665223091,1211665.8682,0.753457395930002,https://raw.githubusercontent.com/bakered/co2emmisions/main/src_shiny_app/static/latin_america_and_the_caribbean_map.png
899,Latin America and the Caribbean,1960.0,4468.898863871188,1.0683960743811285,1214518.885,0.7543460271551142,https://raw.githubusercontent.com/bakered/co2emmisions/main/src_shiny_app/static/latin_america_and_the_caribbean_map.png
900,Latin America and the Caribbean,1960.0,4468.898863871188,1.0683960743811285,1214518.885,0.7543460271551142,https://raw.githubusercontent.com/bakered/co2emmisions/main/src_shiny_app/static/latin_america_and_the_caribbean_map.png
901,Latin America and the Caribbean,1960.2,4490.910346524304,1.074987510735233,1217084.4128,0.7551406679104062,https://raw.githubusercontent.com/bakered/co2emmisions/main/src_shiny_app/static/latin_america_and_the_caribbean_map.png
902,Latin America and the Caribbean,1960.4,4512.945789587203,1.081593771085951,1219649.9406,0.7559353086656981,https://raw.githubusercontent.com/bakered/co2emmisions/main/src_shiny_app/static/latin_america_and_the_caribbean_map.png
903,Latin America and the Caribbean,1960.6,4535.005373957002,1.0882150487251632,1222215.4684000001,0.75672994942099,https://raw.githubusercontent.com/bakered/co2emmisions/main/src_shiny_app/static/latin_america_and_the_caribbean_map.png
904,Latin America and the Caribbean,1960.8000000000002,4557.089337615008,1.0948514154825306,1224780.9962,0.7575245901762819,https://raw.githubusercontent.com/bakered/co2emmisions/main/src_shiny_app/static/latin_america_and_the_caribbean_map.png
905,Latin America and the Caribbean,1961.0,4579.198126900813,1.1015028013062922,1227346.524,0.7583192309315739,https://raw.githubusercontent.com/bakered/co2emmisions/main/src_shiny_app/static/latin_america_and_the_caribbean_map.png
906,Latin America and the Caribbean,1961.0,4579.198126900813,1.1015028013062922,1227346.524,0.7583192309315739,https://raw.githubusercontent.com/bakered/co2emmisions/main/src_shiny_app/static/latin_america_and_the_caribbean_map.png
907,Latin America and the Caribbean,1961.2000000000003,4601.332664485403,1.1081689758557802,1230022.7544,0.7591437476438085,https://raw.githubusercontent.com/bakered/co2emmisions/main/src_shiny_app/static/latin_america_and_the_caribbean_map.png
908,Latin America and the Caribbean,1961.4,4623.494787467148,1.1148495329777752,1232698.9848,0.7599682643560433,https://raw.githubusercontent.com/bakered/co2emmisions/main/src_shiny_app/static/latin_america_and_the_caribbean_map.png
909,Latin America and the Caribbean,1961.6000000000001,4645.688085301583,1.1215439145868307,1235375.2152,0.7607927810682777,https://raw.githubusercontent.com/bakered/co2emmisions/main/src_shiny_app/static/latin_america_and_the_caribbean_map.png
910,Latin America and the Caribbean,1961.8000000000002,4667.919068808147,1.1282514512558506,1238051.4456,0.7616172977805125,https://raw.githubusercontent.com/bakered/co2emmisions/main/src_shiny_app/static/latin_america_and_the_caribbean_map.png
911,Latin America and the Caribbean,1962.0,4690.198545843741,1.1349713990271013,1240727.676,0.7624418144927471,https://raw.githubusercontent.com/bakered/co2emmisions/main/src_shiny_app/static/latin_america_and_the_caribbean_map.png
912,Latin America and the Caribbean,1962.0,4690.198545843741,1.1349713990271013,1240727.676,0.7624418144927471,https://raw.githubusercontent.com/bakered/co2emmisions/main/src_shiny_app/static/latin_america_and_the_caribbean_map.png
913,Latin America and the Caribbean,1962.2000000000003,4712.542600725792,1.141702872204242,1240723.8668,0.7624406440890551,https://raw.githubusercontent.com/bakered/co2emmisions/main/src_shiny_app/static/latin_america_and_the_caribbean_map.png
914,Latin America and the Caribbean,1962.4,4734.971451392277,1.148444378711822,1240720.0576,0.762439473685363,https://raw.githubusercontent.com/bakered/co2emmisions/main/src_shiny_app/static/latin_america_and_the_caribbean_map.png
915,Latin America and the Caribbean,1962.6,4759.913485272386,1.1562856788865574,1240716.2484,0.7624383032816711,https://raw.githubusercontent.com/bakered/co2emmisions/main/src_shiny_app/static/latin_america_and_the_caribbean_map.png
916,Latin America and the Caribbean,1962.8,4785.228903256007,1.164271172667206,1240712.4392,0.7624371328779791,https://raw.githubusercontent.com/bakered/co2emmisions/main/src_shiny_app/static/latin_america_and_the_caribbean_map.png
917,Latin America and the Caribbean,1963.0,4810.936729991067,1.1724019418782736,1240708.63,0.762435962474287,https://raw.githubusercontent.com/bakered/co2emmisions/main/src_shiny_app/static/latin_america_and_the_caribbean_map.png
918,Latin America and the Caribbean,1963.0,4810.936729991067,1.1724019418782736,1240708.63,0.762435962474287,https://raw.githubusercontent.com/bakered/co2emmisions/main/src_shiny_app/static/latin_america_and_the_caribbean_map.png
919,Latin America and the Caribbean,1963.2,4837.053160296766,1.1806780657574165,1245374.5672,0.763862933465933,https://raw.githubusercontent.com/bakered/co2emmisions/main/src_shiny_app/static/latin_america_and_the_caribbean_map.png
920,Latin America and the Caribbean,1963.4,4863.592110502743,1.18909906676895,1250040.5044,0.7652899044575789,https://raw.githubusercontent.com/bakered/co2emmisions/main/src_shiny_app/static/latin_america_and_the_caribbean_map.png
921,Latin America and the Caribbean,1963.6,4890.566937222474,1.1976646484828821,1254706.4416,0.766716875449225,https://raw.githubusercontent.com/bakered/co2emmisions/main/src_shiny_app/static/latin_america_and_the_caribbean_map.png
922,Latin America and the Caribbean,1963.8,4917.994957787225,1.2063762288964905,1259372.3788,0.768143846440871,https://raw.githubusercontent.com/bakered/co2emmisions/main/src_shiny_app/static/latin_america_and_the_caribbean_map.png
923,Latin America and the Caribbean,1964.0,4945.891603586706,1.215234751881149,1264038.316,0.7695708174325169,https://raw.githubusercontent.com/bakered/co2emmisions/main/src_shiny_app/static/latin_america_and_the_caribbean_map.png
924,Latin America and the Caribbean,1964.0,4945.891603586706,1.215234751881149,1264038.316,0.7695708174325169,https://raw.githubusercontent.com/bakered/co2emmisions/main/src_shiny_app/static/latin_america_and_the_caribbean_map.png
925,Latin America and the Caribbean,1964.2,4974.268118278581,1.224240108459592,1265320.3378,0.7699605836721237,https://raw.githubusercontent.com/bakered/co2emmisions/main/src_shiny_app/static/latin_america_and_the_caribbean_map.png
926,Latin America and the Caribbean,1964.3999999999999,5003.131548821096,1.2333912487709529,1266602.3596,0.7703503499117305,https://raw.githubusercontent.com/bakered/co2emmisions/main/src_shiny_app/static/latin_america_and_the_caribbean_map.png
927,Latin America and the Caribbean,1964.6,5032.486103718848,1.2426866046508578,1267884.3814,0.7707401161513373,https://raw.githubusercontent.com/bakered/co2emmisions/main/src_shiny_app/static/latin_america_and_the_caribbean_map.png
928,Latin America and the Caribbean,1964.8,5062.336880160751,1.252125071993425,1269166.4032,0.771129882390944,https://raw.githubusercontent.com/bakered/co2emmisions/main/src_shiny_app/static/latin_america_and_the_caribbean_map.png
929,Latin America and the Caribbean,1965.0,5092.686498598849,1.2617048179188128,1270448.425,0.7715196486305509,https://raw.githubusercontent.com/bakered/co2emmisions/main/src_shiny_app/static/latin_america_and_the_caribbean_map.png
930,Latin America and the Caribbean,1965.0,5092.686498598849,1.2617048179188128,1270448.425,0.7715196486305509,https://raw.githubusercontent.com/bakered/co2emmisions/main/src_shiny_app/static/latin_america_and_the_caribbean_map.png
931,Latin America and the Caribbean,1965.2,5123.533357502836,1.2714229962800656,1274627.6682000002,0.7727834613068788,https://raw.githubusercontent.com/bakered/co2emmisions/main/src_shiny_app/static/latin_america_and_the_caribbean_map.png
932,Latin America and the Caribbean,1965.4,5154.872029259495,1.281276026425103,1278806.9114,0.7740472739832067,https://raw.githubusercontent.com/bakered/co2emmisions/main/src_shiny_app/static/latin_america_and_the_caribbean_map.png
933,Latin America and the Caribbean,1965.6,5186.694795394126,1.2912599620849994,1282986.1546,0.7753110866595345,https://raw.githubusercontent.com/bakered/co2emmisions/main/src_shiny_app/static/latin_america_and_the_caribbean_map.png
934,Latin America and the Caribbean,1965.8000000000002,5218.995467155737,1.301371505606586,1287165.3978,0.7765748993358624,https://raw.githubusercontent.com/bakered/co2emmisions/main/src_shiny_app/static/latin_america_and_the_caribbean_map.png
935,Latin America and the Caribbean,1966.0,5251.768295861534,1.3116078906273738,1291344.641,0.7778387120121902,https://raw.githubusercontent.com/bakered/co2emmisions/main/src_shiny_app/static/latin_america_and_the_caribbean_map.png
936,Latin America and the Caribbean,1966.0,5251.768295861534,1.3116078906273738,1291344.641,0.7778387120121902,https://raw.githubusercontent.com/bakered/co2emmisions/main/src_shiny_app/static/latin_america_and_the_caribbean_map.png
937,Latin America and the Caribbean,1966.2000000000003,5285.00541230257,1.3219660880400501,1294628.0690000001,0.7788244718174837,https://raw.githubusercontent.com/bakered/co2emmisions/main/src_shiny_app/static/latin_america_and_the_caribbean_map.png
938,Latin America and the Caribbean,1966.4,5318.696470003812,1.332442643685692,1297911.497,0.7798102316227771,https://raw.githubusercontent.com/bakered/co2emmisions/main/src_shiny_app/static/latin_america_and_the_caribbean_map.png
939,Latin America and the Caribbean,1966.6000000000001,5352.829238443126,1.3430336066713964,1301194.925,0.7807959914280707,https://raw.githubusercontent.com/bakered/co2emmisions/main/src_shiny_app/static/latin_america_and_the_caribbean_map.png
940,Latin America and the Caribbean,1966.8000000000002,5387.391983259679,1.3537350138042932,1304478.3530000001,0.781781751233364,https://raw.githubusercontent.com/bakered/co2emmisions/main/src_shiny_app/static/latin_america_and_the_caribbean_map.png
941,Latin America and the Caribbean,1967.0,5422.373975736344,1.3645440939691382,1307761.781,0.7827675110386575,https://raw.githubusercontent.com/bakered/co2emmisions/main/src_shiny_app/static/latin_america_and_the_caribbean_map.png
942,Latin America and the Caribbean,1967.0,5422.373975736344,1.3645440939691382,1307761.781,0.7827675110386575,https://raw.githubusercontent.com/bakered/co2emmisions/main/src_shiny_app/static/latin_america_and_the_caribbean_map.png
943,Latin America and the Caribbean,1967.2000000000003,5457.763095305846,1.3754584802408643,1312940.1574,0.7843096870671016,https://raw.githubusercontent.com/bakered/co2emmisions/main/src_shiny_app/static/latin_america_and_the_caribbean_map.png
944,Latin America and the Caribbean,1967.4,5493.545466915141,1.386475999142648,1318118.5337999999,0.7858518630955456,https://raw.githubusercontent.com/bakered/co2emmisions/main/src_shiny_app/static/latin_america_and_the_caribbean_map.png
945,Latin America and the Caribbean,1967.6,5529.70548522374,1.397594564606078,1323296.9102,0.7873940391239895,https://raw.githubusercontent.com/bakered/co2emmisions/main/src_shiny_app/static/latin_america_and_the_caribbean_map.png
946,Latin America and the Caribbean,1967.8,5566.227616152032,1.4088127228426832,1328475.2865999998,0.7889362151524336,https://raw.githubusercontent.com/bakered/co2emmisions/main/src_shiny_app/static/latin_america_and_the_caribbean_map.png
947,Latin America and the Caribbean,1968.0,5603.0999521542135,1.4201314769199769,1333653.663,0.7904783911808776,https://raw.githubusercontent.com/bakered/co2emmisions/main/src_shiny_app/static/latin_america_and_the_caribbean_map.png
948,Latin America and the Caribbean,1968.0,5603.0999521542135,1.4201314769199769,1333653.663,0.7904783911808776,https://raw.githubusercontent.com/bakered/co2emmisions/main/src_shiny_app/static/latin_america_and_the_caribbean_map.png
949,Latin America and the Caribbean,1968.2,5640.311651934373,1.4315529681851311,1339472.1212,0.7921934364329573,https://raw.githubusercontent.com/bakered/co2emmisions/main/src_shiny_app/static/latin_america_and_the_caribbean_map.png
950,Latin America and the Caribbean,1968.4,5677.852300021792,1.4430797885626039,1345290.5794,0.7939084816850367,https://raw.githubusercontent.com/bakered/co2emmisions/main/src_shiny_app/static/latin_america_and_the_caribbean_map.png
951,Latin America and the Caribbean,1968.6,5715.711844042063,1.4547144753872505,1351109.0376,0.7956235269371162,https://raw.githubusercontent.com/bakered/co2emmisions/main/src_shiny_app/static/latin_america_and_the_caribbean_map.png
952,Latin America and the Caribbean,1968.8,5753.8825006150655,1.4664596484164585,1356927.4958,0.7973385721891959,https://raw.githubusercontent.com/bakered/co2emmisions/main/src_shiny_app/static/latin_america_and_the_caribbean_map.png
953,Latin America and the Caribbean,1969.0,5792.363518495743,1.4783199328218841,1362745.954,0.7990536174412753,https://raw.githubusercontent.com/bakered/co2emmisions/main/src_shiny_app/static/latin_america_and_the_caribbean_map.png
954,Latin America and the Caribbean,1969.0,5792.363518495743,1.4783199328218841,1362745.954,0.7990536174412753,https://raw.githubusercontent.com/bakered/co2emmisions/main/src_shiny_app/static/latin_america_and_the_caribbean_map.png
955,Latin America and the Caribbean,1969.2,5831.1572078277195,1.490300380999454,1370702.7992,0.8013696057745958,https://raw.githubusercontent.com/bakered/co2emmisions/main/src_shiny_app/static/latin_america_and_the_caribbean_map.png
956,Latin America and the Caribbean,1969.3999999999999,5870.266877420713,1.502405547578502,1378659.6444,0.8036855941079161,https://raw.githubusercontent.com/bakered/co2emmisions/main/src_shiny_app/static/latin_america_and_the_caribbean_map.png
957,Latin America and the Caribbean,1969.6,5909.695412511844,1.5146388806646987,1386616.4896,0.8060015824412365,https://raw.githubusercontent.com/bakered/co2emmisions/main/src_shiny_app/static/latin_america_and_the_caribbean_map.png
958,Latin America and the Caribbean,1969.8,5949.44529535063,1.5270028323141633,1394573.3348,0.8083175707745569,https://raw.githubusercontent.com/bakered/co2emmisions/main/src_shiny_app/static/latin_america_and_the_caribbean_map.png
959,Latin America and the Caribbean,1970.0,5989.522120787104,1.5395007706313628,1402530.18,0.8106335591078773,https://raw.githubusercontent.com/bakered/co2emmisions/main/src_shiny_app/static/latin_america_and_the_caribbean_map.png
960,Latin America and the Caribbean,1970.0,5989.522120787104,1.5395007706313628,1402530.18,0.8106335591078773,https://raw.githubusercontent.com/bakered/co2emmisions/main/src_shiny_app/static/latin_america_and_the_caribbean_map.png
961,Latin America and the Caribbean,1970.2,6029.930830314696,1.552135114106467,1409372.5104,0.8125990086390302,https://raw.githubusercontent.com/bakered/co2emmisions/main/src_shiny_app/static/latin_america_and_the_caribbean_map.png
962,Latin America and the Caribbean,1970.4,6070.673541223622,1.564906146985772,1416214.8408,0.8145644581701832,https://raw.githubusercontent.com/bakered/co2emmisions/main/src_shiny_app/static/latin_america_and_the_caribbean_map.png
963,Latin America and the Caribbean,1970.6,6111.7479077844755,1.577811181611818,1423057.1712,0.816529907701336,https://raw.githubusercontent.com/bakered/co2emmisions/main/src_shiny_app/static/latin_america_and_the_caribbean_map.png
964,Latin America and the Caribbean,1970.8000000000002,6153.146828063336,1.5908440337618026,1429899.5015999998,0.8184953572324891,https://raw.githubusercontent.com/bakered/co2emmisions/main/src_shiny_app/static/latin_america_and_the_caribbean_map.png
965,Latin America and the Caribbean,1971.0,6194.863551341948,1.6039974541222053,1436741.832,0.820460806763642,https://raw.githubusercontent.com/bakered/co2emmisions/main/src_shiny_app/static/latin_america_and_the_caribbean_map.png
966,Latin America and the Caribbean,1971.0,6194.863551341948,1.6039974541222053,1436741.832,0.820460806763642,https://raw.githubusercontent.com/bakered/co2emmisions/main/src_shiny_app/static/latin_america_and_the_caribbean_map.png
967,Latin America and the Caribbean,1971.2000000000003,6236.886647797487,1.6172615807228226,1441787.3874,0.8218951862720574,https://raw.githubusercontent.com/bakered/co2emmisions/main/src_shiny_app/static/latin_america_and_the_caribbean_map.png
968,Latin America and the Caribbean,1971.4,6279.196851599847,1.6306230775949875,1446832.9427999998,0.8233295657804724,https://raw.githubusercontent.com/bakered/co2emmisions/main/src_shiny_app/static/latin_america_and_the_caribbean_map.png
969,Latin America and the Caribbean,1971.6000000000001,6321.763420323658,1.644064692950425,1451878.4981999998,0.8247639452888877,https://raw.githubusercontent.com/bakered/co2emmisions/main/src_shiny_app/static/latin_america_and_the_caribbean_map.png
970,Latin America and the Caribbean,1971.8000000000002,6364.539220817971,1.6575645157491408,1456924.0536,0.826198324797303,https://raw.githubusercontent.com/bakered/co2emmisions/main/src_shiny_app/static/latin_america_and_the_caribbean_map.png
971,Latin America and the Caribbean,1972.0,6407.470615909505,1.6710978116236543,1461969.609,0.8276327043057182,https://raw.githubusercontent.com/bakered/co2emmisions/main/src_shiny_app/static/latin_america_and_the_caribbean_map.png
972,Latin America and the Caribbean,1972.0,6407.470615909505,1.6710978116236543,1461969.609,0.8276327043057182,https://raw.githubusercontent.com/bakered/co2emmisions/main/src_shiny_app/static/latin_america_and_the_caribbean_map.png
973,Latin America and the Caribbean,1972.2000000000003,6450.494465070285,1.6846350154126217,1470626.8402,0.8300652935164099,https://raw.githubusercontent.com/bakered/co2emmisions/main/src_shiny_app/static/latin_america_and_the_caribbean_map.png
974,Latin America and the Caribbean,1972.4,6493.536310189558,1.6981404090958006,1479284.0714,0.8324978827271015,https://raw.githubusercontent.com/bakered/co2emmisions/main/src_shiny_app/static/latin_america_and_the_caribbean_map.png
975,Latin America and the Caribbean,1972.6,6536.507408380413,1.7115701621597241,1487941.3026,0.834930471937793,https://raw.githubusercontent.com/bakered/co2emmisions/main/src_shiny_app/static/latin_america_and_the_caribbean_map.png
976,Latin America and the Caribbean,1972.8,6579.297919198515,1.7248684405639791,1496598.5338,0.8373630611484847,https://raw.githubusercontent.com/bakered/co2emmisions/main/src_shiny_app/static/latin_america_and_the_caribbean_map.png
977,Latin America and the Caribbean,1973.0,6621.795755315215,1.7379754520481592,1505255.7650000001,0.8397956503591762,https://raw.githubusercontent.com/bakered/co2emmisions/main/src_shiny_app/static/latin_america_and_the_caribbean_map.png
978,Latin America and the Caribbean,1973.0,6621.795755315215,1.7379754520481592,1505255.7650000001,0.8397956503591762,https://raw.githubusercontent.com/bakered/co2emmisions/main/src_shiny_app/static/latin_america_and_the_caribbean_map.png
979,Latin America and the Caribbean,1973.2,6663.889968446808,1.750830567800515,1510688.9656000002,0.8413044887328742,https://raw.githubusercontent.com/bakered/co2emmisions/main/src_shiny_app/static/latin_america_and_the_caribbean_map.png
980,Latin America and the Caribbean,1973.4,6705.472095361623,1.76337477828994,1516122.1662,0.842813327106572,https://raw.githubusercontent.com/bakered/co2emmisions/main/src_shiny_app/static/latin_america_and_the_caribbean_map.png
981,Latin America and the Caribbean,1973.6,6746.434763787627,1.7755518452324401,1521555.3668000002,0.84432216548027,https://raw.githubusercontent.com/bakered/co2emmisions/main/src_shiny_app/static/latin_america_and_the_caribbean_map.png
982,Latin America and the Caribbean,1973.8,6786.66377833003,1.7873060214278447,1526988.5674,0.8458310038539678,https://raw.githubusercontent.com/bakered/co2emmisions/main/src_shiny_app/static/latin_america_and_the_caribbean_map.png
983,Latin America and the Caribbean,1974.0,6826.059042264897,1.7985926715171867,1532421.7680000002,0.8473398422276657,https://raw.githubusercontent.com/bakered/co2emmisions/main/src_shiny_app/static/latin_america_and_the_caribbean_map.png
984,Latin America and the Caribbean,1974.0,6826.059042264897,1.7985926715171867,1532421.7680000002,0.8473398422276657,https://raw.githubusercontent.com/bakered/co2emmisions/main/src_shiny_app/static/latin_america_and_the_caribbean_map.png
985,Latin America and the Caribbean,1974.2,6864.539876491155,1.809382279099588,1535831.9056000002,0.8482800377401285,https://raw.githubusercontent.com/bakered/co2emmisions/main/src_shiny_app/static/latin_america_and_the_caribbean_map.png
986,Latin America and the Caribbean,1974.3999999999999,6902.045244958471,1.819660858513521,1539242.0432000002,0.8492202332525912,https://raw.githubusercontent.com/bakered/co2emmisions/main/src_shiny_app/static/latin_america_and_the_caribbean_map.png
987,Latin America and the Caribbean,1974.6,6938.529516587607,1.8294269976655946,1542652.1808000002,0.8501604287650539,https://raw.githubusercontent.com/bakered/co2emmisions/main/src_shiny_app/static/latin_america_and_the_caribbean_map.png
988,Latin America and the Caribbean,1974.8,6973.9512428354565,1.8386849334188227,1546062.3184,0.8511006242775168,https://raw.githubusercontent.com/bakered/co2emmisions/main/src_shiny_app/static/latin_america_and_the_caribbean_map.png
989,Latin America and the Caribbean,1975.0,7008.291628664531,1.8474511468684225,1549472.456,0.8520408197899795,https://raw.githubusercontent.com/bakered/co2emmisions/main/src_shiny_app/static/latin_america_and_the_caribbean_map.png
990,Latin America and the Caribbean,1975.0,7008.291628664531,1.8474511468684225,1549472.456,0.8520408197899795,https://raw.githubusercontent.com/bakered/co2emmisions/main/src_shiny_app/static/latin_america_and_the_caribbean_map.png
991,Latin America and the Caribbean,1975.2,7041.55571264729,1.8557532795545422,1557385.7164,0.854202819924279,https://raw.githubusercontent.com/bakered/co2emmisions/main/src_shiny_app/static/latin_america_and_the_caribbean_map.png
992,Latin America and the Caribbean,1975.4,7073.768007964467,1.863626302873538,1565298.9768,0.8563648200585785,https://raw.githubusercontent.com/bakered/co2emmisions/main/src_shiny_app/static/latin_america_and_the_caribbean_map.png
993,Latin America and the Caribbean,1975.6,7104.964554072227,1.871107056918602,1573212.2371999999,0.8585268201928781,https://raw.githubusercontent.com/bakered/co2emmisions/main/src_shiny_app/static/latin_america_and_the_caribbean_map.png
994,Latin America and the Caribbean,1975.8000000000002,7135.180542862691,1.8782273369520355,1581125.4976,0.8606888203271775,https://raw.githubusercontent.com/bakered/co2emmisions/main/src_shiny_app/static/latin_america_and_the_caribbean_map.png
995,Latin America and the Caribbean,1976.0,7164.46219060971,1.885020163794018,1589038.758,0.8628508204614771,https://raw.githubusercontent.com/bakered/co2emmisions/main/src_shiny_app/static/latin_america_and_the_caribbean_map.png
996,Latin America and the Caribbean,1976.0,7164.46219060971,1.885020163794018,1589038.758,0.8628508204614771,https://raw.githubusercontent.com/bakered/co2emmisions/main/src_shiny_app/static/latin_america_and_the_caribbean_map.png
997,Latin America and the Caribbean,1976.2000000000003,7192.86590692101,1.891519763645898,1592910.3278,0.863898773134455,https://raw.githubusercontent.com/bakered/co2emmisions/main/src_shiny_app/static/latin_america_and_the_caribbean_map.png
998,Latin America and the Caribbean,1976.4,7220.453422209771,1.8977597096524328,1596781.8975999998,0.8649467258074329,https://raw.githubusercontent.com/bakered/co2emmisions/main/src_shiny_app/static/latin_america_and_the_caribbean_map.png
999,Latin America and the Caribbean,1976.6000000000001,7247.285634790349,1.903770759563079,1600653.4674,0.8659946784804108,https://raw.githubusercontent.com/bakered/co2emmisions/main/src_shiny_app/static/latin_america_and_the_caribbean_map.png
1000,Latin America and the Caribbean,1976.8000000000002,7273.413861204713,1.9095779191726274,1604525.0372,0.8670426311533888,https://raw.githubusercontent.com/bakered/co2emmisions/main/src_shiny_app/static/latin_america_and_the_caribbean_map.png
1001,Latin America and the Caribbean,1977.0,7298.8866405822955,1.9152047171403122,1608396.6069999998,0.8680905838263666,https://raw.githubusercontent.com/bakered/co2emmisions/main/src_shiny_app/static/latin_america_and_the_caribbean_map.png
1002,Latin America and the Caribbean,1977.0,7298.8866405822955,1.9152047171403122,1608396.6069999998,0.8680905838263666,https://raw.githubusercontent.com/bakered/co2emmisions/main/src_shiny_app/static/latin_america_and_the_caribbean_map.png
1003,Latin America and the Caribbean,1977.2000000000003,7323.750478042369,1.9206734968647892,1618813.0144,0.870879182647631,https://raw.githubusercontent.com/bakered/co2emmisions/main/src_shiny_app/static/latin_america_and_the_caribbean_map.png
1004,Latin America and the Caribbean,1977.4,7348.047744914711,1.9260044046073448,1629229.4217999997,0.8736677814688953,https://raw.githubusercontent.com/bakered/co2emmisions/main/src_shiny_app/static/latin_america_and_the_caribbean_map.png
1005,Latin America and the Caribbean,1977.6,7371.813549562346,1.9312141820276714,1639645.8292,0.8764563802901597,https://raw.githubusercontent.com/bakered/co2emmisions/main/src_shiny_app/static/latin_america_and_the_caribbean_map.png
1006,Latin America and the Caribbean,1977.8,7395.069709735061,1.9363144585538923,1650062.2366,0.8792449791114241,https://raw.githubusercontent.com/bakered/co2emmisions/main/src_shiny_app/static/latin_america_and_the_caribbean_map.png
1007,Latin America and the Caribbean,1978.0,7417.830162153891,1.9413141666312346,1660478.6439999999,0.8820335779326884,https://raw.githubusercontent.com/bakered/co2emmisions/main/src_shiny_app/static/latin_america_and_the_caribbean_map.png
1008,Latin America and the Caribbean,1978.0,7417.830162153891,1.9413141666312346,1660478.6439999999,0.8820335779326884,https://raw.githubusercontent.com/bakered/co2emmisions/main/src_shiny_app/static/latin_america_and_the_caribbean_map.png
1009,Latin America and the Caribbean,1978.2,7440.105848016302,1.9462208848606801,1669479.2068,0.8844081117706741,https://raw.githubusercontent.com/bakered/co2emmisions/main/src_shiny_app/static/latin_america_and_the_caribbean_map.png
1010,Latin America and the Caribbean,1978.4,7461.905705875649,1.9510410398493003,1678479.7696,0.8867826456086597,https://raw.githubusercontent.com/bakered/co2emmisions/main/src_shiny_app/static/latin_america_and_the_caribbean_map.png
1011,Latin America and the Caribbean,1978.6,7483.236224364551,1.9557800492542519,1687480.3324,0.8891571794466454,https://raw.githubusercontent.com/bakered/co2emmisions/main/src_shiny_app/static/latin_america_and_the_caribbean_map.png
1012,Latin America and the Caribbean,1978.8,7504.097424410765,1.960441679176951,1696480.8952000001,0.891531713284631,https://raw.githubusercontent.com/bakered/co2emmisions/main/src_shiny_app/static/latin_america_and_the_caribbean_map.png
1013,Latin America and the Caribbean,1979.0,7524.482634567414,1.9650271793652219,1705481.458,0.8939062471226167,https://raw.githubusercontent.com/bakered/co2emmisions/main/src_shiny_app/static/latin_america_and_the_caribbean_map.png
1014,Latin America and the Caribbean,1979.0,7524.482634567414,1.9650271793652219,1705481.458,0.8939062471226167,https://raw.githubusercontent.com/bakered/co2emmisions/main/src_shiny_app/static/latin_america_and_the_caribbean_map.png
1015,Latin America and the Caribbean,1979.2,7544.384471395611,1.9695369344254179,1710543.2014000001,0.8952278859840844,https://raw.githubusercontent.com/bakered/co2emmisions/main/src_shiny_app/static/latin_america_and_the_caribbean_map.png
1016,Latin America and the Caribbean,1979.3999999999999,7563.796921339315,1.9739713017776472,1715604.9448000002,0.8965495248455522,https://raw.githubusercontent.com/bakered/co2emmisions/main/src_shiny_app/static/latin_america_and_the_caribbean_map.png
1017,Latin America and the Caribbean,1979.6,7582.716186285294,1.9783308908750752,1720666.6882000002,0.8978711637070198,https://raw.githubusercontent.com/bakered/co2emmisions/main/src_shiny_app/static/latin_america_and_the_caribbean_map.png
1018,Latin America and the Caribbean,1979.8,7601.137466282977,1.9826157729075418,1725728.4316,0.8991928025684875,https://raw.githubusercontent.com/bakered/co2emmisions/main/src_shiny_app/static/latin_america_and_the_caribbean_map.png
1019,Latin America and the Caribbean,1980.0,7619.049250447984,1.9868231564596406,1730790.175,0.9005144414299552,https://raw.githubusercontent.com/bakered/co2emmisions/main/src_shiny_app/static/latin_america_and_the_caribbean_map.png
1020,Latin America and the Caribbean,1980.0,7619.049250447984,1.9868231564596406,1730790.175,0.9005144414299552,https://raw.githubusercontent.com/bakered/co2emmisions/main/src_shiny_app/static/latin_america_and_the_caribbean_map.png
1021,Latin America and the Caribbean,1980.2,7636.440747430958,1.990949952925544,1729695.8916000002,0.9002295432272917,https://raw.githubusercontent.com/bakered/co2emmisions/main/src_shiny_app/static/latin_america_and_the_caribbean_map.png
1022,Latin America and the Caribbean,1980.4,7653.305577771054,1.9949941292009266,1728601.6082000001,0.899944645024628,https://raw.githubusercontent.com/bakered/co2emmisions/main/src_shiny_app/static/latin_america_and_the_caribbean_map.png
1023,Latin America and the Caribbean,1980.6,7669.643050621869,1.9989552578906382,1727507.3248,0.8996597468219643,https://raw.githubusercontent.com/bakered/co2emmisions/main/src_shiny_app/static/latin_america_and_the_caribbean_map.png
1024,Latin America and the Caribbean,1980.8000000000002,7685.455457868954,2.00283390152468,1726413.0414,0.8993748486193006,https://raw.githubusercontent.com/bakered/co2emmisions/main/src_shiny_app/static/latin_america_and_the_caribbean_map.png
1025,Latin America and the Caribbean,1981.0,7700.738777611267,2.006627481456501,1725318.758,0.899089950416637,https://raw.githubusercontent.com/bakered/co2emmisions/main/src_shiny_app/static/latin_america_and_the_caribbean_map.png
1026,Latin America and the Caribbean,1981.0,7700.738777611267,2.006627481456501,1725318.758,0.899089950416637,https://raw.githubusercontent.com/bakered/co2emmisions/main/src_shiny_app/static/latin_america_and_the_caribbean_map.png
1027,Latin America and the Caribbean,1981.2000000000003,7715.490460946461,2.0103328690717897,1729308.0994000002,0.900126416694528,https://raw.githubusercontent.com/bakered/co2emmisions/main/src_shiny_app/static/latin_america_and_the_caribbean_map.png
1028,Latin America and the Caribbean,1981.4,7729.712884619525,2.013947768055446,1733297.4408,0.901162882972419,https://raw.githubusercontent.com/bakered/co2emmisions/main/src_shiny_app/static/latin_america_and_the_caribbean_map.png
1029,Latin America and the Caribbean,1981.6000000000001,7743.414965748566,2.017471611859169,1737286.7821999998,0.9021993492503098,https://raw.githubusercontent.com/bakered/co2emmisions/main/src_shiny_app/static/latin_america_and_the_caribbean_map.png
1030,Latin America and the Caribbean,1981.8000000000002,7756.609833973367,2.0209052786763295,1741276.1235999998,0.9032358155282008,https://raw.githubusercontent.com/bakered/co2emmisions/main/src_shiny_app/static/latin_america_and_the_caribbean_map.png
1031,Latin America and the Caribbean,1982.0,7769.302328856619,2.0242462983454335,1745265.4649999999,0.9042722818060918,https://raw.githubusercontent.com/bakered/co2emmisions/main/src_shiny_app/static/latin_america_and_the_caribbean_map.png
1032,Latin America and the Caribbean,1982.0,7769.302328856619,2.0242462983454335,1745265.4649999999,0.9042722818060918,https://raw.githubusercontent.com/bakered/co2emmisions/main/src_shiny_app/static/latin_america_and_the_caribbean_map.png
1033,Latin America and the Caribbean,1982.2000000000003,7781.497307067036,2.027491423480628,1739137.9866,0.9026778419146073,https://raw.githubusercontent.com/bakered/co2emmisions/main/src_shiny_app/static/latin_america_and_the_caribbean_map.png
1034,Latin America and the Caribbean,1982.4,7793.203772635243,2.0306379191731527,1733010.5081999998,0.9010834020231229,https://raw.githubusercontent.com/bakered/co2emmisions/main/src_shiny_app/static/latin_america_and_the_caribbean_map.png
1035,Latin America and the Caribbean,1982.6,7804.437338060051,2.0336842385023495,1726883.0298,0.8994889621316384,https://raw.githubusercontent.com/bakered/co2emmisions/main/src_shiny_app/static/latin_america_and_the_caribbean_map.png
1036,Latin America and the Caribbean,1982.8,7815.219913191779,2.036629191854608,1720755.5513999998,0.897894522240154,https://raw.githubusercontent.com/bakered/co2emmisions/main/src_shiny_app/static/latin_america_and_the_caribbean_map.png
1037,Latin America and the Caribbean,1983.0,7825.564568457634,2.0394656570483782,1714628.0729999999,0.8963000823486695,https://raw.githubusercontent.com/bakered/co2emmisions/main/src_shiny_app/static/latin_america_and_the_caribbean_map.png
1038,Latin America and the Caribbean,1983.0,7825.564568457634,2.0394656570483782,1714628.0729999999,0.8963000823486695,https://raw.githubusercontent.com/bakered/co2emmisions/main/src_shiny_app/static/latin_america_and_the_caribbean_map.png
1039,Latin America and the Caribbean,1983.2,7835.4837906705025,2.0421838968433477,1715198.4827999999,0.8964491076484794,https://raw.githubusercontent.com/bakered/co2emmisions/main/src_shiny_app/static/latin_america_and_the_caribbean_map.png
1040,Latin America and the Caribbean,1983.4,7844.994866260553,2.0447739701183654,1715768.8926,0.8965981329482892,https://raw.githubusercontent.com/bakered/co2emmisions/main/src_shiny_app/static/latin_america_and_the_caribbean_map.png
1041,Latin America and the Caribbean,1983.6,7854.122862762489,2.047227149391841,1716339.3024,0.896747158248099,https://raw.githubusercontent.com/bakered/co2emmisions/main/src_shiny_app/static/latin_america_and_the_caribbean_map.png
1042,Latin America and the Caribbean,1983.8,7862.903504803143,2.049536680063773,1716909.7122,0.8968961835479089,https://raw.githubusercontent.com/bakered/co2emmisions/main/src_shiny_app/static/latin_america_and_the_caribbean_map.png
1043,Latin America and the Caribbean,1984.0,7871.368269330628,2.0516949934738347,1717480.122,0.8970452088477187,https://raw.githubusercontent.com/bakered/co2emmisions/main/src_shiny_app/static/latin_america_and_the_caribbean_map.png
1044,Latin America and the Caribbean,1984.0,7871.368269330628,2.0516949934738347,1717480.122,0.8970452088477187,https://raw.githubusercontent.com/bakered/co2emmisions/main/src_shiny_app/static/latin_america_and_the_caribbean_map.png
1045,Latin America and the Caribbean,1984.2,7879.5501351937355,2.05369734288351,1720824.6886,0.8979165317703572,https://raw.githubusercontent.com/bakered/co2emmisions/main/src_shiny_app/static/latin_america_and_the_caribbean_map.png
1046,Latin America and the Caribbean,1984.3999999999999,7887.488128254204,2.0555443919511553,1724169.2552,0.8987878546929957,https://raw.githubusercontent.com/bakered/co2emmisions/main/src_shiny_app/static/latin_america_and_the_caribbean_map.png
1047,Latin America and the Caribbean,1984.6,7895.23048584293,2.0572433834067505,1727513.8218,0.8996591776156342,https://raw.githubusercontent.com/bakered/co2emmisions/main/src_shiny_app/static/latin_america_and_the_caribbean_map.png
1048,Latin America and the Caribbean,1984.8,7902.838052826309,2.05880807188311,1730858.3884,0.9005305005382727,https://raw.githubusercontent.com/bakered/co2emmisions/main/src_shiny_app/static/latin_america_and_the_caribbean_map.png
1049,Latin America and the Caribbean,1985.0,7910.372919872505,2.060255618566203,1734202.955,0.9014018234609112,https://raw.githubusercontent.com/bakered/co2emmisions/main/src_shiny_app/static/latin_america_and_the_caribbean_map.png
1050,Latin America and the Caribbean,1985.0,7910.372919872505,2.060255618566203,1734202.955,0.9014018234609112,https://raw.githubusercontent.com/bakered/co2emmisions/main/src_shiny_app/static/latin_america_and_the_caribbean_map.png
1051,Latin America and the Caribbean,1985.2,7917.9026408784475,2.0616083231053106,1738944.3726000001,0.9026298847416883,https://raw.githubusercontent.com/bakered/co2emmisions/main/src_shiny_app/static/latin_america_and_the_caribbean_map.png
1052,Latin America and the Caribbean,1985.4,7925.50233735437,2.062893566990671,1743685.7902000002,0.9038579460224652,https://raw.githubusercontent.com/bakered/co2emmisions/main/src_shiny_app/static/latin_america_and_the_caribbean_map.png
1053,Latin America and the Caribbean,1985.6,7933.255380749872,2.064142191261421,1748427.2078,0.9050860073032423,https://raw.githubusercontent.com/bakered/co2emmisions/main/src_shiny_app/static/latin_america_and_the_caribbean_map.png
1054,Latin America and the Caribbean,1985.8000000000002,7941.254042956143,2.065386058137012,1753168.6254000003,0.9063140685840192,https://raw.githubusercontent.com/bakered/co2emmisions/main/src_shiny_app/static/latin_america_and_the_caribbean_map.png
1055,Latin America and the Caribbean,1986.0,7949.5839159333245,2.0666536844875543,1757910.043,0.9075421298647962,https://raw.githubusercontent.com/bakered/co2emmisions/main/src_shiny_app/static/latin_america_and_the_caribbean_map.png
1056,Latin America and the Caribbean,1986.0,7949.5839159333245,2.0666536844875543,1757910.043,0.9075421298647962,https://raw.githubusercontent.com/bakered/co2emmisions/main/src_shiny_app/static/latin_america_and_the_caribbean_map.png
1057,Latin America and the Caribbean,1986.2000000000003,7958.325977150239,2.0679713351723157,1766471.4362000003,0.9097387984268699,https://raw.githubusercontent.com/bakered/co2emmisions/main/src_shiny_app/static/latin_america_and_the_caribbean_map.png
1058,Latin America and the Caribbean,1986.4,7967.557099859059,2.0693631184744268,1775032.8294000002,0.9119354669889435,https://raw.githubusercontent.com/bakered/co2emmisions/main/src_shiny_app/static/latin_america_and_the_caribbean_map.png
1059,Latin America and the Caribbean,1986.6000000000001,7977.350777701712,2.070850511820767,1783594.2226000002,0.914132135551017,https://raw.githubusercontent.com/bakered/co2emmisions/main/src_shiny_app/static/latin_america_and_the_caribbean_map.png
1060,Latin America and the Caribbean,1986.8000000000002,7987.780341634446,2.072452545405962,1792155.6158000003,0.9163288041130907,https://raw.githubusercontent.com/bakered/co2emmisions/main/src_shiny_app/static/latin_america_and_the_caribbean_map.png
1061,Latin America and the Caribbean,1987.0,7998.907178931076,2.074185080494755,1800717.009,0.9185254726751643,https://raw.githubusercontent.com/bakered/co2emmisions/main/src_shiny_app/static/latin_america_and_the_caribbean_map.png
1062,Latin America and the Caribbean,1987.0,7998.907178931076,2.074185080494755,1800717.009,0.9185254726751643,https://raw.githubusercontent.com/bakered/co2emmisions/main/src_shiny_app/static/latin_america_and_the_caribbean_map.png
1063,Latin America and the Caribbean,1987.2000000000003,8010.780123380889,2.076060814387889,1803765.7260000003,0.919301392149267,https://raw.githubusercontent.com/bakered/co2emmisions/main/src_shiny_app/static/latin_america_and_the_caribbean_map.png
1064,Latin America and the Caribbean,1987.4,8023.43561652474,2.078089189087778,1806814.4430000002,0.9200773116233696,https://raw.githubusercontent.com/bakered/co2emmisions/main/src_shiny_app/static/latin_america_and_the_caribbean_map.png
1065,Latin America and the Caribbean,1987.6,8036.899989478371,2.0802767153365425,1809863.1600000001,0.9208532310974722,https://raw.githubusercontent.com/bakered/co2emmisions/main/src_shiny_app/static/latin_america_and_the_caribbean_map.png
1066,Latin America and the Caribbean,1987.8,8051.195235689177,2.082628024759753,1812911.877,0.9216291505715748,https://raw.githubusercontent.com/bakered/co2emmisions/main/src_shiny_app/static/latin_america_and_the_caribbean_map.png
1067,Latin America and the Caribbean,1988.0,8066.331577384368,2.085145830661924,1815960.594,0.9224050700456774,https://raw.githubusercontent.com/bakered/co2emmisions/main/src_shiny_app/static/latin_america_and_the_caribbean_map.png
1068,Latin America and the Caribbean,1988.0,8066.331577384368,2.085145830661924,1815960.594,0.9224050700456774,https://raw.githubusercontent.com/bakered/co2emmisions/main/src_shiny_app/static/latin_america_and_the_caribbean_map.png
1069,Latin America and the Caribbean,1988.2,8082.306195899347,2.087831254608578,1821372.0948000003,0.9237743562383677,https://raw.githubusercontent.com/bakered/co2emmisions/main/src_shiny_app/static/latin_america_and_the_caribbean_map.png
1070,Latin America and the Caribbean,1988.4,8099.104244410769,2.0906843153884496,1826783.5956000001,0.9251436424310577,https://raw.githubusercontent.com/bakered/co2emmisions/main/src_shiny_app/static/latin_america_and_the_caribbean_map.png
1071,Latin America and the Caribbean,1988.6,8116.701176634738,2.0937046203917227,1832195.0964000002,0.9265129286237479,https://raw.githubusercontent.com/bakered/co2emmisions/main/src_shiny_app/static/latin_america_and_the_caribbean_map.png
1072,Latin America and the Caribbean,1988.8,8135.068414124296,2.0968926096303817,1837606.5972000002,0.9278822148164381,https://raw.githubusercontent.com/bakered/co2emmisions/main/src_shiny_app/static/latin_america_and_the_caribbean_map.png
1073,Latin America and the Caribbean,1989.0,8154.1723360448095,2.100249254726452,1843018.098,0.9292515010091282,https://raw.githubusercontent.com/bakered/co2emmisions/main/src_shiny_app/static/latin_america_and_the_caribbean_map.png
1074,Latin America and the Caribbean,1989.0,8154.1723360448095,2.100249254726452,1843018.098,0.9292515010091282,https://raw.githubusercontent.com/bakered/co2emmisions/main/src_shiny_app/static/latin_america_and_the_caribbean_map.png
1075,Latin America and the Caribbean,1989.2,8173.974210542853,2.103775173385666,1843328.7382000003,0.9293297970607215,https://raw.githubusercontent.com/bakered/co2emmisions/main/src_shiny_app/static/latin_america_and_the_caribbean_map.png
1076,Latin America and the Caribbean,1989.3999999999999,8194.432695761681,2.107470346153422,1843639.3784000003,0.9294080931123146,https://raw.githubusercontent.com/bakered/co2emmisions/main/src_shiny_app/static/latin_america_and_the_caribbean_map.png
1077,Latin America and the Caribbean,1989.6,8215.507717308097,2.111334303104564,1843950.0186,0.9294863891639078,https://raw.githubusercontent.com/bakered/co2emmisions/main/src_shiny_app/static/latin_america_and_the_caribbean_map.png
1078,Latin America and the Caribbean,1989.8,8237.167072780183,2.1153665956306003,1844260.6588,0.929564685215501,https://raw.githubusercontent.com/bakered/co2emmisions/main/src_shiny_app/static/latin_america_and_the_caribbean_map.png
1079,Latin America and the Caribbean,1990.0,8259.384000866805,2.1195657365255554,1844571.299,0.9296429812670942,https://raw.githubusercontent.com/bakered/co2emmisions/main/src_shiny_app/static/latin_america_and_the_caribbean_map.png
1080,Latin America and the Caribbean,1990.0,8259.384000866805,2.1195657365255554,1844571.299,0.9296429812670942,https://raw.githubusercontent.com/bakered/co2emmisions/main/src_shiny_app/static/latin_america_and_the_caribbean_map.png
1081,Latin America and the Caribbean,1990.2,8282.133589255809,2.123928870319614,1850505.3684000003,0.9311323676654171,https://raw.githubusercontent.com/bakered/co2emmisions/main/src_shiny_app/static/latin_america_and_the_caribbean_map.png
1082,Latin America and the Caribbean,1990.4,8305.392609130064,2.128451863568482,1856439.4378000002,0.9326217540637399,https://raw.githubusercontent.com/bakered/co2emmisions/main/src_shiny_app/static/latin_america_and_the_caribbean_map.png
1083,Latin America and the Caribbean,1990.6,8329.139596201243,2.13312933339447,1862373.5071999999,0.9341111404620627,https://raw.githubusercontent.com/bakered/co2emmisions/main/src_shiny_app/static/latin_america_and_the_caribbean_map.png
1084,Latin America and the Caribbean,1990.8000000000002,8353.35559287236,2.1379547202159412,1868307.5766,0.9356005268603856,https://raw.githubusercontent.com/bakered/co2emmisions/main/src_shiny_app/static/latin_america_and_the_caribbean_map.png
1085,Latin America and the Caribbean,1991.0,8378.021202528149,2.142919632664033,1874241.646,0.9370899132587084,https://raw.githubusercontent.com/bakered/co2emmisions/main/src_shiny_app/static/latin_america_and_the_caribbean_map.png
1086,Latin America and the Caribbean,1991.0,8378.021202528149,2.142919632664033,1874241.646,0.9370899132587084,https://raw.githubusercontent.com/bakered/co2emmisions/main/src_shiny_app/static/latin_america_and_the_caribbean_map.png
1087,Latin America and the Caribbean,1991.2000000000003,8403.11520309132,2.1480137713502465,1880310.5566000002,0.938600999185083,https://raw.githubusercontent.com/bakered/co2emmisions/main/src_shiny_app/static/latin_america_and_the_caribbean_map.png
1088,Latin America and the Caribbean,1991.4,8428.615118191765,2.1532252068252036,1886379.4671999998,0.9401120851114573,https://raw.githubusercontent.com/bakered/co2emmisions/main/src_shiny_app/static/latin_america_and_the_caribbean_map.png
1089,Latin America and the Caribbean,1991.6000000000001,8454.497041517361,2.1585405442726455,1892448.3778000001,0.9416231710378319,https://raw.githubusercontent.com/bakered/co2emmisions/main/src_shiny_app/static/latin_america_and_the_caribbean_map.png
1090,Latin America and the Caribbean,1991.8000000000002,8480.737163996435,2.163945312178077,1898517.2884,0.9431342569642063,https://raw.githubusercontent.com/bakered/co2emmisions/main/src_shiny_app/static/latin_america_and_the_caribbean_map.png
1091,Latin America and the Caribbean,1992.0,8507.31738589958,2.1694257523140648,1904586.199,0.9446453428905808,https://raw.githubusercontent.com/bakered/co2emmisions/main/src_shiny_app/static/latin_america_and_the_caribbean_map.png
1092,Latin America and the Caribbean,1992.0,8507.31738589958,2.1694257523140648,1904586.199,0.9446453428905808,https://raw.githubusercontent.com/bakered/co2emmisions/main/src_shiny_app/static/latin_america_and_the_caribbean_map.png
1093,Latin America and the Caribbean,1992.2000000000003,8534.222648590088,2.1749685041111757,1908734.5200000003,0.9456713087508035,https://raw.githubusercontent.com/bakered/co2emmisions/main/src_shiny_app/static/latin_america_and_the_caribbean_map.png
1094,Latin America and the Caribbean,1992.4,8561.440338460066,2.1805605164974646,1912882.841,0.946697274611026,https://raw.githubusercontent.com/bakered/co2emmisions/main/src_shiny_app/static/latin_america_and_the_caribbean_map.png
1095,Latin America and the Caribbean,1992.6,8588.959814160167,2.1861889618823,1917031.162,0.9477232404712488,https://raw.githubusercontent.com/bakered/co2emmisions/main/src_shiny_app/static/latin_america_and_the_caribbean_map.png
1096,Latin America and the Caribbean,1992.8,8616.774582855636,2.191841283775177,1921179.483,0.9487492063314713,https://raw.githubusercontent.com/bakered/co2emmisions/main/src_shiny_app/static/latin_america_and_the_caribbean_map.png
1097,Latin America and the Caribbean,1993.0,8644.892086204014,2.1975067779201365,1925327.804,0.9497751721916939,https://raw.githubusercontent.com/bakered/co2emmisions/main/src_shiny_app/static/latin_america_and_the_caribbean_map.png
1098,Latin America and the Caribbean,1993.0,8644.892086204014,2.1975067779201365,1925327.804,0.9497751721916939,https://raw.githubusercontent.com/bakered/co2emmisions/main/src_shiny_app/static/latin_america_and_the_caribbean_map.png
1099,Latin America and the Caribbean,1993.2,8673.32834658808,2.203176278048733,1929811.0326000003,0.9508777732494882,https://raw.githubusercontent.com/bakered/co2emmisions/main/src_shiny_app/static/latin_america_and_the_caribbean_map.png
1100,Latin America and the Caribbean,1993.4,8702.104871244977,2.2088421745366023,1934294.2612,0.9519803743072824,https://raw.githubusercontent.com/bakered/co2emmisions/main/src_shiny_app/static/latin_america_and_the_caribbean_map.png
1101,Latin America and the Caribbean,1993.6,8731.246763870486,2.2144984191564627,1938777.4898,0.9530829753650767,https://raw.githubusercontent.com/bakered/co2emmisions/main/src_shiny_app/static/latin_america_and_the_caribbean_map.png
1102,Latin America and the Caribbean,1993.8,8760.78219795456,2.220140534925077,1943260.7184000001,0.9541855764228708,https://raw.githubusercontent.com/bakered/co2emmisions/main/src_shiny_app/static/latin_america_and_the_caribbean_map.png
1103,Latin America and the Caribbean,1994.0,8790.743822964789,2.225766624269561,1947743.9470000002,0.9552881774806651,https://raw.githubusercontent.com/bakered/co2emmisions/main/src_shiny_app/static/latin_america_and_the_caribbean_map.png
1104,Latin America and the Caribbean,1994.0,8790.743822964789,2.225766624269561,1947743.9470000002,0.9552881774806651,https://raw.githubusercontent.com/bakered/co2emmisions/main/src_shiny_app/static/latin_america_and_the_caribbean_map.png
1105,Latin America and the Caribbean,1994.2,8821.16342488639,2.2313766776698074,1950271.2956000003,0.9559069556553241,https://raw.githubusercontent.com/bakered/co2emmisions/main/src_shiny_app/static/latin_america_and_the_caribbean_map.png
1106,Latin America and the Caribbean,1994.3999999999999,8852.06905684134,2.236972242465391,1952798.6442000002,0.9565257338299832,https://raw.githubusercontent.com/bakered/co2emmisions/main/src_shiny_app/static/latin_america_and_the_caribbean_map.png
1107,Latin America and the Caribbean,1994.6,8883.4847627606,2.242556240467791,1955325.9928000001,0.9571445120046422,https://raw.githubusercontent.com/bakered/co2emmisions/main/src_shiny_app/static/latin_america_and_the_caribbean_map.png
1108,Latin America and the Caribbean,1994.8,8915.433693851142,2.248132975475132,1957853.3414,0.9577632901793013,https://raw.githubusercontent.com/bakered/co2emmisions/main/src_shiny_app/static/latin_america_and_the_caribbean_map.png
1109,Latin America and the Caribbean,1995.0,8947.94232740328,2.253708235527094,1960380.69,0.9583820683539603,https://raw.githubusercontent.com/bakered/co2emmisions/main/src_shiny_app/static/latin_america_and_the_caribbean_map.png
1110,Latin America and the Caribbean,1995.0,8947.94232740328,2.253708235527094,1960380.69,0.9583820683539603,https://raw.githubusercontent.com/bakered/co2emmisions/main/src_shiny_app/static/latin_america_and_the_caribbean_map.png
1111,Latin America and the Caribbean,1995.2,8981.035199084594,2.259288744105218,1970944.4898,0.9609470970433613,https://raw.githubusercontent.com/bakered/co2emmisions/main/src_shiny_app/static/latin_america_and_the_caribbean_map.png
1112,Latin America and the Caribbean,1995.4,9014.732975230088,2.264881906637785,1981508.2895999998,0.9635121257327621,https://raw.githubusercontent.com/bakered/co2emmisions/main/src_shiny_app/static/latin_america_and_the_caribbean_map.png
1113,Latin America and the Caribbean,1995.6,9049.053734952298,2.2704955294878206,1992072.0894,0.966077154422163,https://raw.githubusercontent.com/bakered/co2emmisions/main/src_shiny_app/static/latin_america_and_the_caribbean_map.png
1114,Latin America and the Caribbean,1995.8000000000002,9084.01932998275,2.276137839576592,2002635.8892,0.9686421831115639,https://raw.githubusercontent.com/bakered/co2emmisions/main/src_shiny_app/static/latin_america_and_the_caribbean_map.png
1115,Latin America and the Caribbean,1996.0,9119.655654689675,2.2818173079780704,2013199.689,0.9712072118009648,https://raw.githubusercontent.com/bakered/co2emmisions/main/src_shiny_app/static/latin_america_and_the_caribbean_map.png
1116,Latin America and the Caribbean,1996.0,9119.655654689675,2.2818173079780704,2013199.689,0.9712072118009648,https://raw.githubusercontent.com/bakered/co2emmisions/main/src_shiny_app/static/latin_america_and_the_caribbean_map.png
1117,Latin America and the Caribbean,1996.2000000000003,9155.98648172804,2.287542079478529,2025442.3594,0.9741381518475327,https://raw.githubusercontent.com/bakered/co2emmisions/main/src_shiny_app/static/latin_america_and_the_caribbean_map.png
1118,Latin America and the Caribbean,1996.4,9193.031713985178,2.293319649253198,2037685.0298,0.9770690918941005,https://raw.githubusercontent.com/bakered/co2emmisions/main/src_shiny_app/static/latin_america_and_the_caribbean_map.png
1119,Latin America and the Caribbean,1996.6000000000001,9230.809677113784,2.2991567038123857,2049927.7001999998,0.9800000319406684,https://raw.githubusercontent.com/bakered/co2emmisions/main/src_shiny_app/static/latin_america_and_the_caribbean_map.png
1120,Latin America and the Caribbean,1996.8000000000002,9269.34539953511,2.305059287874127,2062170.3706,0.9829309719872363,https://raw.githubusercontent.com/bakered/co2emmisions/main/src_shiny_app/static/latin_america_and_the_caribbean_map.png
1121,Latin America and the Caribbean,1997.0,9308.666141890086,2.311032556940902,2074413.041,0.9858619120338042,https://raw.githubusercontent.com/bakered/co2emmisions/main/src_shiny_app/static/latin_america_and_the_caribbean_map.png
1122,Latin America and the Caribbean,1997.0,9308.666141890086,2.311032556940902,2074413.041,0.9858619120338042,https://raw.githubusercontent.com/bakered/co2emmisions/main/src_shiny_app/static/latin_america_and_the_caribbean_map.png
1123,Latin America and the Caribbean,1997.2000000000003,9348.792786547787,2.317080280827324,2082975.2376,0.9878861077257208,https://raw.githubusercontent.com/bakered/co2emmisions/main/src_shiny_app/static/latin_america_and_the_caribbean_map.png
1124,Latin America and the Caribbean,1997.4,9389.736950619525,2.3232046416252228,2091537.4342,0.9899103034176373,https://raw.githubusercontent.com/bakered/co2emmisions/main/src_shiny_app/static/latin_america_and_the_caribbean_map.png
1125,Latin America and the Caribbean,1997.6,9431.503595230062,2.329406521420755,2100099.6308000004,0.991934499109554,https://raw.githubusercontent.com/bakered/co2emmisions/main/src_shiny_app/static/latin_america_and_the_caribbean_map.png
1126,Latin America and the Caribbean,1997.8,9474.09983324834,2.3356861811005687,2108661.8274,0.9939586948014705,https://raw.githubusercontent.com/bakered/co2emmisions/main/src_shiny_app/static/latin_america_and_the_caribbean_map.png
1127,Latin America and the Caribbean,1998.0,9517.53109350438,2.3420433909404914,2117224.024,0.9959828904933871,https://raw.githubusercontent.com/bakered/co2emmisions/main/src_shiny_app/static/latin_america_and_the_caribbean_map.png
1128,Latin America and the Caribbean,1998.0,9517.53109350438,2.3420433909404914,2117224.024,0.9959828904933871,https://raw.githubusercontent.com/bakered/co2emmisions/main/src_shiny_app/static/latin_america_and_the_caribbean_map.png
1129,Latin America and the Caribbean,1998.2,9561.794195950106,2.348476409797208,2121605.7384,0.9970108593903401,https://raw.githubusercontent.com/bakered/co2emmisions/main/src_shiny_app/static/latin_america_and_the_caribbean_map.png
1130,Latin America and the Caribbean,1998.4,9606.87457751744,2.354981430517834,2125987.4528,0.9980388282872931,https://raw.githubusercontent.com/bakered/co2emmisions/main/src_shiny_app/static/latin_america_and_the_caribbean_map.png
1131,Latin America and the Caribbean,1998.6,9652.746826446824,2.361552439040139,2130369.1672,0.999066797184246,https://raw.githubusercontent.com/bakered/co2emmisions/main/src_shiny_app/static/latin_america_and_the_caribbean_map.png
1132,Latin America and the Caribbean,1998.8,9699.379290883684,2.3681810824986727,2134750.8816,1.000094766081199,https://raw.githubusercontent.com/bakered/co2emmisions/main/src_shiny_app/static/latin_america_and_the_caribbean_map.png
1133,Latin America and the Caribbean,1999.0,9746.733795311997,2.3748581682640344,2139132.596,1.001122734978152,https://raw.githubusercontent.com/bakered/co2emmisions/main/src_shiny_app/static/latin_america_and_the_caribbean_map.png
1134,Latin America and the Caribbean,1999.0,9746.733795311997,2.3748581682640344,2139132.596,1.001122734978152,https://raw.githubusercontent.com/bakered/co2emmisions/main/src_shiny_app/static/latin_america_and_the_caribbean_map.png
1135,Latin America and the Caribbean,1999.2,9794.765828976333,2.3815738995517433,2141200.1718,1.0016059687776386,https://raw.githubusercontent.com/bakered/co2emmisions/main/src_shiny_app/static/latin_america_and_the_caribbean_map.png
1136,Latin America and the Caribbean,1999.3999999999999,9843.427134453503,2.3883180761704375,2143267.7476,1.0020892025771249,https://raw.githubusercontent.com/bakered/co2emmisions/main/src_shiny_app/static/latin_america_and_the_caribbean_map.png
1137,Latin America and the Caribbean,1999.6,9892.669842556319,2.395080597642681,2145335.3234,1.0025724363766113,https://raw.githubusercontent.com/bakered/co2emmisions/main/src_shiny_app/static/latin_america_and_the_caribbean_map.png
1138,Latin America and the Caribbean,1999.8,9942.453676443967,2.401851993923046,2147402.8992,1.0030556701760978,https://raw.githubusercontent.com/bakered/co2emmisions/main/src_shiny_app/static/latin_america_and_the_caribbean_map.png
1139,Latin America and the Caribbean,2000.0,9992.73964611054,2.4086242471259243,2149470.475,1.0035389039755842,https://raw.githubusercontent.com/bakered/co2emmisions/main/src_shiny_app/static/latin_america_and_the_caribbean_map.png
1140,Latin America and the Caribbean,2000.0,9992.73964611054,2.4086242471259243,2149470.475,1.0035389039755842,https://raw.githubusercontent.com/bakered/co2emmisions/main/src_shiny_app/static/latin_america_and_the_caribbean_map.png
1141,Latin America and the Caribbean,2000.2,10043.487227072848,2.4153905627922416,2152149.3806000003,1.0041632928235207,https://raw.githubusercontent.com/bakered/co2emmisions/main/src_shiny_app/static/latin_america_and_the_caribbean_map.png
1142,Latin America and the Caribbean,2000.4,10094.655159553533,2.4221452097431855,2154828.2862,1.0047876816714567,https://raw.githubusercontent.com/bakered/co2emmisions/main/src_shiny_app/static/latin_america_and_the_caribbean_map.png
1143,Latin America and the Caribbean,2000.6,10146.203394454664,2.4288835605200707,2157507.1918,1.005412070519393,https://raw.githubusercontent.com/bakered/co2emmisions/main/src_shiny_app/static/latin_america_and_the_caribbean_map.png
1144,Latin America and the Caribbean,2000.8000000000002,10198.096320311792,2.4356021364425025,2160186.0974,1.0060364593673292,https://raw.githubusercontent.com/bakered/co2emmisions/main/src_shiny_app/static/latin_america_and_the_caribbean_map.png
1145,Latin America and the Caribbean,2001.0,10250.302651122576,2.4422978548908407,2162865.003,1.0066608482152655,https://raw.githubusercontent.com/bakered/co2emmisions/main/src_shiny_app/static/latin_america_and_the_caribbean_map.png
1146,Latin America and the Caribbean,2001.0,10250.302651122576,2.4422978548908407,2162865.003,1.0066608482152655,https://raw.githubusercontent.com/bakered/co2emmisions/main/src_shiny_app/static/latin_america_and_the_caribbean_map.png
1147,Latin America and the Caribbean,2001.2000000000003,10302.796478907823,2.4489679246153737,2163297.8234,1.0067615466908386,https://raw.githubusercontent.com/bakered/co2emmisions/main/src_shiny_app/static/latin_america_and_the_caribbean_map.png
1148,Latin America and the Caribbean,2001.4,10355.558757228042,2.4556098689949732,2163730.6437999997,1.0068622451664115,https://raw.githubusercontent.com/bakered/co2emmisions/main/src_shiny_app/static/latin_america_and_the_caribbean_map.png
1149,Latin America and the Caribbean,2001.6000000000001,10408.577772421717,2.462221500841171,2164163.4642000003,1.0069629436419847,https://raw.githubusercontent.com/bakered/co2emmisions/main/src_shiny_app/static/latin_america_and_the_caribbean_map.png
1150,Latin America and the Caribbean,2001.8000000000002,10461.850577049992,2.4688009684807652,2164596.2846,1.0070636421175576,https://raw.githubusercontent.com/bakered/co2emmisions/main/src_shiny_app/static/latin_america_and_the_caribbean_map.png
1151,Latin America and the Caribbean,2002.0,10515.381727398459,2.4753464139892927,2165029.105,1.0071643405931308,https://raw.githubusercontent.com/bakered/co2emmisions/main/src_shiny_app/static/latin_america_and_the_caribbean_map.png
1152,Latin America and the Caribbean,2002.0,10515.381727398459,2.4753464139892927,2165029.105,1.0071643405931308,https://raw.githubusercontent.com/bakered/co2emmisions/main/src_shiny_app/static/latin_america_and_the_caribbean_map.png
1153,Latin America and the Caribbean,2002.2000000000003,10569.181314917665,2.4818561978255107,2173499.5132,1.009125001344248,https://raw.githubusercontent.com/bakered/co2emmisions/main/src_shiny_app/static/latin_america_and_the_caribbean_map.png
1154,Latin America and the Caribbean,2002.4,10623.264015422734,2.488329207217896,2181969.9214,1.0110856620953657,https://raw.githubusercontent.com/bakered/co2emmisions/main/src_shiny_app/static/latin_america_and_the_caribbean_map.png
1155,Latin America and the Caribbean,2002.6,10677.647419928046,2.4947648820766077,2190440.3296,1.013046322846483,https://raw.githubusercontent.com/bakered/co2emmisions/main/src_shiny_app/static/latin_america_and_the_caribbean_map.png
1156,Latin America and the Caribbean,2002.8,10732.351628705186,2.5011632645171273,2198910.7378,1.0150069835976003,https://raw.githubusercontent.com/bakered/co2emmisions/main/src_shiny_app/static/latin_america_and_the_caribbean_map.png
1157,Latin America and the Caribbean,2003.0,10787.400297555016,2.5075248954261506,2207381.1459999997,1.0169676443487177,https://raw.githubusercontent.com/bakered/co2emmisions/main/src_shiny_app/static/latin_america_and_the_caribbean_map.png
1158,Latin America and the Caribbean,2003.0,10787.400297555016,2.5075248954261506,2207381.1459999997,1.0169676443487177,https://raw.githubusercontent.com/bakered/co2emmisions/main/src_shiny_app/static/latin_america_and_the_caribbean_map.png
1159,Latin America and the Caribbean,2003.2,10842.818630591426,2.5138511888264574,2216896.0992,1.0191477880235584,https://raw.githubusercontent.com/bakered/co2emmisions/main/src_shiny_app/static/latin_america_and_the_caribbean_map.png
1160,Latin America and the Caribbean,2003.4,10898.632259870117,2.520144783150265,2226411.0524,1.021327931698399,https://raw.githubusercontent.com/bakered/co2emmisions/main/src_shiny_app/static/latin_america_and_the_caribbean_map.png
1161,Latin America and the Caribbean,2003.6,10954.866016020096,2.526409614154097,2235926.0056,1.0235080753732397,https://raw.githubusercontent.com/bakered/co2emmisions/main/src_shiny_app/static/latin_america_and_the_caribbean_map.png
1162,Latin America and the Caribbean,2003.8,11011.544647529214,2.532650969208218,2245440.9588,1.0256882190480803,https://raw.githubusercontent.com/bakered/co2emmisions/main/src_shiny_app/static/latin_america_and_the_caribbean_map.png
1163,Latin America and the Caribbean,2004.0,11068.696739882676,2.5388754528439073,2254955.912,1.027868362722921,https://raw.githubusercontent.com/bakered/co2emmisions/main/src_shiny_app/static/latin_america_and_the_caribbean_map.png
1164,Latin America and the Caribbean,2004.0,11068.696739882676,2.5388754528439073,2254955.912,1.027868362722921,https://raw.githubusercontent.com/bakered/co2emmisions/main/src_shiny_app/static/latin_america_and_the_caribbean_map.png
1165,Latin America and the Caribbean,2004.2,11126.35123386713,2.5450911918124284,2265343.3202,1.0302223128796726,https://raw.githubusercontent.com/bakered/co2emmisions/main/src_shiny_app/static/latin_america_and_the_caribbean_map.png
1166,Latin America and the Caribbean,2004.3999999999999,11184.535548875185,2.551307911073102,2275730.7284,1.0325762630364241,https://raw.githubusercontent.com/bakered/co2emmisions/main/src_shiny_app/static/latin_america_and_the_caribbean_map.png
1167,Latin America and the Caribbean,2004.6,11243.272898931944,2.557536768803181,2286118.1366,1.0349302131931755,https://raw.githubusercontent.com/bakered/co2emmisions/main/src_shiny_app/static/latin_america_and_the_caribbean_map.png
1168,Latin America and the Caribbean,2004.8,11302.580321704756,2.563790043204105,2296505.5448,1.037284163349927,https://raw.githubusercontent.com/bakered/co2emmisions/main/src_shiny_app/static/latin_america_and_the_caribbean_map.png
1169,Latin America and the Caribbean,2005.0,11362.474248822235,2.5700805675388563,2306892.9529999997,1.0396381135066786,https://raw.githubusercontent.com/bakered/co2emmisions/main/src_shiny_app/static/latin_america_and_the_caribbean_map.png
1170,Latin America and the Caribbean,2005.0,11362.474248822235,2.5700805675388563,2306892.9529999997,1.0396381135066786,https://raw.githubusercontent.com/bakered/co2emmisions/main/src_shiny_app/static/latin_america_and_the_caribbean_map.png
1171,Latin America and the Caribbean,2005.2,11422.962412565465,2.5764212635666808,2315016.5034,1.0414606299884719,https://raw.githubusercontent.com/bakered/co2emmisions/main/src_shiny_app/static/latin_america_and_the_caribbean_map.png
1172,Latin America and the Caribbean,2005.4,11484.037376605838,2.5828242338768104,2323140.0538,1.043283146470265,https://raw.githubusercontent.com/bakered/co2emmisions/main/src_shiny_app/static/latin_america_and_the_caribbean_map.png
1173,Latin America and the Caribbean,2005.6,11545.667077321608,2.5892992162825905,2331263.6042,1.0451056629520583,https://raw.githubusercontent.com/bakered/co2emmisions/main/src_shiny_app/static/latin_america_and_the_caribbean_map.png
1174,Latin America and the Caribbean,2005.8000000000002,11607.780844598989,2.5958510055876767,2339387.1546,1.0469281794338516,https://raw.githubusercontent.com/bakered/co2emmisions/main/src_shiny_app/static/latin_america_and_the_caribbean_map.png
1175,Latin America and the Caribbean,2006.0,11670.282627363304,2.6024787799916322,2347510.705,1.048750695915645,https://raw.githubusercontent.com/bakered/co2emmisions/main/src_shiny_app/static/latin_america_and_the_caribbean_map.png
1176,Latin America and the Caribbean,2006.0,11670.282627363304,2.6024787799916322,2347510.705,1.048750695915645,https://raw.githubusercontent.com/bakered/co2emmisions/main/src_shiny_app/static/latin_america_and_the_caribbean_map.png
1177,Latin America and the Caribbean,2006.2000000000003,11733.051335855933,2.6091753262192983,2355452.8318000003,1.0505173291895802,https://raw.githubusercontent.com/bakered/co2emmisions/main/src_shiny_app/static/latin_america_and_the_caribbean_map.png
1178,Latin America and the Caribbean,2006.4,11795.942259975745,2.6159258177684137,2363394.9586,1.052283962463515,https://raw.githubusercontent.com/bakered/co2emmisions/main/src_shiny_app/static/latin_america_and_the_caribbean_map.png
1179,Latin America and the Caribbean,2006.6000000000001,11858.786462460252,2.6227057432369136,2371337.0854,1.05405059573745,https://raw.githubusercontent.com/bakered/co2emmisions/main/src_shiny_app/static/latin_america_and_the_caribbean_map.png
1180,Latin America and the Caribbean,2006.8000000000002,11921.38397029701,2.6294769810459124,2379279.2122,1.055817229011385,https://raw.githubusercontent.com/bakered/co2emmisions/main/src_shiny_app/static/latin_america_and_the_caribbean_map.png
1181,Latin America and the Caribbean,2007.0,11983.536849918872,2.636191609024236,2387221.3389999997,1.05758386228532,https://raw.githubusercontent.com/bakered/co2emmisions/main/src_shiny_app/static/latin_america_and_the_caribbean_map.png
1182,Latin America and the Caribbean,2007.0,11983.536849918872,2.636191609024236,2387221.3389999997,1.05758386228532,https://raw.githubusercontent.com/bakered/co2emmisions/main/src_shiny_app/static/latin_america_and_the_caribbean_map.png
1183,Latin America and the Caribbean,2007.2000000000003,12045.062393231483,2.6427944080252392,2395121.1459999997,1.0593265645509486,https://raw.githubusercontent.com/bakered/co2emmisions/main/src_shiny_app/static/latin_america_and_the_caribbean_map.png
1184,Latin America and the Caribbean,2007.4,12105.801747095136,2.649225286250143,2403020.9529999997,1.0610692668165773,https://raw.githubusercontent.com/bakered/co2emmisions/main/src_shiny_app/static/latin_america_and_the_caribbean_map.png
1185,Latin America and the Caribbean,2007.6,12165.62107474646,2.6554206457650653,2410920.76,1.062811969082206,https://raw.githubusercontent.com/bakered/co2emmisions/main/src_shiny_app/static/latin_america_and_the_caribbean_map.png
1186,Latin America and the Caribbean,2007.8,12224.399238734293,2.6613117509826325,2418820.567,1.0645546713478347,https://raw.githubusercontent.com/bakered/co2emmisions/main/src_shiny_app/static/latin_america_and_the_caribbean_map.png
1187,Latin America and the Caribbean,2008.0,12282.062519122328,2.6668379548324954,2426720.374,1.0662973736134633,https://raw.githubusercontent.com/bakered/co2emmisions/main/src_shiny_app/static/latin_america_and_the_caribbean_map.png
1188,Latin America and the Caribbean,2008.0,12282.062519122328,2.6668379548324954,2426720.374,1.0662973736134633,https://raw.githubusercontent.com/bakered/co2emmisions/main/src_shiny_app/static/latin_america_and_the_caribbean_map.png
1189,Latin America and the Caribbean,2008.2,12338.585273552957,2.671954165945554,2419093.7992000002,1.064615186187842,https://raw.githubusercontent.com/bakered/co2emmisions/main/src_shiny_app/static/latin_america_and_the_caribbean_map.png
1190,Latin America and the Caribbean,2008.4,12393.97979321061,2.6766343082778636,2411467.2243999997,1.06293299876222,https://raw.githubusercontent.com/bakered/co2emmisions/main/src_shiny_app/static/latin_america_and_the_caribbean_map.png
1191,Latin America and the Caribbean,2008.6,12448.277603804598,2.6808703712502275,2403840.6496,1.0612508113365986,https://raw.githubusercontent.com/bakered/co2emmisions/main/src_shiny_app/static/latin_america_and_the_caribbean_map.png
1192,Latin America and the Caribbean,2008.8,12501.501340893743,2.6846659476614816,2396214.0748,1.059568623910977,https://raw.githubusercontent.com/bakered/co2emmisions/main/src_shiny_app/static/latin_america_and_the_caribbean_map.png
1193,Latin America and the Caribbean,2009.0,12553.700113083774,2.6880432618428007,2388587.5,1.0578864364853553,https://raw.githubusercontent.com/bakered/co2emmisions/main/src_shiny_app/static/latin_america_and_the_caribbean_map.png
1194,Latin America and the Caribbean,2009.0,12553.700113083774,2.6880432618428007,2388587.5,1.0578864364853553,https://raw.githubusercontent.com/bakered/co2emmisions/main/src_shiny_app/static/latin_america_and_the_caribbean_map.png
1195,Latin America and the Caribbean,2009.2,12604.955494439117,2.6910427699353914,2403111.0638,1.0610785420813662,https://raw.githubusercontent.com/bakered/co2emmisions/main/src_shiny_app/static/latin_america_and_the_caribbean_map.png
1196,Latin America and the Caribbean,2009.3999999999999,12655.377608829094,2.693719515715461,2417634.6276000002,1.0642706476773771,https://raw.githubusercontent.com/bakered/co2emmisions/main/src_shiny_app/static/latin_america_and_the_caribbean_map.png
1197,Latin America and the Caribbean,2009.6,12705.089675441615,2.6961369056671898,2432158.1914,1.0674627532733882,https://raw.githubusercontent.com/bakered/co2emmisions/main/src_shiny_app/static/latin_america_and_the_caribbean_map.png
1198,Latin America and the Caribbean,2009.8,12754.208887217601,2.6983581200605893,2446681.7552,1.0706548588693992,https://raw.githubusercontent.com/bakered/co2emmisions/main/src_shiny_app/static/latin_america_and_the_caribbean_map.png
1199,Latin America and the Caribbean,2010.0,12802.83318850776,2.700438469865175,2461205.319,1.07384696446541,https://raw.githubusercontent.com/bakered/co2emmisions/main/src_shiny_app/static/latin_america_and_the_caribbean_map.png
1200,Latin America and the Caribbean,2010.0,12802.83318850776,2.700438469865175,2461205.319,1.07384696446541,https://raw.githubusercontent.com/bakered/co2emmisions/main/src_shiny_app/static/latin_america_and_the_caribbean_map.png
1201,Latin America and the Caribbean,2010.2,12851.035120748224,2.7024196745767894,2474771.0636,1.0767862816340315,https://raw.githubusercontent.com/bakered/co2emmisions/main/src_shiny_app/static/latin_america_and_the_caribbean_map.png
1202,Latin America and the Caribbean,2010.4,12898.858739977284,2.704327537858853,2488336.8082,1.0797255988026528,https://raw.githubusercontent.com/bakered/co2emmisions/main/src_shiny_app/static/latin_america_and_the_caribbean_map.png
1203,Latin America and the Caribbean,2010.6,12946.316099053212,2.706171956861832,2501902.5528,1.0826649159712742,https://raw.githubusercontent.com/bakered/co2emmisions/main/src_shiny_app/static/latin_america_and_the_caribbean_map.png
1204,Latin America and the Caribbean,2010.8000000000002,12993.382600376708,2.7079478720413412,2515468.2974,1.0856042331398956,https://raw.githubusercontent.com/bakered/co2emmisions/main/src_shiny_app/static/latin_america_and_the_caribbean_map.png
1205,Latin America and the Caribbean,2011.0,13040.016766047242,2.7096457017679074,2529034.042,1.088543550308517,https://raw.githubusercontent.com/bakered/co2emmisions/main/src_shiny_app/static/latin_america_and_the_caribbean_map.png
1206,Latin America and the Caribbean,2011.0,13040.016766047242,2.7096457017679074,2529034.042,1.088543550308517,https://raw.githubusercontent.com/bakered/co2emmisions/main/src_shiny_app/static/latin_america_and_the_caribbean_map.png
1207,Latin America and the Caribbean,2011.2000000000003,13086.169947354572,2.7112551534568103,2542009.6607999997,1.0913183418525545,https://raw.githubusercontent.com/bakered/co2emmisions/main/src_shiny_app/static/latin_america_and_the_caribbean_map.png
1208,Latin America and the Caribbean,2011.4,13131.790796597901,2.7127664489721632,2554985.2796,1.094093133396592,https://raw.githubusercontent.com/bakered/co2emmisions/main/src_shiny_app/static/latin_america_and_the_caribbean_map.png
1209,Latin America and the Caribbean,2011.6000000000001,13176.824849856053,2.7141705457833707,2567960.8984,1.0968679249406292,https://raw.githubusercontent.com/bakered/co2emmisions/main/src_shiny_app/static/latin_america_and_the_caribbean_map.png
1210,Latin America and the Caribbean,2011.8000000000002,13221.206395702808,2.7154577947693816,2580936.5172,1.0996427164846667,https://raw.githubusercontent.com/bakered/co2emmisions/main/src_shiny_app/static/latin_america_and_the_caribbean_map.png
1211,Latin America and the Caribbean,2012.0,13264.873388129441,2.716621670487715,2593912.136,1.1024175080287042,https://raw.githubusercontent.com/bakered/co2emmisions/main/src_shiny_app/static/latin_america_and_the_caribbean_map.png
1212,Latin America and the Caribbean,2012.0,13264.873388129441,2.716621670487715,2593912.136,1.1024175080287042,https://raw.githubusercontent.com/bakered/co2emmisions/main/src_shiny_app/static/latin_america_and_the_caribbean_map.png
1213,Latin America and the Caribbean,2012.2000000000003,13307.775592417434,2.7176597648929555,2601491.4954000004,1.104022288819329,https://raw.githubusercontent.com/bakered/co2emmisions/main/src_shiny_app/static/latin_america_and_the_caribbean_map.png
1214,Latin America and the Caribbean,2012.4,13349.875382761038,2.7185733650563866,2609070.8548,1.105627069609954,https://raw.githubusercontent.com/bakered/co2emmisions/main/src_shiny_app/static/latin_america_and_the_caribbean_map.png
1215,Latin America and the Caribbean,2012.6,13391.148286515283,2.719367145383127,2616650.2142000003,1.1072318504005787,https://raw.githubusercontent.com/bakered/co2emmisions/main/src_shiny_app/static/latin_america_and_the_caribbean_map.png
1216,Latin America and the Caribbean,2012.8,13421.772848122062,2.718087807806094,2624229.5736000002,1.1088366311912035,https://raw.githubusercontent.com/bakered/co2emmisions/main/src_shiny_app/static/latin_america_and_the_caribbean_map.png
1217,Latin America and the Caribbean,2013.0,13451.403441513212,2.7168037286536793,2631808.933,1.1104414119818284,https://raw.githubusercontent.com/bakered/co2emmisions/main/src_shiny_app/static/latin_america_and_the_caribbean_map.png
1218,Latin America and the Caribbean,2013.0,13451.403441513212,2.7168037286536793,2631808.933,1.1104414119818284,https://raw.githubusercontent.com/bakered/co2emmisions/main/src_shiny_app/static/latin_america_and_the_caribbean_map.png
1219,Latin America and the Caribbean,2013.2,13480.353906103976,2.7155707987247215,2637665.1134000006,1.1116734462504925,https://raw.githubusercontent.com/bakered/co2emmisions/main/src_shiny_app/static/latin_america_and_the_caribbean_map.png
1220,Latin America and the Caribbean,2013.4,13508.912934955568,2.714422869157427,2643521.2938,1.1129054805191565,https://raw.githubusercontent.com/bakered/co2emmisions/main/src_shiny_app/static/latin_america_and_the_caribbean_map.png
1221,Latin America and the Caribbean,2013.6,13537.295441032456,2.7133733715860715,2649377.4742,1.1141375147878205,https://raw.githubusercontent.com/bakered/co2emmisions/main/src_shiny_app/static/latin_america_and_the_caribbean_map.png
1222,Latin America and the Caribbean,2013.8,13565.64151029964,2.712421993880344,2655233.6546,1.1153695490564846,https://raw.githubusercontent.com/bakered/co2emmisions/main/src_shiny_app/static/latin_america_and_the_caribbean_map.png
1223,Latin America and the Caribbean,2014.0,13594.032130462254,2.7115608483250333,2661089.835,1.1166015833251486,https://raw.githubusercontent.com/bakered/co2emmisions/main/src_shiny_app/static/latin_america_and_the_caribbean_map.png
1224,Latin America and the Caribbean,2014.0,13594.032130462254,2.7115608483250333,2661089.835,1.1166015833251486,https://raw.githubusercontent.com/bakered/co2emmisions/main/src_shiny_app/static/latin_america_and_the_caribbean_map.png
1225,Latin America and the Caribbean,2014.2,13622.507050444432,2.710778741462852,2657249.1298,1.1157943384024909,https://raw.githubusercontent.com/bakered/co2emmisions/main/src_shiny_app/static/latin_america_and_the_caribbean_map.png
1226,Latin America and the Caribbean,2014.3999999999999,13651.07936051023,2.710063709658201,2653408.4245999996,1.1149870934798332,https://raw.githubusercontent.com/bakered/co2emmisions/main/src_shiny_app/static/latin_america_and_the_caribbean_map.png
1227,Latin America and the Caribbean,2014.6,13679.746308631407,2.7094043444875506,2649567.7194,1.1141798485571752,https://raw.githubusercontent.com/bakered/co2emmisions/main/src_shiny_app/static/latin_america_and_the_caribbean_map.png
1228,Latin America and the Caribbean,2014.8,13708.496356575897,2.7087903738370054,2645727.0141999996,1.1133726036345175,https://raw.githubusercontent.com/bakered/co2emmisions/main/src_shiny_app/static/latin_america_and_the_caribbean_map.png
1229,Latin America and the Caribbean,2015.0,13737.313554689586,2.7082128260537517,2641886.309,1.1125653587118598,https://raw.githubusercontent.com/bakered/co2emmisions/main/src_shiny_app/static/latin_america_and_the_caribbean_map.png
1230,Latin America and the Caribbean,2015.0,13737.313554689586,2.7082128260537517,2641886.309,1.1125653587118598,https://raw.githubusercontent.com/bakered/co2emmisions/main/src_shiny_app/static/latin_america_and_the_caribbean_map.png
1231,Latin America and the Caribbean,2015.2,13766.180055583312,2.7076639723905402,2633844.5178,1.1108655651267794,https://raw.githubusercontent.com/bakered/co2emmisions/main/src_shiny_app/static/latin_america_and_the_caribbean_map.png
1232,Latin America and the Caribbean,2015.4,13795.077329193098,2.7071371583691826,2625802.7266,1.109165771541699,https://raw.githubusercontent.com/bakered/co2emmisions/main/src_shiny_app/static/latin_america_and_the_caribbean_map.png
1233,Latin America and the Caribbean,2015.6,13823.987354776194,2.7066266678700828,2617760.9354,1.1074659779566183,https://raw.githubusercontent.com/bakered/co2emmisions/main/src_shiny_app/static/latin_america_and_the_caribbean_map.png
1234,Latin America and the Caribbean,2015.8000000000002,13852.893133918875,2.706127564989627,2609719.1442,1.1057661843715378,https://raw.githubusercontent.com/bakered/co2emmisions/main/src_shiny_app/static/latin_america_and_the_caribbean_map.png
1235,Latin America and the Caribbean,2016.0,13881.778858851036,2.705635547430798,2601677.353,1.1040663907864574,https://raw.githubusercontent.com/bakered/co2emmisions/main/src_shiny_app/static/latin_america_and_the_caribbean_map.png
1236,Latin America and the Caribbean,2016.0,13881.778858851036,2.705635547430798,2601677.353,1.1040663907864574,https://raw.githubusercontent.com/bakered/co2emmisions/main/src_shiny_app/static/latin_america_and_the_caribbean_map.png
1237,Latin America and the Caribbean,2016.2000000000003,13910.62989164794,2.7051468047052527,2598291.7556000003,1.103346850290256,https://raw.githubusercontent.com/bakered/co2emmisions/main/src_shiny_app/static/latin_america_and_the_caribbean_map.png
1238,Latin America and the Caribbean,2016.4,13939.432553982853,2.70465786411588,2594906.1582000004,1.1026273097940544,https://raw.githubusercontent.com/bakered/co2emmisions/main/src_shiny_app/static/latin_america_and_the_caribbean_map.png
1239,Latin America and the Caribbean,2016.6000000000001,13968.174251581459,2.7041656001995946,2591520.5608,1.1019077692978527,https://raw.githubusercontent.com/bakered/co2emmisions/main/src_shiny_app/static/latin_america_and_the_caribbean_map.png
1240,Latin America and the Caribbean,2016.8000000000002,13996.843421526684,2.703667202056468,2588134.9634,1.1011882288016512,https://raw.githubusercontent.com/bakered/co2emmisions/main/src_shiny_app/static/latin_america_and_the_caribbean_map.png
1241,Latin America and the Caribbean,2017.0,14025.429413246326,2.703160129072477,2584749.366,1.1004686883054497,https://raw.githubusercontent.com/bakered/co2emmisions/main/src_shiny_app/static/latin_america_and_the_caribbean_map.png
1242,Latin America and the Caribbean,2017.0,14025.429413246326,2.703160129072477,2584749.366,1.1004686883054497,https://raw.githubusercontent.com/bakered/co2emmisions/main/src_shiny_app/static/latin_america_and_the_caribbean_map.png
1243,Latin America and the Caribbean,2017.2000000000003,14053.922322287764,2.7026420640793885,2581276.848,1.0997282226318026,https://raw.githubusercontent.com/bakered/co2emmisions/main/src_shiny_app/static/latin_america_and_the_caribbean_map.png
1244,Latin America and the Caribbean,2017.4,14082.31273588971,2.7021108518369115,2577804.33,1.0989877569581554,https://raw.githubusercontent.com/bakered/co2emmisions/main/src_shiny_app/static/latin_america_and_the_caribbean_map.png
1245,Latin America and the Caribbean,2017.6,14110.591846710695,2.7015645272805893,2574331.812,1.0982472912845083,https://raw.githubusercontent.com/bakered/co2emmisions/main/src_shiny_app/static/latin_america_and_the_caribbean_map.png
1246,Latin America and the Caribbean,2017.8,14138.75144575151,2.701001316758893,2570859.294,1.0975068256108609,https://raw.githubusercontent.com/bakered/co2emmisions/main/src_shiny_app/static/latin_america_and_the_caribbean_map.png
1247,Latin America and the Caribbean,2018.0,14166.783863953193,2.70041962884132,2567386.776,1.0967663599372137,https://raw.githubusercontent.com/bakered/co2emmisions/main/src_shiny_app/static/latin_america_and_the_caribbean_map.png
1248,Latin America and the Caribbean,2018.0,14166.783863953193,2.70041962884132,2567386.776,1.0967663599372137,https://raw.githubusercontent.com/bakered/co2emmisions/main/src_shiny_app/static/latin_america_and_the_caribbean_map.png
1249,Latin America and the Caribbean,2018.2,14194.681878443489,2.6998180494121686,2571943.865,1.0977375851346953,https://raw.githubusercontent.com/bakered/co2emmisions/main/src_shiny_app/static/latin_america_and_the_caribbean_map.png
1250,Latin America and the Caribbean,2018.4,14222.438552516172,2.6991953378571774,2576500.954,1.0987088103321767,https://raw.githubusercontent.com/bakered/co2emmisions/main/src_shiny_app/static/latin_america_and_the_caribbean_map.png
1251,Latin America and the Caribbean,2018.6,14250.047371968863,2.6985504025475384,2581058.043,1.099680035529658,https://raw.githubusercontent.com/bakered/co2emmisions/main/src_shiny_app/static/latin_america_and_the_caribbean_map.png
1252,Latin America and the Caribbean,2018.8,14277.502297462957,2.697882280019967,2585615.132,1.1006512607271395,https://raw.githubusercontent.com/bakered/co2emmisions/main/src_shiny_app/static/latin_america_and_the_caribbean_map.png
1253,Latin America and the Caribbean,2019.0,14304.797775703464,2.6971901184966915,2590172.221,1.1016224859246209,https://raw.githubusercontent.com/bakered/co2emmisions/main/src_shiny_app/static/latin_america_and_the_caribbean_map.png
1254,Latin America and the Caribbean,2019.0,14304.797775703464,2.6971901184966915,2590172.221,1.1016224859246209,https://raw.githubusercontent.com/bakered/co2emmisions/main/src_shiny_app/static/latin_america_and_the_caribbean_map.png
1255,Latin America and the Caribbean,2019.2,14331.928760667586,2.69647316273289,2561586.3168,1.0954573129972356,https://raw.githubusercontent.com/bakered/co2emmisions/main/src_shiny_app/static/latin_america_and_the_caribbean_map.png
1256,Latin America and the Caribbean,2019.3999999999999,14358.89079193919,2.695730751172614,2533000.4126,1.08929214006985,https://raw.githubusercontent.com/bakered/co2emmisions/main/src_shiny_app/static/latin_america_and_the_caribbean_map.png
1257,Latin America and the Caribbean,2019.6,14385.680151878392,2.6949623605896154,2504414.5084,1.0831269671424648,https://raw.githubusercontent.com/bakered/co2emmisions/main/src_shiny_app/static/latin_america_and_the_caribbean_map.png
1258,Latin America and the Caribbean,2019.8,14412.293853251156,2.6941676236572825,2475828.6042,1.0769617942150793,https://raw.githubusercontent.com/bakered/co2emmisions/main/src_shiny_app/static/latin_america_and_the_caribbean_map.png
1259,Latin America and the Caribbean,2020.0,14438.729408690931,2.6933462962099752,2447242.7,1.0707966212876938,https://raw.githubusercontent.com/bakered/co2emmisions/main/src_shiny_app/static/latin_america_and_the_caribbean_map.png
1260,Latin America and the Caribbean,2020.0,14438.729408690931,2.6933462962099752,2447242.7,1.0707966212876938,https://raw.githubusercontent.com/bakered/co2emmisions/main/src_shiny_app/static/latin_america_and_the_caribbean_map.png
1261,Latin America and the Caribbean,2020.2,14464.984637153086,2.692498203942693,2474335.8232000005,1.0766441189062155,https://raw.githubusercontent.com/bakered/co2emmisions/main/src_shiny_app/static/latin_america_and_the_caribbean_map.png
1262,Latin America and the Caribbean,2020.4,14491.0576148582,2.691623218781935,2501428.9464000002,1.0824916165247367,https://raw.githubusercontent.com/bakered/co2emmisions/main/src_shiny_app/static/latin_america_and_the_caribbean_map.png
1263,Latin America and the Caribbean,2020.6,14516.946659476327,2.690721264546447,2528522.0696,1.0883391141432583,https://raw.githubusercontent.com/bakered/co2emmisions/main/src_shiny_app/static/latin_america_and_the_caribbean_map.png
1264,Latin America and the Caribbean,2020.8000000000002,14542.650332209842,2.689792350039521,2555615.1928000003,1.0941866117617798,https://raw.githubusercontent.com/bakered/co2emmisions/main/src_shiny_app/static/latin_america_and_the_caribbean_map.png
1265,Latin America and the Caribbean,2021.0,14568.167520936238,2.688836599620669,2582708.316,1.1000341093803012,https://raw.githubusercontent.com/bakered/co2emmisions/main/src_shiny_app/static/latin_america_and_the_caribbean_map.png
1266,Latin America and the Caribbean,2021.0,14568.167520936238,2.688836599620669,2582708.316,1.1000341093803012,https://raw.githubusercontent.com/bakered/co2emmisions/main/src_shiny_app/static/latin_america_and_the_caribbean_map.png
1267,Latin America and the Caribbean,2021.2000000000003,14593.497662355927,2.687854267327927,2587895.7614,1.1011360750145203,https://raw.githubusercontent.com/bakered/co2emmisions/main/src_shiny_app/static/latin_america_and_the_caribbean_map.png
1268,Latin America and the Caribbean,2021.4,14618.641071573475,2.686845747623277,2593083.2068,1.1022380406487395,https://raw.githubusercontent.com/bakered/co2emmisions/main/src_shiny_app/static/latin_america_and_the_caribbean_map.png
1269,Latin America and the Caribbean,2021.6000000000001,14643.598735983845,2.6858115207696613,2598270.6522000004,1.1033400062829586,https://raw.githubusercontent.com/bakered/co2emmisions/main/src_shiny_app/static/latin_america_and_the_caribbean_map.png
1270,Latin America and the Caribbean,2021.8000000000002,14668.372229640874,2.6847521287197145,2603458.0976,1.1044419719171779,https://raw.githubusercontent.com/bakered/co2emmisions/main/src_shiny_app/static/latin_america_and_the_caribbean_map.png
1271,Latin America and the Caribbean,2022.0,14692.963679727654,2.6836681634837225,2608645.543,1.105543937551397,https://raw.githubusercontent.com/bakered/co2emmisions/main/src_shiny_app/static/latin_america_and_the_caribbean_map.png
1272,Latin America and the Caribbean,2022.0,14692.963679727654,2.6836681634837225,2608645.543,1.105543937551397,https://raw.githubusercontent.com/bakered/co2emmisions/main/src_shiny_app/static/latin_america_and_the_caribbean_map.png
1273,Latin America and the Caribbean,2022.2000000000003,14717.375778852842,2.682560261308109,2613464.8482000004,1.1065628008358646,https://raw.githubusercontent.com/bakered/co2emmisions/main/src_shiny_app/static/latin_america_and_the_caribbean_map.png
1274,Latin America and the Caribbean,2022.4,14741.611915610814,2.6814291079266717,2618284.1534,1.107581664120332,https://raw.githubusercontent.com/bakered/co2emmisions/main/src_shiny_app/static/latin_america_and_the_caribbean_map.png
1275,Latin America and the Caribbean,2022.6,14765.675903429663,2.6802754078269775,2623103.4586,1.1086005274047994,https://raw.githubusercontent.com/bakered/co2emmisions/main/src_shiny_app/static/latin_america_and_the_caribbean_map.png
1276,Latin America and the Caribbean,2022.8,14789.571867448229,2.679099867215756,2627922.7638000003,1.109619390689267,https://raw.githubusercontent.com/bakered/co2emmisions/main/src_shiny_app/static/latin_america_and_the_caribbean_map.png
1277,Latin America and the Caribbean,2023.0,14813.3042017927,2.677903183110091,2632742.069,1.1106382539737345,https://raw.githubusercontent.com/bakered/co2emmisions/main/src_shiny_app/static/latin_america_and_the_caribbean_map.png
