,region1,year,gdp_per_capita,co2_per_capita,bubble_size,normalised_size,image_link
0,Developed,1952.0,8058.79835923426,6.82336500331957,6342705.019,1.7238748288631,https://raw.githubusercontent.com/bakered/co2emmisions/main/src_shiny_app/static/developed_map.png
1,Developed,1952.2000000000003,8121.917124394635,6.842771905124094,6371176.73,1.7277225019712956,https://raw.githubusercontent.com/bakered/co2emmisions/main/src_shiny_app/static/developed_map.png
2,Developed,1952.4,8185.035889555007,6.862178806928618,6399648.441000001,1.7315701750794914,https://raw.githubusercontent.com/bakered/co2emmisions/main/src_shiny_app/static/developed_map.png
3,Developed,1952.6,8248.154654715381,6.881585708733142,6428120.152,1.735417848187687,https://raw.githubusercontent.com/bakered/co2emmisions/main/src_shiny_app/static/developed_map.png
4,Developed,1952.8,8311.273419875755,6.900992610537666,6456591.863000001,1.7392655212958827,https://raw.githubusercontent.com/bakered/co2emmisions/main/src_shiny_app/static/developed_map.png
5,Developed,1953.0,8374.39218503613,6.92039951234219,6485063.574,1.7431131944040783,https://raw.githubusercontent.com/bakered/co2emmisions/main/src_shiny_app/static/developed_map.png
6,Developed,1953.0,8374.39218503613,6.92039951234219,6485063.574,1.7431131944040783,https://raw.githubusercontent.com/bakered/co2emmisions/main/src_shiny_app/static/developed_map.png
7,Developed,1953.2,8403.967685468202,6.911999622356382,6491924.841600001,1.7440340944407136,https://raw.githubusercontent.com/bakered/co2emmisions/main/src_shiny_app/static/developed_map.png
8,Developed,1953.4,8433.543185900275,6.903599732370574,6498786.1092,1.7449549944773484,https://raw.githubusercontent.com/bakered/co2emmisions/main/src_shiny_app/static/developed_map.png
9,Developed,1953.6,8463.118686332346,6.895199842384766,6505647.3768,1.7458758945139834,https://raw.githubusercontent.com/bakered/co2emmisions/main/src_shiny_app/static/developed_map.png
10,Developed,1953.8,8492.694186764418,6.886799952398958,6512508.644400001,1.7467967945506184,https://raw.githubusercontent.com/bakered/co2emmisions/main/src_shiny_app/static/developed_map.png
11,Developed,1954.0,8522.26968719649,6.87840006241315,6519369.912,1.7477176945872535,https://raw.githubusercontent.com/bakered/co2emmisions/main/src_shiny_app/static/developed_map.png
12,Developed,1954.0,8522.26968719649,6.87840006241315,6519369.912,1.7477176945872535,https://raw.githubusercontent.com/bakered/co2emmisions/main/src_shiny_app/static/developed_map.png
13,Developed,1954.2,8616.47509881902,6.97924501897938,6615254.7404000005,1.7603421550623573,https://raw.githubusercontent.com/bakered/co2emmisions/main/src_shiny_app/static/developed_map.png
14,Developed,1954.3999999999999,8710.68051044155,7.080089975545611,6711139.5688,1.7729666155374608,https://raw.githubusercontent.com/bakered/co2emmisions/main/src_shiny_app/static/developed_map.png
15,Developed,1954.6,8804.88592206408,7.18093493211184,6807024.3972,1.7855910760125644,https://raw.githubusercontent.com/bakered/co2emmisions/main/src_shiny_app/static/developed_map.png
16,Developed,1954.8,8899.09133368661,7.281779888678071,6902909.2256000005,1.7982155364876682,https://raw.githubusercontent.com/bakered/co2emmisions/main/src_shiny_app/static/developed_map.png
17,Developed,1955.0,8993.29674530914,7.3826248452443,6998794.054,1.8108399969627718,https://raw.githubusercontent.com/bakered/co2emmisions/main/src_shiny_app/static/developed_map.png
18,Developed,1955.0,8993.29674530914,7.3826248452443,6998794.054,1.8108399969627718,https://raw.githubusercontent.com/bakered/co2emmisions/main/src_shiny_app/static/developed_map.png
19,Developed,1955.2,9040.018214182237,7.450376835333449,7069577.4088,1.8198841711080376,https://raw.githubusercontent.com/bakered/co2emmisions/main/src_shiny_app/static/developed_map.png
20,Developed,1955.4,9086.739683055332,7.518128825422596,7140360.763599999,1.828928345253303,https://raw.githubusercontent.com/bakered/co2emmisions/main/src_shiny_app/static/developed_map.png
21,Developed,1955.6,9133.461151928428,7.585880815511744,7211144.1184,1.8379725193985685,https://raw.githubusercontent.com/bakered/co2emmisions/main/src_shiny_app/static/developed_map.png
22,Developed,1955.8000000000002,9180.182620801523,7.653632805600893,7281927.473199999,1.8470166935438344,https://raw.githubusercontent.com/bakered/co2emmisions/main/src_shiny_app/static/developed_map.png
23,Developed,1956.0,9226.90408967462,7.72138479569004,7352710.828,1.8560608676890997,https://raw.githubusercontent.com/bakered/co2emmisions/main/src_shiny_app/static/developed_map.png
24,Developed,1956.0,9226.90408967462,7.72138479569004,7352710.828,1.8560608676890997,https://raw.githubusercontent.com/bakered/co2emmisions/main/src_shiny_app/static/developed_map.png
25,Developed,1956.2000000000003,9274.043146407184,7.72959087271132,7375404.025,1.8589141486398368,https://raw.githubusercontent.com/bakered/co2emmisions/main/src_shiny_app/static/developed_map.png
26,Developed,1956.4,9321.182203139748,7.7377969497326,7398097.222,1.8617674295905733,https://raw.githubusercontent.com/bakered/co2emmisions/main/src_shiny_app/static/developed_map.png
27,Developed,1956.6000000000001,9368.321259872311,7.74600302675388,7420790.419,1.8646207105413104,https://raw.githubusercontent.com/bakered/co2emmisions/main/src_shiny_app/static/developed_map.png
28,Developed,1956.8000000000002,9415.460316604876,7.75420910377516,7443483.616,1.867473991492047,https://raw.githubusercontent.com/bakered/co2emmisions/main/src_shiny_app/static/developed_map.png
29,Developed,1957.0,9462.59937333744,7.76241518079644,7466176.813,1.870327272442784,https://raw.githubusercontent.com/bakered/co2emmisions/main/src_shiny_app/static/developed_map.png
30,Developed,1957.0,9462.59937333744,7.76241518079644,7466176.813,1.870327272442784,https://raw.githubusercontent.com/bakered/co2emmisions/main/src_shiny_app/static/developed_map.png
31,Developed,1957.2000000000003,9474.702972943496,7.723178347241806,7448928.877,1.868160636005432,https://raw.githubusercontent.com/bakered/co2emmisions/main/src_shiny_app/static/developed_map.png
32,Developed,1957.4,9486.80657254955,7.683941513687172,7431680.941,1.8659939995680794,https://raw.githubusercontent.com/bakered/co2emmisions/main/src_shiny_app/static/developed_map.png
33,Developed,1957.6,9498.910172155607,7.644704680132538,7414433.005,1.8638273631307274,https://raw.githubusercontent.com/bakered/co2emmisions/main/src_shiny_app/static/developed_map.png
34,Developed,1957.8,9511.013771761664,7.605467846577904,7397185.069,1.861660726693375,https://raw.githubusercontent.com/bakered/co2emmisions/main/src_shiny_app/static/developed_map.png
35,Developed,1958.0,9523.11737136772,7.56623101302327,7379937.133,1.8594940902560226,https://raw.githubusercontent.com/bakered/co2emmisions/main/src_shiny_app/static/developed_map.png
36,Developed,1958.0,9523.11737136772,7.56623101302327,7379937.133,1.8594940902560226,https://raw.githubusercontent.com/bakered/co2emmisions/main/src_shiny_app/static/developed_map.png
37,Developed,1958.2,9615.806056783009,7.587414697542756,7413931.629000001,1.8637524411196646,https://raw.githubusercontent.com/bakered/co2emmisions/main/src_shiny_app/static/developed_map.png
38,Developed,1958.4,9708.494742198296,7.608598382062242,7447926.125,1.8680107919833067,https://raw.githubusercontent.com/bakered/co2emmisions/main/src_shiny_app/static/developed_map.png
39,Developed,1958.6,9801.183427613585,7.629782066581727,7481920.620999999,1.8722691428469487,https://raw.githubusercontent.com/bakered/co2emmisions/main/src_shiny_app/static/developed_map.png
40,Developed,1958.8,9893.872113028872,7.6509657511012135,7515915.117000001,1.8765274937105905,https://raw.githubusercontent.com/bakered/co2emmisions/main/src_shiny_app/static/developed_map.png
41,Developed,1959.0,9986.56079844416,7.6721494356207,7549909.613,1.8807858445742325,https://raw.githubusercontent.com/bakered/co2emmisions/main/src_shiny_app/static/developed_map.png
42,Developed,1959.0,9986.56079844416,7.6721494356207,7549909.613,1.8807858445742325,https://raw.githubusercontent.com/bakered/co2emmisions/main/src_shiny_app/static/developed_map.png
43,Developed,1959.2,10063.490055377028,7.734849018662288,7619937.923,1.889409498429743,https://raw.githubusercontent.com/bakered/co2emmisions/main/src_shiny_app/static/developed_map.png
44,Developed,1959.3999999999999,10140.419312309896,7.797548601703875,7689966.232999999,1.8980331522852532,https://raw.githubusercontent.com/bakered/co2emmisions/main/src_shiny_app/static/developed_map.png
45,Developed,1959.6,10217.348569242764,7.860248184745464,7759994.543,1.9066568061407634,https://raw.githubusercontent.com/bakered/co2emmisions/main/src_shiny_app/static/developed_map.png
46,Developed,1959.8,10294.277826175632,7.922947767787052,7830022.853,1.9152804599962738,https://raw.githubusercontent.com/bakered/co2emmisions/main/src_shiny_app/static/developed_map.png
47,Developed,1960.0,10371.2070831085,7.98564735082864,7900051.163,1.923904113851784,https://raw.githubusercontent.com/bakered/co2emmisions/main/src_shiny_app/static/developed_map.png
48,Developed,1960.0,10371.2070831085,7.98564735082864,7900051.163,1.923904113851784,https://raw.githubusercontent.com/bakered/co2emmisions/main/src_shiny_app/static/developed_map.png
49,Developed,1960.2,10442.81151718246,8.003676524955765,7933134.0978,1.9279115982190234,https://raw.githubusercontent.com/bakered/co2emmisions/main/src_shiny_app/static/developed_map.png
50,Developed,1960.4,10514.41595125642,8.021705699082888,7966217.0326,1.9319190825862622,https://raw.githubusercontent.com/bakered/co2emmisions/main/src_shiny_app/static/developed_map.png
51,Developed,1960.6,10586.02038533038,8.039734873210012,7999299.9673999995,1.9359265669535013,https://raw.githubusercontent.com/bakered/co2emmisions/main/src_shiny_app/static/developed_map.png
52,Developed,1960.8000000000002,10657.62481940434,8.057764047337136,8032382.9022,1.9399340513207406,https://raw.githubusercontent.com/bakered/co2emmisions/main/src_shiny_app/static/developed_map.png
53,Developed,1961.0,10729.2292534783,8.07579322146426,8065465.837,1.9439415356879794,https://raw.githubusercontent.com/bakered/co2emmisions/main/src_shiny_app/static/developed_map.png
54,Developed,1961.0,10729.2292534783,8.07579322146426,8065465.837,1.9439415356879794,https://raw.githubusercontent.com/bakered/co2emmisions/main/src_shiny_app/static/developed_map.png
55,Developed,1961.2000000000003,10824.1664456779,8.13187875855403,8132625.045400001,1.9519523740431592,https://raw.githubusercontent.com/bakered/co2emmisions/main/src_shiny_app/static/developed_map.png
56,Developed,1961.4,10919.103637877499,8.1879642956438,8199784.253800001,1.9599632123983386,https://raw.githubusercontent.com/bakered/co2emmisions/main/src_shiny_app/static/developed_map.png
57,Developed,1961.6000000000001,11014.0408300771,8.24404983273357,8266943.462200001,1.9679740507535184,https://raw.githubusercontent.com/bakered/co2emmisions/main/src_shiny_app/static/developed_map.png
58,Developed,1961.8000000000002,11108.978022276699,8.30013536982334,8334102.670600001,1.9759848891086982,https://raw.githubusercontent.com/bakered/co2emmisions/main/src_shiny_app/static/developed_map.png
59,Developed,1962.0,11203.9152144763,8.35622090691311,8401261.879,1.9839957274638778,https://raw.githubusercontent.com/bakered/co2emmisions/main/src_shiny_app/static/developed_map.png
60,Developed,1962.0,11203.9152144763,8.35622090691311,8401261.879,1.9839957274638778,https://raw.githubusercontent.com/bakered/co2emmisions/main/src_shiny_app/static/developed_map.png
61,Developed,1962.2000000000003,11288.188131913319,8.429525767001056,8484145.6096,1.9936646083552587,https://raw.githubusercontent.com/bakered/co2emmisions/main/src_shiny_app/static/developed_map.png
62,Developed,1962.4,11372.461049350339,8.502830627089002,8567029.3402,2.0033334892466392,https://raw.githubusercontent.com/bakered/co2emmisions/main/src_shiny_app/static/developed_map.png
63,Developed,1962.6,11456.73396678736,8.576135487176948,8649913.0708,2.0130023701380204,https://raw.githubusercontent.com/bakered/co2emmisions/main/src_shiny_app/static/developed_map.png
64,Developed,1962.8,11541.006884224378,8.649440347264894,8732796.8014,2.022671251029401,https://raw.githubusercontent.com/bakered/co2emmisions/main/src_shiny_app/static/developed_map.png
65,Developed,1963.0,11625.2798016614,8.72274520735284,8815680.532,2.032340131920782,https://raw.githubusercontent.com/bakered/co2emmisions/main/src_shiny_app/static/developed_map.png
66,Developed,1963.0,11625.2798016614,8.72274520735284,8815680.532,2.032340131920782,https://raw.githubusercontent.com/bakered/co2emmisions/main/src_shiny_app/static/developed_map.png
67,Developed,1963.2,11747.1791615372,8.792808599400786,8896649.0864,2.0415684944686405,https://raw.githubusercontent.com/bakered/co2emmisions/main/src_shiny_app/static/developed_map.png
68,Developed,1963.4,11869.078521413001,8.862871991448731,8977617.6408,2.050796857016499,https://raw.githubusercontent.com/bakered/co2emmisions/main/src_shiny_app/static/developed_map.png
69,Developed,1963.6,11990.9778812888,8.932935383496678,9058586.1952,2.0600252195643574,https://raw.githubusercontent.com/bakered/co2emmisions/main/src_shiny_app/static/developed_map.png
70,Developed,1963.8,12112.8772411646,9.002998775544624,9139554.749599999,2.069253582112216,https://raw.githubusercontent.com/bakered/co2emmisions/main/src_shiny_app/static/developed_map.png
71,Developed,1964.0,12234.7766010404,9.07306216759257,9220523.304,2.0784819446600746,https://raw.githubusercontent.com/bakered/co2emmisions/main/src_shiny_app/static/developed_map.png
72,Developed,1964.0,12234.7766010404,9.07306216759257,9220523.304,2.0784819446600746,https://raw.githubusercontent.com/bakered/co2emmisions/main/src_shiny_app/static/developed_map.png
73,Developed,1964.2,12338.767905390581,9.122787361613588,9283105.6568,2.08547672371333,https://raw.githubusercontent.com/bakered/co2emmisions/main/src_shiny_app/static/developed_map.png
74,Developed,1964.3999999999999,12442.75920974076,9.172512555634606,9345688.009599999,2.0924715027665846,https://raw.githubusercontent.com/bakered/co2emmisions/main/src_shiny_app/static/developed_map.png
75,Developed,1964.6,12546.75051409094,9.222237749655623,9408270.362399999,2.09946628181984,https://raw.githubusercontent.com/bakered/co2emmisions/main/src_shiny_app/static/developed_map.png
76,Developed,1964.8,12650.74181844112,9.271962943676641,9470852.7152,2.106461060873095,https://raw.githubusercontent.com/bakered/co2emmisions/main/src_shiny_app/static/developed_map.png
77,Developed,1965.0,12754.7331227913,9.32168813769766,9533435.068,2.1134558399263503,https://raw.githubusercontent.com/bakered/co2emmisions/main/src_shiny_app/static/developed_map.png
78,Developed,1965.0,12754.7331227913,9.32168813769766,9533435.068,2.1134558399263503,https://raw.githubusercontent.com/bakered/co2emmisions/main/src_shiny_app/static/developed_map.png
79,Developed,1965.2,12877.301701158302,9.38304035896316,9606411.39,2.1214689039351025,https://raw.githubusercontent.com/bakered/co2emmisions/main/src_shiny_app/static/developed_map.png
80,Developed,1965.4,12999.870279525301,9.44439258022866,9679387.712,2.1294819679438546,https://raw.githubusercontent.com/bakered/co2emmisions/main/src_shiny_app/static/developed_map.png
81,Developed,1965.6,13122.438857892299,9.50574480149416,9752364.034,2.1374950319526067,https://raw.githubusercontent.com/bakered/co2emmisions/main/src_shiny_app/static/developed_map.png
82,Developed,1965.8000000000002,13245.0074362593,9.567097022759661,9825340.355999999,2.145508095961359,https://raw.githubusercontent.com/bakered/co2emmisions/main/src_shiny_app/static/developed_map.png
83,Developed,1966.0,13367.5760146263,9.62844924402516,9898316.678,2.153521159970111,https://raw.githubusercontent.com/bakered/co2emmisions/main/src_shiny_app/static/developed_map.png
84,Developed,1966.0,13367.5760146263,9.62844924402516,9898316.678,2.153521159970111,https://raw.githubusercontent.com/bakered/co2emmisions/main/src_shiny_app/static/developed_map.png
85,Developed,1966.2000000000003,13451.008387913442,9.681916254571053,9964029.3828,2.1606111760334294,https://raw.githubusercontent.com/bakered/co2emmisions/main/src_shiny_app/static/developed_map.png
86,Developed,1966.4,13534.44076120058,9.735383265116944,10029742.0876,2.167701192096748,https://raw.githubusercontent.com/bakered/co2emmisions/main/src_shiny_app/static/developed_map.png
87,Developed,1966.6000000000001,13617.87313448772,9.788850275662837,10095454.792399999,2.174791208160066,https://raw.githubusercontent.com/bakered/co2emmisions/main/src_shiny_app/static/developed_map.png
88,Developed,1966.8000000000002,13701.305507774861,9.84231728620873,10161167.4972,2.1818812242233845,https://raw.githubusercontent.com/bakered/co2emmisions/main/src_shiny_app/static/developed_map.png
89,Developed,1967.0,13784.737881062,9.89578429675462,10226880.202,2.188971240286703,https://raw.githubusercontent.com/bakered/co2emmisions/main/src_shiny_app/static/developed_map.png
90,Developed,1967.0,13784.737881062,9.89578429675462,10226880.202,2.188971240286703,https://raw.githubusercontent.com/bakered/co2emmisions/main/src_shiny_app/static/developed_map.png
91,Developed,1967.2000000000003,13920.64606675666,9.976657010515996,10319124.1324,2.1987343675362743,https://raw.githubusercontent.com/bakered/co2emmisions/main/src_shiny_app/static/developed_map.png
92,Developed,1967.4,14056.554252451318,10.057529724277373,10411368.062800001,2.2084974947858456,https://raw.githubusercontent.com/bakered/co2emmisions/main/src_shiny_app/static/developed_map.png
93,Developed,1967.6,14192.46243814598,10.138402438038748,10503611.9932,2.2182606220354173,https://raw.githubusercontent.com/bakered/co2emmisions/main/src_shiny_app/static/developed_map.png
94,Developed,1967.8,14328.370623840641,10.219275151800126,10595855.9236,2.2280237492849886,https://raw.githubusercontent.com/bakered/co2emmisions/main/src_shiny_app/static/developed_map.png
95,Developed,1968.0,14464.2788095353,10.3001478655615,10688099.854,2.23778687653456,https://raw.githubusercontent.com/bakered/co2emmisions/main/src_shiny_app/static/developed_map.png
96,Developed,1968.0,14464.2788095353,10.3001478655615,10688099.854,2.23778687653456,https://raw.githubusercontent.com/bakered/co2emmisions/main/src_shiny_app/static/developed_map.png
97,Developed,1968.2,14587.303274053822,10.40212033893902,10802252.7418,2.249581657347874,https://raw.githubusercontent.com/bakered/co2emmisions/main/src_shiny_app/static/developed_map.png
98,Developed,1968.4,14710.32773857234,10.50409281231654,10916405.6296,2.261376438161188,https://raw.githubusercontent.com/bakered/co2emmisions/main/src_shiny_app/static/developed_map.png
99,Developed,1968.6,14833.35220309086,10.606065285694061,11030558.5174,2.273171218974502,https://raw.githubusercontent.com/bakered/co2emmisions/main/src_shiny_app/static/developed_map.png
100,Developed,1968.8,14956.37666760938,10.70803775907158,11144711.405199999,2.2849659997878162,https://raw.githubusercontent.com/bakered/co2emmisions/main/src_shiny_app/static/developed_map.png
101,Developed,1969.0,15079.4011321279,10.8100102324491,11258864.293,2.2967607806011303,https://raw.githubusercontent.com/bakered/co2emmisions/main/src_shiny_app/static/developed_map.png
102,Developed,1969.0,15079.4011321279,10.8100102324491,11258864.293,2.2967607806011303,https://raw.githubusercontent.com/bakered/co2emmisions/main/src_shiny_app/static/developed_map.png
103,Developed,1969.2,15153.38121644286,10.946250935362261,11430651.1654,2.3139606645527797,https://raw.githubusercontent.com/bakered/co2emmisions/main/src_shiny_app/static/developed_map.png
104,Developed,1969.3999999999999,15227.36130075782,11.082491638275421,11602438.0378,2.331160548504429,https://raw.githubusercontent.com/bakered/co2emmisions/main/src_shiny_app/static/developed_map.png
105,Developed,1969.6,15301.34138507278,11.21873234118858,11774224.9102,2.3483604324560785,https://raw.githubusercontent.com/bakered/co2emmisions/main/src_shiny_app/static/developed_map.png
106,Developed,1969.8,15375.32146938774,11.35497304410174,11946011.7826,2.3655603164077275,https://raw.githubusercontent.com/bakered/co2emmisions/main/src_shiny_app/static/developed_map.png
107,Developed,1970.0,15449.3015537027,11.4912137470149,12117798.655,2.382760200359377,https://raw.githubusercontent.com/bakered/co2emmisions/main/src_shiny_app/static/developed_map.png
108,Developed,1970.0,15449.3015537027,11.4912137470149,12117798.655,2.382760200359377,https://raw.githubusercontent.com/bakered/co2emmisions/main/src_shiny_app/static/developed_map.png
109,Developed,1970.2,15536.97508969878,11.5234823810953,12170671.476,2.387930426949526,https://raw.githubusercontent.com/bakered/co2emmisions/main/src_shiny_app/static/developed_map.png
110,Developed,1970.4,15624.64862569486,11.5557510151757,12223544.296999998,2.3931006535396744,https://raw.githubusercontent.com/bakered/co2emmisions/main/src_shiny_app/static/developed_map.png
111,Developed,1970.6,15712.32216169094,11.5880196492561,12276417.118,2.398270880129823,https://raw.githubusercontent.com/bakered/co2emmisions/main/src_shiny_app/static/developed_map.png
112,Developed,1970.8000000000002,15799.99569768702,11.6202882833365,12329289.939,2.4034411067199715,https://raw.githubusercontent.com/bakered/co2emmisions/main/src_shiny_app/static/developed_map.png
113,Developed,1971.0,15887.6692336831,11.6525569174169,12382162.76,2.4086113333101205,https://raw.githubusercontent.com/bakered/co2emmisions/main/src_shiny_app/static/developed_map.png
114,Developed,1971.0,15887.6692336831,11.6525569174169,12382162.76,2.4086113333101205,https://raw.githubusercontent.com/bakered/co2emmisions/main/src_shiny_app/static/developed_map.png
115,Developed,1971.2000000000003,16021.9273336833,11.733077768496361,12481776.1708,2.418204348879655,https://raw.githubusercontent.com/bakered/co2emmisions/main/src_shiny_app/static/developed_map.png
116,Developed,1971.4,16156.1854336835,11.81359861957582,12581389.5816,2.427797364449189,https://raw.githubusercontent.com/bakered/co2emmisions/main/src_shiny_app/static/developed_map.png
117,Developed,1971.6000000000001,16290.4435336837,11.89411947065528,12681002.9924,2.4373903800187238,https://raw.githubusercontent.com/bakered/co2emmisions/main/src_shiny_app/static/developed_map.png
118,Developed,1971.8000000000002,16424.7016336839,11.974640321734741,12780616.403199999,2.446983395588258,https://raw.githubusercontent.com/bakered/co2emmisions/main/src_shiny_app/static/developed_map.png
119,Developed,1972.0,16558.9597336841,12.0551611728142,12880229.814,2.4565764111577924,https://raw.githubusercontent.com/bakered/co2emmisions/main/src_shiny_app/static/developed_map.png
120,Developed,1972.0,16558.9597336841,12.0551611728142,12880229.814,2.4565764111577924,https://raw.githubusercontent.com/bakered/co2emmisions/main/src_shiny_app/static/developed_map.png
121,Developed,1972.2000000000003,16735.71814662146,12.148478648761522,12992890.173799999,2.4672049973166867,https://raw.githubusercontent.com/bakered/co2emmisions/main/src_shiny_app/static/developed_map.png
122,Developed,1972.4,16912.476559558818,12.241796124708841,13105550.533599999,2.4778335834755807,https://raw.githubusercontent.com/bakered/co2emmisions/main/src_shiny_app/static/developed_map.png
123,Developed,1972.6,17089.234972496182,12.335113600656161,13218210.893399999,2.488462169634475,https://raw.githubusercontent.com/bakered/co2emmisions/main/src_shiny_app/static/developed_map.png
124,Developed,1972.8,17265.99338543354,12.42843107660348,13330871.2532,2.499090755793369,https://raw.githubusercontent.com/bakered/co2emmisions/main/src_shiny_app/static/developed_map.png
125,Developed,1973.0,17442.7517983709,12.5217485525508,13443531.613,2.5097193419522634,https://raw.githubusercontent.com/bakered/co2emmisions/main/src_shiny_app/static/developed_map.png
126,Developed,1973.0,17442.7517983709,12.5217485525508,13443531.613,2.5097193419522634,https://raw.githubusercontent.com/bakered/co2emmisions/main/src_shiny_app/static/developed_map.png
127,Developed,1973.2,17462.19342661022,12.468534701763442,13410366.8928,2.506614041682938,https://raw.githubusercontent.com/bakered/co2emmisions/main/src_shiny_app/static/developed_map.png
128,Developed,1973.4,17481.63505484954,12.41532085097608,13377202.172600001,2.503508741413612,https://raw.githubusercontent.com/bakered/co2emmisions/main/src_shiny_app/static/developed_map.png
129,Developed,1973.6,17501.07668308886,12.36210700018872,13344037.452399999,2.500403441144286,https://raw.githubusercontent.com/bakered/co2emmisions/main/src_shiny_app/static/developed_map.png
130,Developed,1973.8,17520.51831132818,12.30889314940136,13310872.7322,2.4972981408749604,https://raw.githubusercontent.com/bakered/co2emmisions/main/src_shiny_app/static/developed_map.png
131,Developed,1974.0,17539.9599395675,12.255679298614,13277708.012,2.494192840605635,https://raw.githubusercontent.com/bakered/co2emmisions/main/src_shiny_app/static/developed_map.png
132,Developed,1974.0,17539.9599395675,12.255679298614,13277708.012,2.494192840605635,https://raw.githubusercontent.com/bakered/co2emmisions/main/src_shiny_app/static/developed_map.png
133,Developed,1974.2,17542.07476961536,12.203259096652861,13244016.336600002,2.491018279916948,https://raw.githubusercontent.com/bakered/co2emmisions/main/src_shiny_app/static/developed_map.png
134,Developed,1974.3999999999999,17544.18959966322,12.15083889469172,13210324.6612,2.4878437192282603,https://raw.githubusercontent.com/bakered/co2emmisions/main/src_shiny_app/static/developed_map.png
135,Developed,1974.6,17546.30442971108,12.09841869273058,13176632.9858,2.4846691585395733,https://raw.githubusercontent.com/bakered/co2emmisions/main/src_shiny_app/static/developed_map.png
136,Developed,1974.8,17548.41925975894,12.045998490769438,13142941.3104,2.4814945978508858,https://raw.githubusercontent.com/bakered/co2emmisions/main/src_shiny_app/static/developed_map.png
137,Developed,1975.0,17550.5340898068,11.9935782888083,13109249.635,2.4783200371621987,https://raw.githubusercontent.com/bakered/co2emmisions/main/src_shiny_app/static/developed_map.png
138,Developed,1975.0,17550.5340898068,11.9935782888083,13109249.635,2.4783200371621987,https://raw.githubusercontent.com/bakered/co2emmisions/main/src_shiny_app/static/developed_map.png
139,Developed,1975.2,17682.721937621158,12.10682484205432,13241880.4012,2.490702379621794,https://raw.githubusercontent.com/bakered/co2emmisions/main/src_shiny_app/static/developed_map.png
140,Developed,1975.4,17814.90978543552,12.22007139530034,13374511.167399999,2.503084722081389,https://raw.githubusercontent.com/bakered/co2emmisions/main/src_shiny_app/static/developed_map.png
141,Developed,1975.6,17947.09763324988,12.333317948546359,13507141.933600001,2.5154670645409842,https://raw.githubusercontent.com/bakered/co2emmisions/main/src_shiny_app/static/developed_map.png
142,Developed,1975.8000000000002,18079.28548106424,12.44656450179238,13639772.6998,2.5278494070005797,https://raw.githubusercontent.com/bakered/co2emmisions/main/src_shiny_app/static/developed_map.png
143,Developed,1976.0,18211.4733288786,12.5598110550384,13772403.466,2.5402317494601747,https://raw.githubusercontent.com/bakered/co2emmisions/main/src_shiny_app/static/developed_map.png
144,Developed,1976.0,18211.4733288786,12.5598110550384,13772403.466,2.5402317494601747,https://raw.githubusercontent.com/bakered/co2emmisions/main/src_shiny_app/static/developed_map.png
145,Developed,1976.2000000000003,18317.24607770784,12.58652325672568,13818326.049,2.544449306777885,https://raw.githubusercontent.com/bakered/co2emmisions/main/src_shiny_app/static/developed_map.png
146,Developed,1976.4,18423.01882653708,12.61323545841296,13864248.632,2.548666864095595,https://raw.githubusercontent.com/bakered/co2emmisions/main/src_shiny_app/static/developed_map.png
147,Developed,1976.6000000000001,18528.79157536632,12.63994766010024,13910171.215,2.5528844214133057,https://raw.githubusercontent.com/bakered/co2emmisions/main/src_shiny_app/static/developed_map.png
148,Developed,1976.8000000000002,18634.56432419556,12.66665986178752,13956093.798,2.5571019787310156,https://raw.githubusercontent.com/bakered/co2emmisions/main/src_shiny_app/static/developed_map.png
149,Developed,1977.0,18740.3370730248,12.6933720634748,14002016.381,2.561319536048726,https://raw.githubusercontent.com/bakered/co2emmisions/main/src_shiny_app/static/developed_map.png
150,Developed,1977.0,18740.3370730248,12.6933720634748,14002016.381,2.561319536048726,https://raw.githubusercontent.com/bakered/co2emmisions/main/src_shiny_app/static/developed_map.png
151,Developed,1977.2000000000003,18870.32716922042,12.723465686420862,14051647.8882,2.56583902224752,https://raw.githubusercontent.com/bakered/co2emmisions/main/src_shiny_app/static/developed_map.png
152,Developed,1977.4,19000.31726541604,12.75355930936692,14101279.395399999,2.5703585084463128,https://raw.githubusercontent.com/bakered/co2emmisions/main/src_shiny_app/static/developed_map.png
153,Developed,1977.6,19130.30736161166,12.78365293231298,14150910.9026,2.574877994645106,https://raw.githubusercontent.com/bakered/co2emmisions/main/src_shiny_app/static/developed_map.png
154,Developed,1977.8,19260.297457807283,12.81374655525904,14200542.4098,2.5793974808438995,https://raw.githubusercontent.com/bakered/co2emmisions/main/src_shiny_app/static/developed_map.png
155,Developed,1978.0,19390.2875540029,12.8438401782051,14250173.917,2.583916967042693,https://raw.githubusercontent.com/bakered/co2emmisions/main/src_shiny_app/static/developed_map.png
156,Developed,1978.0,19390.2875540029,12.8438401782051,14250173.917,2.583916967042693,https://raw.githubusercontent.com/bakered/co2emmisions/main/src_shiny_app/static/developed_map.png
157,Developed,1978.2,19500.814735332304,12.890978847139761,14317921.2418,2.5900230454889215,https://raw.githubusercontent.com/bakered/co2emmisions/main/src_shiny_app/static/developed_map.png
158,Developed,1978.4,19611.341916661702,12.93811751607442,14385668.566599999,2.59612912393515,https://raw.githubusercontent.com/bakered/co2emmisions/main/src_shiny_app/static/developed_map.png
159,Developed,1978.6,19721.8690979911,12.98525618500908,14453415.8914,2.6022352023813786,https://raw.githubusercontent.com/bakered/co2emmisions/main/src_shiny_app/static/developed_map.png
160,Developed,1978.8,19832.3962793205,13.03239485394374,14521163.2162,2.608341280827607,https://raw.githubusercontent.com/bakered/co2emmisions/main/src_shiny_app/static/developed_map.png
161,Developed,1979.0,19942.9234606499,13.0795335228784,14588910.541,2.6144473592738358,https://raw.githubusercontent.com/bakered/co2emmisions/main/src_shiny_app/static/developed_map.png
162,Developed,1979.0,19942.9234606499,13.0795335228784,14588910.541,2.6144473592738358,https://raw.githubusercontent.com/bakered/co2emmisions/main/src_shiny_app/static/developed_map.png
163,Developed,1979.2,19825.367007454963,13.01677853296646,14724751.611200001,2.6264807880115204,https://raw.githubusercontent.com/bakered/co2emmisions/main/src_shiny_app/static/developed_map.png
164,Developed,1979.3999999999999,19707.81055426002,12.954023543054518,14860592.681400001,2.638514216749204,https://raw.githubusercontent.com/bakered/co2emmisions/main/src_shiny_app/static/developed_map.png
165,Developed,1979.6,19590.254101065082,12.89126855314258,14996433.751600001,2.6505476454868884,https://raw.githubusercontent.com/bakered/co2emmisions/main/src_shiny_app/static/developed_map.png
166,Developed,1979.8,19472.69764787014,12.82851356323064,15132274.821800001,2.662581074224573,https://raw.githubusercontent.com/bakered/co2emmisions/main/src_shiny_app/static/developed_map.png
167,Developed,1980.0,19355.1411946752,12.7657585733187,15268115.892,2.6746145029622572,https://raw.githubusercontent.com/bakered/co2emmisions/main/src_shiny_app/static/developed_map.png
168,Developed,1980.0,19355.1411946752,12.7657585733187,15268115.892,2.6746145029622572,https://raw.githubusercontent.com/bakered/co2emmisions/main/src_shiny_app/static/developed_map.png
169,Developed,1980.2,19391.585573111224,12.6741223888869,15183935.839200003,2.6671897937699076,https://raw.githubusercontent.com/bakered/co2emmisions/main/src_shiny_app/static/developed_map.png
170,Developed,1980.4,19428.029951547243,12.582486204455101,15099755.786400001,2.6597650845775576,https://raw.githubusercontent.com/bakered/co2emmisions/main/src_shiny_app/static/developed_map.png
171,Developed,1980.6,19464.474329983263,12.490850020023299,15015575.733600002,2.652340375385208,https://raw.githubusercontent.com/bakered/co2emmisions/main/src_shiny_app/static/developed_map.png
172,Developed,1980.8000000000002,19500.91870841928,12.399213835591501,14931395.680800002,2.644915666192858,https://raw.githubusercontent.com/bakered/co2emmisions/main/src_shiny_app/static/developed_map.png
173,Developed,1981.0,19537.3630868553,12.3075776511597,14847215.628,2.6374909570005083,https://raw.githubusercontent.com/bakered/co2emmisions/main/src_shiny_app/static/developed_map.png
174,Developed,1981.0,19537.3630868553,12.3075776511597,14847215.628,2.6374909570005083,https://raw.githubusercontent.com/bakered/co2emmisions/main/src_shiny_app/static/developed_map.png
175,Developed,1981.2000000000003,19523.736215110664,12.233763697787323,14780528.919400003,2.631534138698191,https://raw.githubusercontent.com/bakered/co2emmisions/main/src_shiny_app/static/developed_map.png
176,Developed,1981.4,19510.10934336602,12.159949744414941,14713842.210800001,2.625577320395873,https://raw.githubusercontent.com/bakered/co2emmisions/main/src_shiny_app/static/developed_map.png
177,Developed,1981.6000000000001,19496.48247162138,12.086135791042562,14647155.5022,2.619620502093556,https://raw.githubusercontent.com/bakered/co2emmisions/main/src_shiny_app/static/developed_map.png
178,Developed,1981.8000000000002,19482.85559987674,12.012321837670182,14580468.7936,2.613663683791238,https://raw.githubusercontent.com/bakered/co2emmisions/main/src_shiny_app/static/developed_map.png
179,Developed,1982.0,19469.2287281321,11.9385078842978,14513782.085,2.607706865488921,https://raw.githubusercontent.com/bakered/co2emmisions/main/src_shiny_app/static/developed_map.png
180,Developed,1982.0,19469.2287281321,11.9385078842978,14513782.085,2.607706865488921,https://raw.githubusercontent.com/bakered/co2emmisions/main/src_shiny_app/static/developed_map.png
181,Developed,1982.2000000000003,19555.302379446683,11.918362481354542,14506508.235800002,2.607053005452903,https://raw.githubusercontent.com/bakered/co2emmisions/main/src_shiny_app/static/developed_map.png
182,Developed,1982.4,19641.37603076126,11.89821707841128,14499234.3866,2.6063991454168853,https://raw.githubusercontent.com/bakered/co2emmisions/main/src_shiny_app/static/developed_map.png
183,Developed,1982.6,19727.449682075843,11.878071675468021,14491960.5374,2.605745285380867,https://raw.githubusercontent.com/bakered/co2emmisions/main/src_shiny_app/static/developed_map.png
184,Developed,1982.8,19813.52333339042,11.85792627252476,14484686.6882,2.60509142534485,https://raw.githubusercontent.com/bakered/co2emmisions/main/src_shiny_app/static/developed_map.png
185,Developed,1983.0,19899.596984705,11.8377808695815,14477412.839,2.6044375653088316,https://raw.githubusercontent.com/bakered/co2emmisions/main/src_shiny_app/static/developed_map.png
186,Developed,1983.0,19899.596984705,11.8377808695815,14477412.839,2.6044375653088316,https://raw.githubusercontent.com/bakered/co2emmisions/main/src_shiny_app/static/developed_map.png
187,Developed,1983.2,20045.2428248721,11.8905502871237,14552880.751400001,2.6111821114990352,https://raw.githubusercontent.com/bakered/co2emmisions/main/src_shiny_app/static/developed_map.png
188,Developed,1983.4,20190.8886650392,11.9433197046659,14628348.6638,2.617926657689239,https://raw.githubusercontent.com/bakered/co2emmisions/main/src_shiny_app/static/developed_map.png
189,Developed,1983.6,20336.5345052063,11.996089122208101,14703816.576200001,2.6246712038794424,https://raw.githubusercontent.com/bakered/co2emmisions/main/src_shiny_app/static/developed_map.png
190,Developed,1983.8,20482.180345373403,12.048858539750299,14779284.4886,2.6314157500696456,https://raw.githubusercontent.com/bakered/co2emmisions/main/src_shiny_app/static/developed_map.png
191,Developed,1984.0,20627.8261855405,12.1016279572925,14854752.401,2.638160296259849,https://raw.githubusercontent.com/bakered/co2emmisions/main/src_shiny_app/static/developed_map.png
192,Developed,1984.0,20627.8261855405,12.1016279572925,14854752.401,2.638160296259849,https://raw.githubusercontent.com/bakered/co2emmisions/main/src_shiny_app/static/developed_map.png
193,Developed,1984.2,20724.22656705326,12.140814903563921,14927830.5044,2.6446101028608773,https://raw.githubusercontent.com/bakered/co2emmisions/main/src_shiny_app/static/developed_map.png
194,Developed,1984.3999999999999,20820.62694856602,12.18000184983534,15000908.6078,2.651059909461905,https://raw.githubusercontent.com/bakered/co2emmisions/main/src_shiny_app/static/developed_map.png
195,Developed,1984.6,20917.02733007878,12.21918879610676,15073986.711199999,2.6575097160629326,https://raw.githubusercontent.com/bakered/co2emmisions/main/src_shiny_app/static/developed_map.png
196,Developed,1984.8,21013.42771159154,12.258375742378181,15147064.8146,2.6639595226639603,https://raw.githubusercontent.com/bakered/co2emmisions/main/src_shiny_app/static/developed_map.png
197,Developed,1985.0,21109.8280931043,12.2975626886496,15220142.918,2.670409329264988,https://raw.githubusercontent.com/bakered/co2emmisions/main/src_shiny_app/static/developed_map.png
198,Developed,1985.0,21109.8280931043,12.2975626886496,15220142.918,2.670409329264988,https://raw.githubusercontent.com/bakered/co2emmisions/main/src_shiny_app/static/developed_map.png
199,Developed,1985.2,21217.03326822572,12.286460088701102,15223484.2686,2.6707023727216663,https://raw.githubusercontent.com/bakered/co2emmisions/main/src_shiny_app/static/developed_map.png
200,Developed,1985.4,21324.238443347138,12.2753574887526,15226825.619199999,2.670995416178344,https://raw.githubusercontent.com/bakered/co2emmisions/main/src_shiny_app/static/developed_map.png
201,Developed,1985.6,21431.443618468562,12.2642548888041,15230166.9698,2.6712884596350213,https://raw.githubusercontent.com/bakered/co2emmisions/main/src_shiny_app/static/developed_map.png
202,Developed,1985.8000000000002,21538.64879358998,12.2531522888556,15233508.3204,2.671581503091699,https://raw.githubusercontent.com/bakered/co2emmisions/main/src_shiny_app/static/developed_map.png
203,Developed,1986.0,21645.8539687114,12.2420496889071,15236849.671,2.671874546548377,https://raw.githubusercontent.com/bakered/co2emmisions/main/src_shiny_app/static/developed_map.png
204,Developed,1986.0,21645.8539687114,12.2420496889071,15236849.671,2.671874546548377,https://raw.githubusercontent.com/bakered/co2emmisions/main/src_shiny_app/static/developed_map.png
205,Developed,1986.2000000000003,21756.8583108649,12.265881563863541,15280597.262400001,2.6756965818087552,https://raw.githubusercontent.com/bakered/co2emmisions/main/src_shiny_app/static/developed_map.png
206,Developed,1986.4,21867.862653018397,12.28971343881998,15324344.8538,2.6795186170691325,https://raw.githubusercontent.com/bakered/co2emmisions/main/src_shiny_app/static/developed_map.png
207,Developed,1986.6000000000001,21978.8669951719,12.31354531377642,15368092.4452,2.6833406523295107,https://raw.githubusercontent.com/bakered/co2emmisions/main/src_shiny_app/static/developed_map.png
208,Developed,1986.8000000000002,22089.8713373254,12.337377188732859,15411840.036600001,2.6871626875898884,https://raw.githubusercontent.com/bakered/co2emmisions/main/src_shiny_app/static/developed_map.png
209,Developed,1987.0,22200.8756794789,12.3612090636893,15455587.628,2.6909847228502666,https://raw.githubusercontent.com/bakered/co2emmisions/main/src_shiny_app/static/developed_map.png
210,Developed,1987.0,22200.8756794789,12.3612090636893,15455587.628,2.6909847228502666,https://raw.githubusercontent.com/bakered/co2emmisions/main/src_shiny_app/static/developed_map.png
211,Developed,1987.2000000000003,22358.79584744084,12.41726933315252,15537697.404800002,2.6980859735052083,https://raw.githubusercontent.com/bakered/co2emmisions/main/src_shiny_app/static/developed_map.png
212,Developed,1987.4,22516.71601540278,12.47332960261574,15619807.1816,2.7051872241601504,https://raw.githubusercontent.com/bakered/co2emmisions/main/src_shiny_app/static/developed_map.png
213,Developed,1987.6,22674.63618336472,12.52938987207896,15701916.9584,2.712288474815092,https://raw.githubusercontent.com/bakered/co2emmisions/main/src_shiny_app/static/developed_map.png
214,Developed,1987.8,22832.55635132666,12.58545014154218,15784026.7352,2.719389725470034,https://raw.githubusercontent.com/bakered/co2emmisions/main/src_shiny_app/static/developed_map.png
215,Developed,1988.0,22990.4765192886,12.6415104110054,15866136.512,2.7264909761249756,https://raw.githubusercontent.com/bakered/co2emmisions/main/src_shiny_app/static/developed_map.png
216,Developed,1988.0,22990.4765192886,12.6415104110054,15866136.512,2.7264909761249756,https://raw.githubusercontent.com/bakered/co2emmisions/main/src_shiny_app/static/developed_map.png
217,Developed,1988.2,23115.88649877294,12.64702369474638,15890233.140000002,2.728557483762957,https://raw.githubusercontent.com/bakered/co2emmisions/main/src_shiny_app/static/developed_map.png
218,Developed,1988.4,23241.29647825728,12.65253697848736,15914329.768,2.7306239914009387,https://raw.githubusercontent.com/bakered/co2emmisions/main/src_shiny_app/static/developed_map.png
219,Developed,1988.6,23366.70645774162,12.65805026222834,15938426.396000002,2.7326904990389203,https://raw.githubusercontent.com/bakered/co2emmisions/main/src_shiny_app/static/developed_map.png
220,Developed,1988.8,23492.11643722596,12.66356354596932,15962523.024,2.7347570066769014,https://raw.githubusercontent.com/bakered/co2emmisions/main/src_shiny_app/static/developed_map.png
221,Developed,1989.0,23617.5264167103,12.6690768297103,15986619.652,2.736823514314883,https://raw.githubusercontent.com/bakered/co2emmisions/main/src_shiny_app/static/developed_map.png
222,Developed,1989.0,23617.5264167103,12.6690768297103,15986619.652,2.736823514314883,https://raw.githubusercontent.com/bakered/co2emmisions/main/src_shiny_app/static/developed_map.png
223,Developed,1989.2,23647.818509374883,12.716668372323639,16061959.422200002,2.743234848263576,https://raw.githubusercontent.com/bakered/co2emmisions/main/src_shiny_app/static/developed_map.png
224,Developed,1989.3999999999999,23678.11060203946,12.764259914936979,16137299.192400001,2.7496461822122695,https://raw.githubusercontent.com/bakered/co2emmisions/main/src_shiny_app/static/developed_map.png
225,Developed,1989.6,23708.40269470404,12.811851457550318,16212638.9626,2.7560575161609626,https://raw.githubusercontent.com/bakered/co2emmisions/main/src_shiny_app/static/developed_map.png
226,Developed,1989.8,23738.694787368622,12.85944300016366,16287978.7328,2.7624688501096557,https://raw.githubusercontent.com/bakered/co2emmisions/main/src_shiny_app/static/developed_map.png
227,Developed,1990.0,23768.9868800332,12.907034542777,16363318.503,2.7688801840583492,https://raw.githubusercontent.com/bakered/co2emmisions/main/src_shiny_app/static/developed_map.png
228,Developed,1990.0,23768.9868800332,12.907034542777,16363318.503,2.7688801840583492,https://raw.githubusercontent.com/bakered/co2emmisions/main/src_shiny_app/static/developed_map.png
229,Developed,1990.2,23769.28633197116,12.83811007576722,16297986.117600001,2.763324786172418,https://raw.githubusercontent.com/bakered/co2emmisions/main/src_shiny_app/static/developed_map.png
230,Developed,1990.4,23769.58578390912,12.76918560875744,16232653.7322,2.757769388286487,https://raw.githubusercontent.com/bakered/co2emmisions/main/src_shiny_app/static/developed_map.png
231,Developed,1990.6,23769.885235847083,12.70026114174766,16167321.3468,2.7522139904005556,https://raw.githubusercontent.com/bakered/co2emmisions/main/src_shiny_app/static/developed_map.png
232,Developed,1990.8000000000002,23770.18468778504,12.631336674737879,16101988.961399999,2.7466585925146245,https://raw.githubusercontent.com/bakered/co2emmisions/main/src_shiny_app/static/developed_map.png
233,Developed,1991.0,23770.484139723,12.5624122077281,16036656.576,2.7411031946286935,https://raw.githubusercontent.com/bakered/co2emmisions/main/src_shiny_app/static/developed_map.png
234,Developed,1991.0,23770.484139723,12.5624122077281,16036656.576,2.7411031946286935,https://raw.githubusercontent.com/bakered/co2emmisions/main/src_shiny_app/static/developed_map.png
235,Developed,1991.2000000000003,23787.189297102123,12.47053812848956,15942658.5032,2.7330100359254565,https://raw.githubusercontent.com/bakered/co2emmisions/main/src_shiny_app/static/developed_map.png
236,Developed,1991.4,23803.89445448124,12.37866404925102,15848660.430399999,2.72491687722222,https://raw.githubusercontent.com/bakered/co2emmisions/main/src_shiny_app/static/developed_map.png
237,Developed,1991.6000000000001,23820.59961186036,12.28678997001248,15754662.3576,2.716823718518983,https://raw.githubusercontent.com/bakered/co2emmisions/main/src_shiny_app/static/developed_map.png
238,Developed,1991.8000000000002,23837.30476923948,12.19491589077394,15660664.284799999,2.7087305598157467,https://raw.githubusercontent.com/bakered/co2emmisions/main/src_shiny_app/static/developed_map.png
239,Developed,1992.0,23854.0099266186,12.1030418115354,15566666.212,2.70063740111251,https://raw.githubusercontent.com/bakered/co2emmisions/main/src_shiny_app/static/developed_map.png
240,Developed,1992.0,23854.0099266186,12.1030418115354,15566666.212,2.70063740111251,https://raw.githubusercontent.com/bakered/co2emmisions/main/src_shiny_app/static/developed_map.png
241,Developed,1992.2000000000003,23868.047253709563,12.06494078401264,15534279.936999999,2.697820733949166,https://raw.githubusercontent.com/bakered/co2emmisions/main/src_shiny_app/static/developed_map.png
242,Developed,1992.4,23882.08458080052,12.026839756489881,15501893.662,2.6950040667858213,https://raw.githubusercontent.com/bakered/co2emmisions/main/src_shiny_app/static/developed_map.png
243,Developed,1992.6,23896.12190789148,11.988738728967121,15469507.386999998,2.692187399622478,https://raw.githubusercontent.com/bakered/co2emmisions/main/src_shiny_app/static/developed_map.png
244,Developed,1992.8,23910.159234982442,11.95063770144436,15437121.112,2.689370732459133,https://raw.githubusercontent.com/bakered/co2emmisions/main/src_shiny_app/static/developed_map.png
245,Developed,1993.0,23924.1965620734,11.9125366739216,15404734.837,2.6865540652957893,https://raw.githubusercontent.com/bakered/co2emmisions/main/src_shiny_app/static/developed_map.png
246,Developed,1993.0,23924.1965620734,11.9125366739216,15404734.837,2.6865540652957893,https://raw.githubusercontent.com/bakered/co2emmisions/main/src_shiny_app/static/developed_map.png
247,Developed,1993.2,24019.488260117563,11.875456453357002,15371676.5264,2.6836636401973104,https://raw.githubusercontent.com/bakered/co2emmisions/main/src_shiny_app/static/developed_map.png
248,Developed,1993.4,24114.779958161722,11.8383762327924,15338618.215799998,2.6807732150988315,https://raw.githubusercontent.com/bakered/co2emmisions/main/src_shiny_app/static/developed_map.png
249,Developed,1993.6,24210.07165620588,11.8012960122278,15305559.9052,2.6778827900003526,https://raw.githubusercontent.com/bakered/co2emmisions/main/src_shiny_app/static/developed_map.png
250,Developed,1993.8,24305.36335425004,11.7642157916632,15272501.5946,2.6749923649018736,https://raw.githubusercontent.com/bakered/co2emmisions/main/src_shiny_app/static/developed_map.png
251,Developed,1994.0,24400.6550522942,11.7271355710986,15239443.284,2.6721019398033947,https://raw.githubusercontent.com/bakered/co2emmisions/main/src_shiny_app/static/developed_map.png
252,Developed,1994.0,24400.6550522942,11.7271355710986,15239443.284,2.6721019398033947,https://raw.githubusercontent.com/bakered/co2emmisions/main/src_shiny_app/static/developed_map.png
253,Developed,1994.2,24519.182019832802,11.734694718578421,15260450.2824,2.6739404732313896,https://raw.githubusercontent.com/bakered/co2emmisions/main/src_shiny_app/static/developed_map.png
254,Developed,1994.3999999999999,24637.708987371403,11.742253866058238,15281457.2808,2.6757790066593845,https://raw.githubusercontent.com/bakered/co2emmisions/main/src_shiny_app/static/developed_map.png
255,Developed,1994.6,24756.23595491,11.74981301353806,15302464.2792,2.677617540087379,https://raw.githubusercontent.com/bakered/co2emmisions/main/src_shiny_app/static/developed_map.png
256,Developed,1994.8,24874.7629224486,11.757372161017878,15323471.277600002,2.6794560735153743,https://raw.githubusercontent.com/bakered/co2emmisions/main/src_shiny_app/static/developed_map.png
257,Developed,1995.0,24993.2898899872,11.7649313084977,15344478.276,2.6812946069433687,https://raw.githubusercontent.com/bakered/co2emmisions/main/src_shiny_app/static/developed_map.png
258,Developed,1995.0,24993.2898899872,11.7649313084977,15344478.276,2.6812946069433687,https://raw.githubusercontent.com/bakered/co2emmisions/main/src_shiny_app/static/developed_map.png
259,Developed,1995.2,25124.244698417002,11.807033868072239,15406955.899800003,2.6867257747803794,https://raw.githubusercontent.com/bakered/co2emmisions/main/src_shiny_app/static/developed_map.png
260,Developed,1995.4,25255.199506846802,11.84913642764678,15469433.5236,2.69215694261739,https://raw.githubusercontent.com/bakered/co2emmisions/main/src_shiny_app/static/developed_map.png
261,Developed,1995.6,25386.154315276603,11.89123898722132,15531911.1474,2.697588110454401,https://raw.githubusercontent.com/bakered/co2emmisions/main/src_shiny_app/static/developed_map.png
262,Developed,1995.8000000000002,25517.1091237064,11.93334154679586,15594388.7712,2.703019278291411,https://raw.githubusercontent.com/bakered/co2emmisions/main/src_shiny_app/static/developed_map.png
263,Developed,1996.0,25648.0639321362,11.9754441063704,15656866.395,2.708450446128422,https://raw.githubusercontent.com/bakered/co2emmisions/main/src_shiny_app/static/developed_map.png
264,Developed,1996.0,25648.0639321362,11.9754441063704,15656866.395,2.708450446128422,https://raw.githubusercontent.com/bakered/co2emmisions/main/src_shiny_app/static/developed_map.png
265,Developed,1996.2000000000003,25813.63796919454,11.952376466593481,15639662.0972,2.706960327791581,https://raw.githubusercontent.com/bakered/co2emmisions/main/src_shiny_app/static/developed_map.png
266,Developed,1996.4,25979.212006252877,11.929308826816559,15622457.7994,2.70547020945474,https://raw.githubusercontent.com/bakered/co2emmisions/main/src_shiny_app/static/developed_map.png
267,Developed,1996.6000000000001,26144.786043311222,11.90624118703964,15605253.5016,2.7039800911178995,https://raw.githubusercontent.com/bakered/co2emmisions/main/src_shiny_app/static/developed_map.png
268,Developed,1996.8000000000002,26310.36008036956,11.88317354726272,15588049.2038,2.7024899727810583,https://raw.githubusercontent.com/bakered/co2emmisions/main/src_shiny_app/static/developed_map.png
269,Developed,1997.0,26475.9341174279,11.8601059074858,15570844.906,2.7009998544442175,https://raw.githubusercontent.com/bakered/co2emmisions/main/src_shiny_app/static/developed_map.png
270,Developed,1997.0,26475.9341174279,11.8601059074858,15570844.906,2.7009998544442175,https://raw.githubusercontent.com/bakered/co2emmisions/main/src_shiny_app/static/developed_map.png
271,Developed,1997.2000000000003,26603.4028120442,11.840689737619961,15557403.819600001,2.6998328133881624,https://raw.githubusercontent.com/bakered/co2emmisions/main/src_shiny_app/static/developed_map.png
272,Developed,1997.4,26730.8715066605,11.821273567754119,15543962.733199999,2.698665772332107,https://raw.githubusercontent.com/bakered/co2emmisions/main/src_shiny_app/static/developed_map.png
273,Developed,1997.6,26858.3402012768,11.80185739788828,15530521.6468,2.697498731276051,https://raw.githubusercontent.com/bakered/co2emmisions/main/src_shiny_app/static/developed_map.png
274,Developed,1997.8,26985.8088958931,11.782441228022439,15517080.560399998,2.696331690219996,https://raw.githubusercontent.com/bakered/co2emmisions/main/src_shiny_app/static/developed_map.png
275,Developed,1998.0,27113.2775905094,11.7630250581566,15503639.474,2.6951646491639405,https://raw.githubusercontent.com/bakered/co2emmisions/main/src_shiny_app/static/developed_map.png
276,Developed,1998.0,27113.2775905094,11.7630250581566,15503639.474,2.6951646491639405,https://raw.githubusercontent.com/bakered/co2emmisions/main/src_shiny_app/static/developed_map.png
277,Developed,1998.2,27307.28893461612,11.76795893626166,15519846.6578,2.696571547800444,https://raw.githubusercontent.com/bakered/co2emmisions/main/src_shiny_app/static/developed_map.png
278,Developed,1998.4,27501.30027872284,11.77289281436672,15536053.8416,2.697978446436947,https://raw.githubusercontent.com/bakered/co2emmisions/main/src_shiny_app/static/developed_map.png
279,Developed,1998.6,27695.311622829562,11.77782669247178,15552261.0254,2.6993853450734506,https://raw.githubusercontent.com/bakered/co2emmisions/main/src_shiny_app/static/developed_map.png
280,Developed,1998.8,27889.322966936277,11.78276057057684,15568468.2092,2.7007922437099534,https://raw.githubusercontent.com/bakered/co2emmisions/main/src_shiny_app/static/developed_map.png
281,Developed,1999.0,28083.334311043,11.7876944486819,15584675.393,2.702199142346457,https://raw.githubusercontent.com/bakered/co2emmisions/main/src_shiny_app/static/developed_map.png
282,Developed,1999.0,28083.334311043,11.7876944486819,15584675.393,2.702199142346457,https://raw.githubusercontent.com/bakered/co2emmisions/main/src_shiny_app/static/developed_map.png
283,Developed,1999.2,28324.95479989762,11.8262107588491,15642742.34,2.707209975029161,https://raw.githubusercontent.com/bakered/co2emmisions/main/src_shiny_app/static/developed_map.png
284,Developed,1999.3999999999999,28566.57528875224,11.8647270690163,15700809.287,2.7122208077118652,https://raw.githubusercontent.com/bakered/co2emmisions/main/src_shiny_app/static/developed_map.png
285,Developed,1999.6,28808.19577760686,11.9032433791835,15758876.234000001,2.717231640394569,https://raw.githubusercontent.com/bakered/co2emmisions/main/src_shiny_app/static/developed_map.png
286,Developed,1999.8,29049.81626646148,11.9417596893507,15816943.181,2.722242473077273,https://raw.githubusercontent.com/bakered/co2emmisions/main/src_shiny_app/static/developed_map.png
287,Developed,2000.0,29291.4367553161,11.9802759995179,15875010.128,2.727253305759977,https://raw.githubusercontent.com/bakered/co2emmisions/main/src_shiny_app/static/developed_map.png
288,Developed,2000.0,29291.4367553161,11.9802759995179,15875010.128,2.727253305759977,https://raw.githubusercontent.com/bakered/co2emmisions/main/src_shiny_app/static/developed_map.png
289,Developed,2000.2,29401.00611332806,11.97791486630392,15881153.4326,2.727780746403698,https://raw.githubusercontent.com/bakered/co2emmisions/main/src_shiny_app/static/developed_map.png
290,Developed,2000.4,29510.57547134002,11.97555373308994,15887296.7372,2.728308187047418,https://raw.githubusercontent.com/bakered/co2emmisions/main/src_shiny_app/static/developed_map.png
291,Developed,2000.6,29620.14482935198,11.97319259987596,15893440.0418,2.728835627691139,https://raw.githubusercontent.com/bakered/co2emmisions/main/src_shiny_app/static/developed_map.png
292,Developed,2000.8000000000002,29729.71418736394,11.97083146666198,15899583.3464,2.7293630683348593,https://raw.githubusercontent.com/bakered/co2emmisions/main/src_shiny_app/static/developed_map.png
293,Developed,2001.0,29839.2835453759,11.968470333448,15905726.651,2.7298905089785803,https://raw.githubusercontent.com/bakered/co2emmisions/main/src_shiny_app/static/developed_map.png
294,Developed,2001.0,29839.2835453759,11.968470333448,15905726.651,2.7298905089785803,https://raw.githubusercontent.com/bakered/co2emmisions/main/src_shiny_app/static/developed_map.png
295,Developed,2001.2000000000003,29953.301400907043,11.970086815301661,15918331.348800002,2.730971108053026,https://raw.githubusercontent.com/bakered/co2emmisions/main/src_shiny_app/static/developed_map.png
296,Developed,2001.4,30067.319256438182,11.97170329715532,15930936.0466,2.7320517071274715,https://raw.githubusercontent.com/bakered/co2emmisions/main/src_shiny_app/static/developed_map.png
297,Developed,2001.6000000000001,30181.337111969322,11.97331977900898,15943540.744400002,2.733132306201917,https://raw.githubusercontent.com/bakered/co2emmisions/main/src_shiny_app/static/developed_map.png
298,Developed,2001.8000000000002,30295.35496750046,11.974936260862641,15956145.442200001,2.7342129052763626,https://raw.githubusercontent.com/bakered/co2emmisions/main/src_shiny_app/static/developed_map.png
299,Developed,2002.0,30409.3728230316,11.9765527427163,15968750.14,2.735293504350808,https://raw.githubusercontent.com/bakered/co2emmisions/main/src_shiny_app/static/developed_map.png
300,Developed,2002.0,30409.3728230316,11.9765527427163,15968750.14,2.735293504350808,https://raw.githubusercontent.com/bakered/co2emmisions/main/src_shiny_app/static/developed_map.png
301,Developed,2002.2000000000003,30555.887396993123,12.008122885102543,16019038.004200002,2.739583596709128,https://raw.githubusercontent.com/bakered/co2emmisions/main/src_shiny_app/static/developed_map.png
302,Developed,2002.4,30702.40197095464,12.03969302748878,16069325.8684,2.743873689067448,https://raw.githubusercontent.com/bakered/co2emmisions/main/src_shiny_app/static/developed_map.png
303,Developed,2002.6,30848.91654491616,12.07126316987502,16119613.7326,2.748163781425768,https://raw.githubusercontent.com/bakered/co2emmisions/main/src_shiny_app/static/developed_map.png
304,Developed,2002.8,30995.431118877677,12.10283331226126,16169901.5968,2.752453873784088,https://raw.githubusercontent.com/bakered/co2emmisions/main/src_shiny_app/static/developed_map.png
305,Developed,2003.0,31141.9456928392,12.1344034546475,16220189.461,2.756743966142408,https://raw.githubusercontent.com/bakered/co2emmisions/main/src_shiny_app/static/developed_map.png
306,Developed,2003.0,31141.9456928392,12.1344034546475,16220189.461,2.756743966142408,https://raw.githubusercontent.com/bakered/co2emmisions/main/src_shiny_app/static/developed_map.png
307,Developed,2003.2,31361.71814004148,12.147914555394921,16248374.6104,2.75913392593601,https://raw.githubusercontent.com/bakered/co2emmisions/main/src_shiny_app/static/developed_map.png
308,Developed,2003.4,31581.49058724376,12.16142565614234,16276559.7598,2.761523885729612,https://raw.githubusercontent.com/bakered/co2emmisions/main/src_shiny_app/static/developed_map.png
309,Developed,2003.6,31801.26303444604,12.17493675688976,16304744.909200002,2.7639138455232137,https://raw.githubusercontent.com/bakered/co2emmisions/main/src_shiny_app/static/developed_map.png
310,Developed,2003.8,32021.035481648323,12.188447857637179,16332930.0586,2.766303805316815,https://raw.githubusercontent.com/bakered/co2emmisions/main/src_shiny_app/static/developed_map.png
311,Developed,2004.0,32240.8079288506,12.2019589583846,16361115.208,2.768693765110417,https://raw.githubusercontent.com/bakered/co2emmisions/main/src_shiny_app/static/developed_map.png
312,Developed,2004.0,32240.8079288506,12.2019589583846,16361115.208,2.768693765110417,https://raw.githubusercontent.com/bakered/co2emmisions/main/src_shiny_app/static/developed_map.png
313,Developed,2004.2,32431.333345397084,12.19815487474616,16367818.318400001,2.769260638610674,https://raw.githubusercontent.com/bakered/co2emmisions/main/src_shiny_app/static/developed_map.png
314,Developed,2004.3999999999999,32621.858761943564,12.19435079110772,16374521.428800002,2.769827512110931,https://raw.githubusercontent.com/bakered/co2emmisions/main/src_shiny_app/static/developed_map.png
315,Developed,2004.6,32812.38417849004,12.190546707469279,16381224.5392,2.770394385611188,https://raw.githubusercontent.com/bakered/co2emmisions/main/src_shiny_app/static/developed_map.png
316,Developed,2004.8,33002.90959503652,12.18674262383084,16387927.6496,2.770961259111445,https://raw.githubusercontent.com/bakered/co2emmisions/main/src_shiny_app/static/developed_map.png
317,Developed,2005.0,33193.435011583,12.1829385401924,16394630.76,2.771528132611702,https://raw.githubusercontent.com/bakered/co2emmisions/main/src_shiny_app/static/developed_map.png
318,Developed,2005.0,33193.435011583,12.1829385401924,16394630.76,2.771528132611702,https://raw.githubusercontent.com/bakered/co2emmisions/main/src_shiny_app/static/developed_map.png
319,Developed,2005.2,33415.257386855024,12.17617791305812,16398074.974600002,2.7718191801010015,https://raw.githubusercontent.com/bakered/co2emmisions/main/src_shiny_app/static/developed_map.png
320,Developed,2005.4,33637.07976212704,12.169417285923839,16401519.1892,2.772110227590301,https://raw.githubusercontent.com/bakered/co2emmisions/main/src_shiny_app/static/developed_map.png
321,Developed,2005.6,33858.90213739906,12.162656658789558,16404963.4038,2.7724012750796003,https://raw.githubusercontent.com/bakered/co2emmisions/main/src_shiny_app/static/developed_map.png
322,Developed,2005.8000000000002,34080.72451267108,12.15589603165528,16408407.6184,2.7726923225688997,https://raw.githubusercontent.com/bakered/co2emmisions/main/src_shiny_app/static/developed_map.png
323,Developed,2006.0,34302.5468879431,12.149135404521,16411851.833,2.7729833700581996,https://raw.githubusercontent.com/bakered/co2emmisions/main/src_shiny_app/static/developed_map.png
324,Developed,2006.0,34302.5468879431,12.149135404521,16411851.833,2.7729833700581996,https://raw.githubusercontent.com/bakered/co2emmisions/main/src_shiny_app/static/developed_map.png
325,Developed,2006.2000000000003,34510.896886008384,12.155083473206542,16433022.095800001,2.7747689831148024,https://raw.githubusercontent.com/bakered/co2emmisions/main/src_shiny_app/static/developed_map.png
326,Developed,2006.4,34719.24688407366,12.16103154189208,16454192.3586,2.7765545961714055,https://raw.githubusercontent.com/bakered/co2emmisions/main/src_shiny_app/static/developed_map.png
327,Developed,2006.6000000000001,34927.59688213894,12.16697961057762,16475362.6214,2.7783402092280083,https://raw.githubusercontent.com/bakered/co2emmisions/main/src_shiny_app/static/developed_map.png
328,Developed,2006.8000000000002,35135.946880204225,12.17292767926316,16496532.8842,2.780125822284611,https://raw.githubusercontent.com/bakered/co2emmisions/main/src_shiny_app/static/developed_map.png
329,Developed,2007.0,35344.2968782695,12.1788757479487,16517703.147,2.7819114353412138,https://raw.githubusercontent.com/bakered/co2emmisions/main/src_shiny_app/static/developed_map.png
330,Developed,2007.0,35344.2968782695,12.1788757479487,16517703.147,2.7819114353412138,https://raw.githubusercontent.com/bakered/co2emmisions/main/src_shiny_app/static/developed_map.png
331,Developed,2007.2000000000003,35388.848137287685,12.112290760226461,16446933.608,2.7759196696181343,https://raw.githubusercontent.com/bakered/co2emmisions/main/src_shiny_app/static/developed_map.png
332,Developed,2007.4,35433.39939630586,12.04570577250422,16376164.069,2.769927903895055,https://raw.githubusercontent.com/bakered/co2emmisions/main/src_shiny_app/static/developed_map.png
333,Developed,2007.6,35477.95065532404,11.97912078478198,16305394.53,2.7639361381719754,https://raw.githubusercontent.com/bakered/co2emmisions/main/src_shiny_app/static/developed_map.png
334,Developed,2007.8,35522.50191434222,11.91253579705974,16234624.991,2.757944372448896,https://raw.githubusercontent.com/bakered/co2emmisions/main/src_shiny_app/static/developed_map.png
335,Developed,2008.0,35567.0531733604,11.8459508093375,16163855.452,2.7519526067258164,https://raw.githubusercontent.com/bakered/co2emmisions/main/src_shiny_app/static/developed_map.png
336,Developed,2008.0,35567.0531733604,11.8459508093375,16163855.452,2.7519526067258164,https://raw.githubusercontent.com/bakered/co2emmisions/main/src_shiny_app/static/developed_map.png
337,Developed,2008.2,35296.39929956732,11.6722563209165,15953847.942200001,2.7337751847861016,https://raw.githubusercontent.com/bakered/co2emmisions/main/src_shiny_app/static/developed_map.png
338,Developed,2008.4,35025.74542577424,11.4985618324955,15743840.4324,2.7155977628463868,https://raw.githubusercontent.com/bakered/co2emmisions/main/src_shiny_app/static/developed_map.png
339,Developed,2008.6,34755.09155198116,11.3248673440745,15533832.922600001,2.697420340906672,https://raw.githubusercontent.com/bakered/co2emmisions/main/src_shiny_app/static/developed_map.png
340,Developed,2008.8,34484.437678188086,11.151172855653499,15323825.412800001,2.6792429189669575,https://raw.githubusercontent.com/bakered/co2emmisions/main/src_shiny_app/static/developed_map.png
341,Developed,2009.0,34213.783804395,10.9774783672325,15113817.903,2.6610654970272427,https://raw.githubusercontent.com/bakered/co2emmisions/main/src_shiny_app/static/developed_map.png
342,Developed,2009.0,34213.783804395,10.9774783672325,15113817.903,2.6610654970272427,https://raw.githubusercontent.com/bakered/co2emmisions/main/src_shiny_app/static/developed_map.png
343,Developed,2009.2,34411.73614828315,11.05365393286476,15222797.015800003,2.6705744380395,https://raw.githubusercontent.com/bakered/co2emmisions/main/src_shiny_app/static/developed_map.png
344,Developed,2009.3999999999999,34609.688492171284,11.12982949849702,15331776.128600001,2.680083379051757,https://raw.githubusercontent.com/bakered/co2emmisions/main/src_shiny_app/static/developed_map.png
345,Developed,2009.6,34807.64083605942,11.206005064129279,15440755.2414,2.6895923200640146,https://raw.githubusercontent.com/bakered/co2emmisions/main/src_shiny_app/static/developed_map.png
346,Developed,2009.8,35005.593179947566,11.28218062976154,15549734.3542,2.6991012610762715,https://raw.githubusercontent.com/bakered/co2emmisions/main/src_shiny_app/static/developed_map.png
347,Developed,2010.0,35203.5455238357,11.3583561953938,15658713.467,2.7086102020885288,https://raw.githubusercontent.com/bakered/co2emmisions/main/src_shiny_app/static/developed_map.png
348,Developed,2010.0,35203.5455238357,11.3583561953938,15658713.467,2.7086102020885288,https://raw.githubusercontent.com/bakered/co2emmisions/main/src_shiny_app/static/developed_map.png
349,Developed,2010.2,35338.65015098447,11.33240178282196,15634966.319400001,2.7065524288085108,https://raw.githubusercontent.com/bakered/co2emmisions/main/src_shiny_app/static/developed_map.png
350,Developed,2010.4,35473.754778133225,11.306447370250119,15611219.1718,2.704494655528493,https://raw.githubusercontent.com/bakered/co2emmisions/main/src_shiny_app/static/developed_map.png
351,Developed,2010.6,35608.85940528198,11.28049295767828,15587472.0242,2.702436882248475,https://raw.githubusercontent.com/bakered/co2emmisions/main/src_shiny_app/static/developed_map.png
352,Developed,2010.8000000000002,35743.96403243074,11.25453854510644,15563724.876600001,2.7003791089684572,https://raw.githubusercontent.com/bakered/co2emmisions/main/src_shiny_app/static/developed_map.png
353,Developed,2011.0,35879.0686595795,11.2285841325346,15539977.729,2.6983213356884392,https://raw.githubusercontent.com/bakered/co2emmisions/main/src_shiny_app/static/developed_map.png
354,Developed,2011.0,35879.0686595795,11.2285841325346,15539977.729,2.6983213356884392,https://raw.githubusercontent.com/bakered/co2emmisions/main/src_shiny_app/static/developed_map.png
355,Developed,2011.2000000000003,35947.22948449778,11.19137864215382,15501706.462000001,2.694988381909872,https://raw.githubusercontent.com/bakered/co2emmisions/main/src_shiny_app/static/developed_map.png
356,Developed,2011.4,36015.390309416056,11.15417315177304,15463435.195,2.6916554281313045,https://raw.githubusercontent.com/bakered/co2emmisions/main/src_shiny_app/static/developed_map.png
357,Developed,2011.6000000000001,36083.55113433434,11.116967661392259,15425163.928,2.688322474352737,https://raw.githubusercontent.com/bakered/co2emmisions/main/src_shiny_app/static/developed_map.png
358,Developed,2011.8000000000002,36151.711959252614,11.07976217101148,15386892.660999998,2.6849895205741694,https://raw.githubusercontent.com/bakered/co2emmisions/main/src_shiny_app/static/developed_map.png
359,Developed,2012.0,36219.8727841709,11.0425566806307,15348621.394,2.6816565667956023,https://raw.githubusercontent.com/bakered/co2emmisions/main/src_shiny_app/static/developed_map.png
360,Developed,2012.0,36219.8727841709,11.0425566806307,15348621.394,2.6816565667956023,https://raw.githubusercontent.com/bakered/co2emmisions/main/src_shiny_app/static/developed_map.png
361,Developed,2012.2000000000003,36290.73804486866,11.03222923424114,15344582.1228,2.681303587088642,https://raw.githubusercontent.com/bakered/co2emmisions/main/src_shiny_app/static/developed_map.png
362,Developed,2012.4,36361.603305566416,11.02190178785158,15340542.851599999,2.680950607381682,https://raw.githubusercontent.com/bakered/co2emmisions/main/src_shiny_app/static/developed_map.png
363,Developed,2012.6,36432.46856626418,11.011574341462019,15336503.580400001,2.6805976276747217,https://raw.githubusercontent.com/bakered/co2emmisions/main/src_shiny_app/static/developed_map.png
364,Developed,2012.8,36503.333826961934,11.00124689507246,15332464.3092,2.6802446479677613,https://raw.githubusercontent.com/bakered/co2emmisions/main/src_shiny_app/static/developed_map.png
365,Developed,2013.0,36574.1990876597,10.9909194486829,15328425.038,2.679891668260801,https://raw.githubusercontent.com/bakered/co2emmisions/main/src_shiny_app/static/developed_map.png
366,Developed,2013.0,36574.1990876597,10.9909194486829,15328425.038,2.679891668260801,https://raw.githubusercontent.com/bakered/co2emmisions/main/src_shiny_app/static/developed_map.png
367,Developed,2013.2,36667.46965040666,10.9415658078074,15278629.1092,2.6755208983221515,https://raw.githubusercontent.com/bakered/co2emmisions/main/src_shiny_app/static/developed_map.png
368,Developed,2013.4,36760.74021315362,10.8922121669319,15228833.1804,2.671150128383502,https://raw.githubusercontent.com/bakered/co2emmisions/main/src_shiny_app/static/developed_map.png
369,Developed,2013.6,36854.01077590058,10.8428585260564,15179037.2516,2.6667793584448525,https://raw.githubusercontent.com/bakered/co2emmisions/main/src_shiny_app/static/developed_map.png
370,Developed,2013.8,36947.28133864754,10.7935048851809,15129241.322800001,2.6624085885062025,https://raw.githubusercontent.com/bakered/co2emmisions/main/src_shiny_app/static/developed_map.png
371,Developed,2014.0,37040.5519013945,10.7441512443054,15079445.394,2.658037818567553,https://raw.githubusercontent.com/bakered/co2emmisions/main/src_shiny_app/static/developed_map.png
372,Developed,2014.0,37040.5519013945,10.7441512443054,15079445.394,2.658037818567553,https://raw.githubusercontent.com/bakered/co2emmisions/main/src_shiny_app/static/developed_map.png
373,Developed,2014.2,37149.9572748464,10.710333346551561,15044894.132600002,2.654983889536575,https://raw.githubusercontent.com/bakered/co2emmisions/main/src_shiny_app/static/developed_map.png
374,Developed,2014.3999999999999,37259.3626482983,10.67651544879772,15010342.871199999,2.6519299605055973,https://raw.githubusercontent.com/bakered/co2emmisions/main/src_shiny_app/static/developed_map.png
375,Developed,2014.6,37368.7680217502,10.64269755104388,14975791.6098,2.6488760314746194,https://raw.githubusercontent.com/bakered/co2emmisions/main/src_shiny_app/static/developed_map.png
376,Developed,2014.8,37478.1733952021,10.60887965329004,14941240.3484,2.645822102443641,https://raw.githubusercontent.com/bakered/co2emmisions/main/src_shiny_app/static/developed_map.png
377,Developed,2015.0,37587.578768654,10.5750617555362,14906689.087,2.6427681734126636,https://raw.githubusercontent.com/bakered/co2emmisions/main/src_shiny_app/static/developed_map.png
378,Developed,2015.0,37587.578768654,10.5750617555362,14906689.087,2.6427681734126636,https://raw.githubusercontent.com/bakered/co2emmisions/main/src_shiny_app/static/developed_map.png
379,Developed,2015.2,37685.13512056034,10.543340497399962,14875474.956600001,2.639993956870576,https://raw.githubusercontent.com/bakered/co2emmisions/main/src_shiny_app/static/developed_map.png
380,Developed,2015.4,37782.69147246668,10.51161923926372,14844260.826200001,2.637219740328489,https://raw.githubusercontent.com/bakered/co2emmisions/main/src_shiny_app/static/developed_map.png
381,Developed,2015.6,37880.24782437302,10.479897981127479,14813046.6958,2.6344455237864017,https://raw.githubusercontent.com/bakered/co2emmisions/main/src_shiny_app/static/developed_map.png
382,Developed,2015.8000000000002,37977.80417627936,10.44817672299124,14781832.5654,2.6316713072443143,https://raw.githubusercontent.com/bakered/co2emmisions/main/src_shiny_app/static/developed_map.png
383,Developed,2016.0,38075.3605281857,10.416455464855,14750618.435,2.6288970907022273,https://raw.githubusercontent.com/bakered/co2emmisions/main/src_shiny_app/static/developed_map.png
384,Developed,2016.0,38075.3605281857,10.416455464855,14750618.435,2.6288970907022273,https://raw.githubusercontent.com/bakered/co2emmisions/main/src_shiny_app/static/developed_map.png
385,Developed,2016.2000000000003,38241.78261447356,10.411065098214742,14752236.111800002,2.629041224422024,https://raw.githubusercontent.com/bakered/co2emmisions/main/src_shiny_app/static/developed_map.png
386,Developed,2016.4,38408.204700761424,10.405674731574479,14753853.788600001,2.62918535814182,https://raw.githubusercontent.com/bakered/co2emmisions/main/src_shiny_app/static/developed_map.png
387,Developed,2016.6000000000001,38574.62678704928,10.400284364934219,14755471.4654,2.6293294918616166,https://raw.githubusercontent.com/bakered/co2emmisions/main/src_shiny_app/static/developed_map.png
388,Developed,2016.8000000000002,38741.048873337146,10.39489399829396,14757089.1422,2.629473625581413,https://raw.githubusercontent.com/bakered/co2emmisions/main/src_shiny_app/static/developed_map.png
389,Developed,2017.0,38907.470959625,10.3895036316537,14758706.819,2.629617759301209,https://raw.githubusercontent.com/bakered/co2emmisions/main/src_shiny_app/static/developed_map.png
390,Developed,2017.0,38907.470959625,10.3895036316537,14758706.819,2.629617759301209,https://raw.githubusercontent.com/bakered/co2emmisions/main/src_shiny_app/static/developed_map.png
391,Developed,2017.2000000000003,39070.58364901763,10.4028087829524,14784647.343600001,2.6319236676352817,https://raw.githubusercontent.com/bakered/co2emmisions/main/src_shiny_app/static/developed_map.png
392,Developed,2017.4,39233.69633841024,10.4161139342511,14810587.8682,2.6342295759693535,https://raw.githubusercontent.com/bakered/co2emmisions/main/src_shiny_app/static/developed_map.png
393,Developed,2017.6,39396.80902780286,10.4294190855498,14836528.3928,2.636535484303426,https://raw.githubusercontent.com/bakered/co2emmisions/main/src_shiny_app/static/developed_map.png
394,Developed,2017.8,39559.92171719548,10.4427242368485,14862468.917399999,2.6388413926374983,https://raw.githubusercontent.com/bakered/co2emmisions/main/src_shiny_app/static/developed_map.png
395,Developed,2018.0,39723.0344065881,10.4560293881472,14888409.442,2.641147300971571,https://raw.githubusercontent.com/bakered/co2emmisions/main/src_shiny_app/static/developed_map.png
396,Developed,2018.0,39723.0344065881,10.4560293881472,14888409.442,2.641147300971571,https://raw.githubusercontent.com/bakered/co2emmisions/main/src_shiny_app/static/developed_map.png
397,Developed,2018.2,39842.63199625473,10.396703077981341,14817536.270200001,2.634823127429584,https://raw.githubusercontent.com/bakered/co2emmisions/main/src_shiny_app/static/developed_map.png
398,Developed,2018.4,39962.22958592134,10.337376767815481,14746663.0984,2.628498953887598,https://raw.githubusercontent.com/bakered/co2emmisions/main/src_shiny_app/static/developed_map.png
399,Developed,2018.6,40081.82717558796,10.27805045764962,14675789.926600002,2.622174780345611,https://raw.githubusercontent.com/bakered/co2emmisions/main/src_shiny_app/static/developed_map.png
400,Developed,2018.8,40201.42476525458,10.21872414748376,14604916.754800001,2.6158506068036242,https://raw.githubusercontent.com/bakered/co2emmisions/main/src_shiny_app/static/developed_map.png
401,Developed,2019.0,40321.0223549212,10.1593978373179,14534043.583,2.609526433261638,https://raw.githubusercontent.com/bakered/co2emmisions/main/src_shiny_app/static/developed_map.png
402,Developed,2019.0,40321.0223549212,10.1593978373179,14534043.583,2.609526433261638,https://raw.githubusercontent.com/bakered/co2emmisions/main/src_shiny_app/static/developed_map.png
403,Developed,2019.2,39961.683484154426,9.981629580470763,14304889.442800002,2.5885323495041104,https://raw.githubusercontent.com/bakered/co2emmisions/main/src_shiny_app/static/developed_map.png
404,Developed,2019.3999999999999,39602.34461338764,9.803861323623625,14075735.3026,2.5675382657465824,https://raw.githubusercontent.com/bakered/co2emmisions/main/src_shiny_app/static/developed_map.png
405,Developed,2019.6,39243.005742620866,9.626093066776487,13846581.1624,2.5465441819890544,https://raw.githubusercontent.com/bakered/co2emmisions/main/src_shiny_app/static/developed_map.png
406,Developed,2019.8,38883.66687185408,9.448324809929348,13617427.0222,2.525550098231527,https://raw.githubusercontent.com/bakered/co2emmisions/main/src_shiny_app/static/developed_map.png
407,Developed,2020.0,38524.3280010873,9.27055655308221,13388272.882,2.504556014473999,https://raw.githubusercontent.com/bakered/co2emmisions/main/src_shiny_app/static/developed_map.png
408,Developed,2020.0,38524.3280010873,9.27055655308221,13388272.882,2.504556014473999,https://raw.githubusercontent.com/bakered/co2emmisions/main/src_shiny_app/static/developed_map.png
409,Developed,2020.2,38933.189615436044,9.366515088058575,13515966.5742,2.51636080079289,https://raw.githubusercontent.com/bakered/co2emmisions/main/src_shiny_app/static/developed_map.png
410,Developed,2020.4,39342.05122978478,9.462473623034938,13643660.266399998,2.52816558711178,https://raw.githubusercontent.com/bakered/co2emmisions/main/src_shiny_app/static/developed_map.png
411,Developed,2020.6,39750.91284413352,9.558432158011302,13771353.9586,2.539970373430671,https://raw.githubusercontent.com/bakered/co2emmisions/main/src_shiny_app/static/developed_map.png
412,Developed,2020.8000000000002,40159.774458482265,9.654390692987667,13899047.650799999,2.5517751597495613,https://raw.githubusercontent.com/bakered/co2emmisions/main/src_shiny_app/static/developed_map.png
413,Developed,2021.0,40568.636072831,9.75034922796403,14026741.343,2.5635799460684523,https://raw.githubusercontent.com/bakered/co2emmisions/main/src_shiny_app/static/developed_map.png
414,Developed,2021.0,40568.636072831,9.75034922796403,14026741.343,2.5635799460684523,https://raw.githubusercontent.com/bakered/co2emmisions/main/src_shiny_app/static/developed_map.png
415,Developed,2021.2000000000003,40731.65094013471,9.740336813628472,14013392.1292,2.562358615180629,https://raw.githubusercontent.com/bakered/co2emmisions/main/src_shiny_app/static/developed_map.png
416,Developed,2021.4,40894.6658074384,9.730324399292915,14000042.9154,2.5611372842928053,https://raw.githubusercontent.com/bakered/co2emmisions/main/src_shiny_app/static/developed_map.png
417,Developed,2021.6000000000001,41057.6806747421,9.720311984957355,13986693.7016,2.5599159534049813,https://raw.githubusercontent.com/bakered/co2emmisions/main/src_shiny_app/static/developed_map.png
418,Developed,2021.8000000000002,41220.6955420458,9.710299570621798,13973344.4878,2.558694622517158,https://raw.githubusercontent.com/bakered/co2emmisions/main/src_shiny_app/static/developed_map.png
419,Developed,2022.0,41383.7104093495,9.70028715628624,13959995.274,2.5574732916293343,https://raw.githubusercontent.com/bakered/co2emmisions/main/src_shiny_app/static/developed_map.png
420,Developed,2022.0,41383.7104093495,9.70028715628624,13959995.274,2.5574732916293343,https://raw.githubusercontent.com/bakered/co2emmisions/main/src_shiny_app/static/developed_map.png
421,Developed,2022.2000000000003,41499.597335409846,9.622973539426905,13864583.7882,2.548657622625064,https://raw.githubusercontent.com/bakered/co2emmisions/main/src_shiny_app/static/developed_map.png
422,Developed,2022.4,41615.48426147018,9.545659922567568,13769172.3024,2.539841953620793,https://raw.githubusercontent.com/bakered/co2emmisions/main/src_shiny_app/static/developed_map.png
423,Developed,2022.6,41731.37118753052,9.46834630570823,13673760.8166,2.5310262846165226,https://raw.githubusercontent.com/bakered/co2emmisions/main/src_shiny_app/static/developed_map.png
424,Developed,2022.8,41847.258113590855,9.391032688848895,13578349.3308,2.5222106156122517,https://raw.githubusercontent.com/bakered/co2emmisions/main/src_shiny_app/static/developed_map.png
425,Developed,2023.0,41963.1450396512,9.31371907198956,13482937.845,2.5133949466079812,https://raw.githubusercontent.com/bakered/co2emmisions/main/src_shiny_app/static/developed_map.png
426,Developing Asia and Oceania,1952.0,1150.52271261201,0.19998128648957,1256370.74,0.7672331832480047,https://raw.githubusercontent.com/bakered/co2emmisions/main/src_shiny_app/static/asia_and_oceania_map.png
427,Developing Asia and Oceania,1952.2000000000003,1166.713414162014,0.20092119942164963,1258665.9158,0.7679323925174982,https://raw.githubusercontent.com/bakered/co2emmisions/main/src_shiny_app/static/asia_and_oceania_map.png
428,Developing Asia and Oceania,1952.4,1182.9041157120182,0.2018611123537292,1260961.0916,0.7686316017869916,https://raw.githubusercontent.com/bakered/co2emmisions/main/src_shiny_app/static/asia_and_oceania_map.png
429,Developing Asia and Oceania,1952.6,1199.094817262022,0.20280102528580882,1263256.2674,0.769330811056485,https://raw.githubusercontent.com/bakered/co2emmisions/main/src_shiny_app/static/asia_and_oceania_map.png
430,Developing Asia and Oceania,1952.8,1215.285518812026,0.2037409382178884,1265551.4432,0.7700300203259786,https://raw.githubusercontent.com/bakered/co2emmisions/main/src_shiny_app/static/asia_and_oceania_map.png
431,Developing Asia and Oceania,1953.0,1231.47622036203,0.204680851149968,1267846.619,0.770729229595472,https://raw.githubusercontent.com/bakered/co2emmisions/main/src_shiny_app/static/asia_and_oceania_map.png
432,Developing Asia and Oceania,1953.0,1231.47622036203,0.204680851149968,1267846.619,0.770729229595472,https://raw.githubusercontent.com/bakered/co2emmisions/main/src_shiny_app/static/asia_and_oceania_map.png
433,Developing Asia and Oceania,1953.2,1224.7055391492202,0.20928462950936422,1275168.3298,0.7729388419037408,https://raw.githubusercontent.com/bakered/co2emmisions/main/src_shiny_app/static/asia_and_oceania_map.png
434,Developing Asia and Oceania,1953.4,1217.93485793641,0.2138884078687604,1282490.0406,0.7751484542120095,https://raw.githubusercontent.com/bakered/co2emmisions/main/src_shiny_app/static/asia_and_oceania_map.png
435,Developing Asia and Oceania,1953.6,1211.1641767236001,0.2184921862281566,1289811.7514,0.7773580665202784,https://raw.githubusercontent.com/bakered/co2emmisions/main/src_shiny_app/static/asia_and_oceania_map.png
436,Developing Asia and Oceania,1953.8,1204.39349551079,0.22309596458755282,1297133.4622,0.779567678828547,https://raw.githubusercontent.com/bakered/co2emmisions/main/src_shiny_app/static/asia_and_oceania_map.png
437,Developing Asia and Oceania,1954.0,1197.62281429798,0.227699742946949,1304455.173,0.7817772911368159,https://raw.githubusercontent.com/bakered/co2emmisions/main/src_shiny_app/static/asia_and_oceania_map.png
438,Developing Asia and Oceania,1954.0,1197.62281429798,0.227699742946949,1304455.173,0.7817772911368159,https://raw.githubusercontent.com/bakered/co2emmisions/main/src_shiny_app/static/asia_and_oceania_map.png
439,Developing Asia and Oceania,1954.2,1204.80375997864,0.23578107848733762,1317157.3376000002,0.7855383438914334,https://raw.githubusercontent.com/bakered/co2emmisions/main/src_shiny_app/static/asia_and_oceania_map.png
440,Developing Asia and Oceania,1954.3999999999999,1211.9847056593,0.2438624140277262,1329859.5022,0.789299396646051,https://raw.githubusercontent.com/bakered/co2emmisions/main/src_shiny_app/static/asia_and_oceania_map.png
441,Developing Asia and Oceania,1954.6,1219.16565133996,0.2519437495681148,1342561.6668,0.7930604494006684,https://raw.githubusercontent.com/bakered/co2emmisions/main/src_shiny_app/static/asia_and_oceania_map.png
442,Developing Asia and Oceania,1954.8,1226.34659702062,0.2600250851085034,1355263.8314,0.796821502155286,https://raw.githubusercontent.com/bakered/co2emmisions/main/src_shiny_app/static/asia_and_oceania_map.png
443,Developing Asia and Oceania,1955.0,1233.52754270128,0.268106420648892,1367965.996,0.8005825549099035,https://raw.githubusercontent.com/bakered/co2emmisions/main/src_shiny_app/static/asia_and_oceania_map.png
444,Developing Asia and Oceania,1955.0,1233.52754270128,0.268106420648892,1367965.996,0.8005825549099035,https://raw.githubusercontent.com/bakered/co2emmisions/main/src_shiny_app/static/asia_and_oceania_map.png
445,Developing Asia and Oceania,1955.2,1244.207789666436,0.27256894994834324,1375779.9576,0.8028529627264558,https://raw.githubusercontent.com/bakered/co2emmisions/main/src_shiny_app/static/asia_and_oceania_map.png
446,Developing Asia and Oceania,1955.4,1254.888036631592,0.2770314792477944,1383593.9192,0.805123370543008,https://raw.githubusercontent.com/bakered/co2emmisions/main/src_shiny_app/static/asia_and_oceania_map.png
447,Developing Asia and Oceania,1955.6,1265.568283596748,0.2814940085472456,1391407.8808,0.8073937783595602,https://raw.githubusercontent.com/bakered/co2emmisions/main/src_shiny_app/static/asia_and_oceania_map.png
448,Developing Asia and Oceania,1955.8000000000002,1276.248530561904,0.28595653784669683,1399221.8424,0.8096641861761125,https://raw.githubusercontent.com/bakered/co2emmisions/main/src_shiny_app/static/asia_and_oceania_map.png
449,Developing Asia and Oceania,1956.0,1286.92877752706,0.290419067146148,1407035.804,0.8119345939926647,https://raw.githubusercontent.com/bakered/co2emmisions/main/src_shiny_app/static/asia_and_oceania_map.png
450,Developing Asia and Oceania,1956.0,1286.92877752706,0.290419067146148,1407035.804,0.8119345939926647,https://raw.githubusercontent.com/bakered/co2emmisions/main/src_shiny_app/static/asia_and_oceania_map.png
451,Developing Asia and Oceania,1956.2000000000003,1287.997273765048,0.29585795736164244,1416728.4528,0.81470750620781,https://raw.githubusercontent.com/bakered/co2emmisions/main/src_shiny_app/static/asia_and_oceania_map.png
452,Developing Asia and Oceania,1956.4,1289.065770003036,0.3012968475771368,1426421.1016,0.8174804184229552,https://raw.githubusercontent.com/bakered/co2emmisions/main/src_shiny_app/static/asia_and_oceania_map.png
453,Developing Asia and Oceania,1956.6000000000001,1290.1342662410239,0.3067357377926312,1436113.7504,0.8202533306381005,https://raw.githubusercontent.com/bakered/co2emmisions/main/src_shiny_app/static/asia_and_oceania_map.png
454,Developing Asia and Oceania,1956.8000000000002,1291.2027624790119,0.31217462800812557,1445806.3991999999,0.8230262428532458,https://raw.githubusercontent.com/bakered/co2emmisions/main/src_shiny_app/static/asia_and_oceania_map.png
455,Developing Asia and Oceania,1957.0,1292.271258717,0.31761351822362,1455499.048,0.825799155068391,https://raw.githubusercontent.com/bakered/co2emmisions/main/src_shiny_app/static/asia_and_oceania_map.png
456,Developing Asia and Oceania,1957.0,1292.271258717,0.31761351822362,1455499.048,0.825799155068391,https://raw.githubusercontent.com/bakered/co2emmisions/main/src_shiny_app/static/asia_and_oceania_map.png
457,Developing Asia and Oceania,1957.2000000000003,1293.720783238776,0.3549179039394984,1512420.9002,0.8412263756291815,https://raw.githubusercontent.com/bakered/co2emmisions/main/src_shiny_app/static/asia_and_oceania_map.png
458,Developing Asia and Oceania,1957.4,1295.170307760552,0.39222228965537687,1569342.7524,0.8566535961899718,https://raw.githubusercontent.com/bakered/co2emmisions/main/src_shiny_app/static/asia_and_oceania_map.png
459,Developing Asia and Oceania,1957.6,1296.619832282328,0.4295266753712552,1626264.6045999997,0.8720808167507622,https://raw.githubusercontent.com/bakered/co2emmisions/main/src_shiny_app/static/asia_and_oceania_map.png
460,Developing Asia and Oceania,1957.8,1298.069356804104,0.4668310610871337,1683186.4567999998,0.8875080373115527,https://raw.githubusercontent.com/bakered/co2emmisions/main/src_shiny_app/static/asia_and_oceania_map.png
461,Developing Asia and Oceania,1958.0,1299.51888132588,0.504135446803012,1740108.309,0.9029352578723431,https://raw.githubusercontent.com/bakered/co2emmisions/main/src_shiny_app/static/asia_and_oceania_map.png
462,Developing Asia and Oceania,1958.0,1299.51888132588,0.504135446803012,1740108.309,0.9029352578723431,https://raw.githubusercontent.com/bakered/co2emmisions/main/src_shiny_app/static/asia_and_oceania_map.png
463,Developing Asia and Oceania,1958.2,1297.9688783935562,0.5296173924778139,1781344.1268,0.9133343907046354,https://raw.githubusercontent.com/bakered/co2emmisions/main/src_shiny_app/static/asia_and_oceania_map.png
464,Developing Asia and Oceania,1958.4,1296.4188754612321,0.5550993381526157,1822579.9446,0.9237335235369275,https://raw.githubusercontent.com/bakered/co2emmisions/main/src_shiny_app/static/asia_and_oceania_map.png
465,Developing Asia and Oceania,1958.6,1294.868872528908,0.5805812838274174,1863815.7624,0.9341326563692197,https://raw.githubusercontent.com/bakered/co2emmisions/main/src_shiny_app/static/asia_and_oceania_map.png
466,Developing Asia and Oceania,1958.8,1293.3188695965841,0.6060632295022192,1905051.5802,0.9445317892015119,https://raw.githubusercontent.com/bakered/co2emmisions/main/src_shiny_app/static/asia_and_oceania_map.png
467,Developing Asia and Oceania,1959.0,1291.76886666426,0.631545175177021,1946287.398,0.954930922033804,https://raw.githubusercontent.com/bakered/co2emmisions/main/src_shiny_app/static/asia_and_oceania_map.png
468,Developing Asia and Oceania,1959.0,1291.76886666426,0.631545175177021,1946287.398,0.954930922033804,https://raw.githubusercontent.com/bakered/co2emmisions/main/src_shiny_app/static/asia_and_oceania_map.png
469,Developing Asia and Oceania,1959.2,1293.22550469735,0.6442502385536915,1967945.3176000002,0.9601721503203898,https://raw.githubusercontent.com/bakered/co2emmisions/main/src_shiny_app/static/asia_and_oceania_map.png
470,Developing Asia and Oceania,1959.3999999999999,1294.6821427304399,0.6569553019303618,1989603.2371999999,0.9654133786069755,https://raw.githubusercontent.com/bakered/co2emmisions/main/src_shiny_app/static/asia_and_oceania_map.png
471,Developing Asia and Oceania,1959.6,1296.1387807635301,0.6696603653070322,2011261.1568,0.9706546068935613,https://raw.githubusercontent.com/bakered/co2emmisions/main/src_shiny_app/static/asia_and_oceania_map.png
472,Developing Asia and Oceania,1959.8,1297.59541879662,0.6823654286837025,2032919.0764000001,0.9758958351801469,https://raw.githubusercontent.com/bakered/co2emmisions/main/src_shiny_app/static/asia_and_oceania_map.png
473,Developing Asia and Oceania,1960.0,1299.05205682971,0.695070492060373,2054576.996,0.9811370634667327,https://raw.githubusercontent.com/bakered/co2emmisions/main/src_shiny_app/static/asia_and_oceania_map.png
474,Developing Asia and Oceania,1960.0,1299.05205682971,0.695070492060373,2054576.996,0.9811370634667327,https://raw.githubusercontent.com/bakered/co2emmisions/main/src_shiny_app/static/asia_and_oceania_map.png
475,Developing Asia and Oceania,1960.2,1287.806706848218,0.666898679810851,2013321.4986000003,0.9710260497278924,https://raw.githubusercontent.com/bakered/co2emmisions/main/src_shiny_app/static/asia_and_oceania_map.png
476,Developing Asia and Oceania,1960.4,1276.5613568667259,0.638726867561329,1972066.0012000003,0.9609150359890521,https://raw.githubusercontent.com/bakered/co2emmisions/main/src_shiny_app/static/asia_and_oceania_map.png
477,Developing Asia and Oceania,1960.6,1265.316006885234,0.610555055311807,1930810.5038,0.9508040222502118,https://raw.githubusercontent.com/bakered/co2emmisions/main/src_shiny_app/static/asia_and_oceania_map.png
478,Developing Asia and Oceania,1960.8000000000002,1254.070656903742,0.5823832430622851,1889555.0064,0.9406930085113714,https://raw.githubusercontent.com/bakered/co2emmisions/main/src_shiny_app/static/asia_and_oceania_map.png
479,Developing Asia and Oceania,1961.0,1242.82530692225,0.554211430812763,1848299.509,0.9305819947725311,https://raw.githubusercontent.com/bakered/co2emmisions/main/src_shiny_app/static/asia_and_oceania_map.png
480,Developing Asia and Oceania,1961.0,1242.82530692225,0.554211430812763,1848299.509,0.9305819947725311,https://raw.githubusercontent.com/bakered/co2emmisions/main/src_shiny_app/static/asia_and_oceania_map.png
481,Developing Asia and Oceania,1961.2000000000003,1250.164738549444,0.5417910828294464,1831858.3264000001,0.9263960169678049,https://raw.githubusercontent.com/bakered/co2emmisions/main/src_shiny_app/static/asia_and_oceania_map.png
482,Developing Asia and Oceania,1961.4,1257.5041701766381,0.5293707348461298,1815417.1438000002,0.9222100391630788,https://raw.githubusercontent.com/bakered/co2emmisions/main/src_shiny_app/static/asia_and_oceania_map.png
483,Developing Asia and Oceania,1961.6000000000001,1264.843601803832,0.5169503868628132,1798975.9611999998,0.9180240613583526,https://raw.githubusercontent.com/bakered/co2emmisions/main/src_shiny_app/static/asia_and_oceania_map.png
484,Developing Asia and Oceania,1961.8000000000002,1272.183033431026,0.5045300388794965,1782534.7785999998,0.9138380835536263,https://raw.githubusercontent.com/bakered/co2emmisions/main/src_shiny_app/static/asia_and_oceania_map.png
485,Developing Asia and Oceania,1962.0,1279.52246505822,0.49210969089618,1766093.596,0.9096521057489001,https://raw.githubusercontent.com/bakered/co2emmisions/main/src_shiny_app/static/asia_and_oceania_map.png
486,Developing Asia and Oceania,1962.0,1279.52246505822,0.49210969089618,1766093.596,0.9096521057489001,https://raw.githubusercontent.com/bakered/co2emmisions/main/src_shiny_app/static/asia_and_oceania_map.png
487,Developing Asia and Oceania,1962.2000000000003,1293.355804780012,0.4924157301481596,1770293.799,0.9107305967972413,https://raw.githubusercontent.com/bakered/co2emmisions/main/src_shiny_app/static/asia_and_oceania_map.png
488,Developing Asia and Oceania,1962.4,1307.189144501804,0.49272176940013923,1774494.0019999999,0.9118090878455825,https://raw.githubusercontent.com/bakered/co2emmisions/main/src_shiny_app/static/asia_and_oceania_map.png
489,Developing Asia and Oceania,1962.6,1321.022484223596,0.49302780865211876,1778694.205,0.9128875788939237,https://raw.githubusercontent.com/bakered/co2emmisions/main/src_shiny_app/static/asia_and_oceania_map.png
490,Developing Asia and Oceania,1962.8,1334.8558239453882,0.4933338479040984,1782894.408,0.9139660699422648,https://raw.githubusercontent.com/bakered/co2emmisions/main/src_shiny_app/static/asia_and_oceania_map.png
491,Developing Asia and Oceania,1963.0,1348.68916366718,0.493639887156078,1787094.611,0.915044560990606,https://raw.githubusercontent.com/bakered/co2emmisions/main/src_shiny_app/static/asia_and_oceania_map.png
492,Developing Asia and Oceania,1963.0,1348.68916366718,0.493639887156078,1787094.611,0.915044560990606,https://raw.githubusercontent.com/bakered/co2emmisions/main/src_shiny_app/static/asia_and_oceania_map.png
493,Developing Asia and Oceania,1963.2,1365.7598928186403,0.4947365929002626,1792624.2876000002,0.9164548052512442,https://raw.githubusercontent.com/bakered/co2emmisions/main/src_shiny_app/static/asia_and_oceania_map.png
494,Developing Asia and Oceania,1963.4,1382.8306219701,0.49583329864444714,1798153.9642,0.9178650495118823,https://raw.githubusercontent.com/bakered/co2emmisions/main/src_shiny_app/static/asia_and_oceania_map.png
495,Developing Asia and Oceania,1963.6,1399.90135112156,0.4969300043886318,1803683.6408,0.9192752937725204,https://raw.githubusercontent.com/bakered/co2emmisions/main/src_shiny_app/static/asia_and_oceania_map.png
496,Developing Asia and Oceania,1963.8,1416.97208027302,0.4980267101328164,1809213.3174,0.9206855380331586,https://raw.githubusercontent.com/bakered/co2emmisions/main/src_shiny_app/static/asia_and_oceania_map.png
497,Developing Asia and Oceania,1964.0,1434.04280942448,0.499123415877001,1814742.994,0.9220957822937966,https://raw.githubusercontent.com/bakered/co2emmisions/main/src_shiny_app/static/asia_and_oceania_map.png
498,Developing Asia and Oceania,1964.0,1434.04280942448,0.499123415877001,1814742.994,0.9220957822937966,https://raw.githubusercontent.com/bakered/co2emmisions/main/src_shiny_app/static/asia_and_oceania_map.png
499,Developing Asia and Oceania,1964.2,1441.3319667570322,0.5069345986477204,1831693.307,0.9263529879252507,https://raw.githubusercontent.com/bakered/co2emmisions/main/src_shiny_app/static/asia_and_oceania_map.png
500,Developing Asia and Oceania,1964.3999999999999,1448.621124089584,0.5147457814184399,1848643.6199999999,0.9306101935567046,https://raw.githubusercontent.com/bakered/co2emmisions/main/src_shiny_app/static/asia_and_oceania_map.png
501,Developing Asia and Oceania,1964.6,1455.910281422136,0.5225569641891592,1865593.933,0.9348673991881586,https://raw.githubusercontent.com/bakered/co2emmisions/main/src_shiny_app/static/asia_and_oceania_map.png
502,Developing Asia and Oceania,1964.8,1463.199438754688,0.5303681469598787,1882544.2459999998,0.9391246048196127,https://raw.githubusercontent.com/bakered/co2emmisions/main/src_shiny_app/static/asia_and_oceania_map.png
503,Developing Asia and Oceania,1965.0,1470.48859608724,0.538179329730598,1899494.559,0.9433818104510667,https://raw.githubusercontent.com/bakered/co2emmisions/main/src_shiny_app/static/asia_and_oceania_map.png
504,Developing Asia and Oceania,1965.0,1470.48859608724,0.538179329730598,1899494.559,0.9433818104510667,https://raw.githubusercontent.com/bakered/co2emmisions/main/src_shiny_app/static/asia_and_oceania_map.png
505,Developing Asia and Oceania,1965.2,1474.250937952138,0.5458916650118364,1917215.4874,0.9477321956374801,https://raw.githubusercontent.com/bakered/co2emmisions/main/src_shiny_app/static/asia_and_oceania_map.png
506,Developing Asia and Oceania,1965.4,1478.0132798170362,0.5536040002930749,1934936.4157999998,0.9520825808238935,https://raw.githubusercontent.com/bakered/co2emmisions/main/src_shiny_app/static/asia_and_oceania_map.png
507,Developing Asia and Oceania,1965.6,1481.775621681934,0.5613163355743133,1952657.3442,0.9564329660103068,https://raw.githubusercontent.com/bakered/co2emmisions/main/src_shiny_app/static/asia_and_oceania_map.png
508,Developing Asia and Oceania,1965.8000000000002,1485.537963546832,0.5690286708555516,1970378.2725999998,0.9607833511967203,https://raw.githubusercontent.com/bakered/co2emmisions/main/src_shiny_app/static/asia_and_oceania_map.png
509,Developing Asia and Oceania,1966.0,1489.30030541173,0.57674100613679,1988099.201,0.9651337363831337,https://raw.githubusercontent.com/bakered/co2emmisions/main/src_shiny_app/static/asia_and_oceania_map.png
510,Developing Asia and Oceania,1966.0,1489.30030541173,0.57674100613679,1988099.201,0.9651337363831337,https://raw.githubusercontent.com/bakered/co2emmisions/main/src_shiny_app/static/asia_and_oceania_map.png
511,Developing Asia and Oceania,1966.2000000000003,1492.2301473691582,0.5663299952917082,1974683.488,0.9618494295285207,https://raw.githubusercontent.com/bakered/co2emmisions/main/src_shiny_app/static/asia_and_oceania_map.png
512,Developing Asia and Oceania,1966.4,1495.1599893265861,0.5559189844466265,1961267.775,0.9585651226739076,https://raw.githubusercontent.com/bakered/co2emmisions/main/src_shiny_app/static/asia_and_oceania_map.png
513,Developing Asia and Oceania,1966.6000000000001,1498.089831284014,0.5455079736015447,1947852.062,0.9552808158192945,https://raw.githubusercontent.com/bakered/co2emmisions/main/src_shiny_app/static/asia_and_oceania_map.png
514,Developing Asia and Oceania,1966.8000000000002,1501.019673241442,0.5350969627564628,1934436.349,0.9519965089646815,https://raw.githubusercontent.com/bakered/co2emmisions/main/src_shiny_app/static/asia_and_oceania_map.png
515,Developing Asia and Oceania,1967.0,1503.94951519887,0.524685951911381,1921020.636,0.9487122021100683,https://raw.githubusercontent.com/bakered/co2emmisions/main/src_shiny_app/static/asia_and_oceania_map.png
516,Developing Asia and Oceania,1967.0,1503.94951519887,0.524685951911381,1921020.636,0.9487122021100683,https://raw.githubusercontent.com/bakered/co2emmisions/main/src_shiny_app/static/asia_and_oceania_map.png
517,Developing Asia and Oceania,1967.2000000000003,1506.461174416092,0.5319394643435028,1938702.5004,0.9530292595813645,https://raw.githubusercontent.com/bakered/co2emmisions/main/src_shiny_app/static/asia_and_oceania_map.png
518,Developing Asia and Oceania,1967.4,1508.972833633314,0.5391929767756246,1956384.3648,0.9573463170526606,https://raw.githubusercontent.com/bakered/co2emmisions/main/src_shiny_app/static/asia_and_oceania_map.png
519,Developing Asia and Oceania,1967.6,1511.484492850536,0.5464464892077464,1974066.2292,0.9616633745239567,https://raw.githubusercontent.com/bakered/co2emmisions/main/src_shiny_app/static/asia_and_oceania_map.png
520,Developing Asia and Oceania,1967.8,1513.996152067758,0.5537000016398682,1991748.0936000003,0.9659804319952529,https://raw.githubusercontent.com/bakered/co2emmisions/main/src_shiny_app/static/asia_and_oceania_map.png
521,Developing Asia and Oceania,1968.0,1516.50781128498,0.56095351407199,2009429.958,0.970297489466549,https://raw.githubusercontent.com/bakered/co2emmisions/main/src_shiny_app/static/asia_and_oceania_map.png
522,Developing Asia and Oceania,1968.0,1516.50781128498,0.56095351407199,2009429.958,0.970297489466549,https://raw.githubusercontent.com/bakered/co2emmisions/main/src_shiny_app/static/asia_and_oceania_map.png
523,Developing Asia and Oceania,1968.2,1533.9421548848582,0.5737525211502609,2038066.3126000003,0.977092376927674,https://raw.githubusercontent.com/bakered/co2emmisions/main/src_shiny_app/static/asia_and_oceania_map.png
524,Developing Asia and Oceania,1968.4,1551.3764984847362,0.5865515282285316,2066702.6672,0.9838872643887989,https://raw.githubusercontent.com/bakered/co2emmisions/main/src_shiny_app/static/asia_and_oceania_map.png
525,Developing Asia and Oceania,1968.6,1568.8108420846138,0.5993505353068024,2095339.0218,0.9906821518499238,https://raw.githubusercontent.com/bakered/co2emmisions/main/src_shiny_app/static/asia_and_oceania_map.png
526,Developing Asia and Oceania,1968.8,1586.245185684492,0.6121495423850732,2123975.3764,0.9974770393110489,https://raw.githubusercontent.com/bakered/co2emmisions/main/src_shiny_app/static/asia_and_oceania_map.png
527,Developing Asia and Oceania,1969.0,1603.67952928437,0.624948549463344,2152611.7309999997,1.0042719267721738,https://raw.githubusercontent.com/bakered/co2emmisions/main/src_shiny_app/static/asia_and_oceania_map.png
528,Developing Asia and Oceania,1969.0,1603.67952928437,0.624948549463344,2152611.7309999997,1.0042719267721738,https://raw.githubusercontent.com/bakered/co2emmisions/main/src_shiny_app/static/asia_and_oceania_map.png
529,Developing Asia and Oceania,1969.2,1624.639473680244,0.6484893479003703,2203045.5052,1.0157107969413122,https://raw.githubusercontent.com/bakered/co2emmisions/main/src_shiny_app/static/asia_and_oceania_map.png
530,Developing Asia and Oceania,1969.3999999999999,1645.599418076118,0.6720301463373964,2253479.2794,1.02714966711045,https://raw.githubusercontent.com/bakered/co2emmisions/main/src_shiny_app/static/asia_and_oceania_map.png
531,Developing Asia and Oceania,1969.6,1666.5593624719918,0.6955709447744226,2303913.0535999998,1.0385885372795882,https://raw.githubusercontent.com/bakered/co2emmisions/main/src_shiny_app/static/asia_and_oceania_map.png
532,Developing Asia and Oceania,1969.8,1687.519306867866,0.7191117432114489,2354346.8278,1.0500274074487266,https://raw.githubusercontent.com/bakered/co2emmisions/main/src_shiny_app/static/asia_and_oceania_map.png
533,Developing Asia and Oceania,1970.0,1708.47925126374,0.742652541648475,2404780.602,1.0614662776178647,https://raw.githubusercontent.com/bakered/co2emmisions/main/src_shiny_app/static/asia_and_oceania_map.png
534,Developing Asia and Oceania,1970.0,1708.47925126374,0.742652541648475,2404780.602,1.0614662776178647,https://raw.githubusercontent.com/bakered/co2emmisions/main/src_shiny_app/static/asia_and_oceania_map.png
535,Developing Asia and Oceania,1970.2,1716.9205917568481,0.7549603468070761,2435914.8986,1.0682298495128693,https://raw.githubusercontent.com/bakered/co2emmisions/main/src_shiny_app/static/asia_and_oceania_map.png
536,Developing Asia and Oceania,1970.4,1725.361932249956,0.767268151965677,2467049.1952,1.0749934214078736,https://raw.githubusercontent.com/bakered/co2emmisions/main/src_shiny_app/static/asia_and_oceania_map.png
537,Developing Asia and Oceania,1970.6,1733.803272743064,0.779575957124278,2498183.4918,1.0817569933028781,https://raw.githubusercontent.com/bakered/co2emmisions/main/src_shiny_app/static/asia_and_oceania_map.png
538,Developing Asia and Oceania,1970.8000000000002,1742.2446132361722,0.791883762282879,2529317.7884,1.0885205651978827,https://raw.githubusercontent.com/bakered/co2emmisions/main/src_shiny_app/static/asia_and_oceania_map.png
539,Developing Asia and Oceania,1971.0,1750.68595372928,0.80419156744148,2560452.085,1.0952841370928872,https://raw.githubusercontent.com/bakered/co2emmisions/main/src_shiny_app/static/asia_and_oceania_map.png
540,Developing Asia and Oceania,1971.0,1750.68595372928,0.80419156744148,2560452.085,1.0952841370928872,https://raw.githubusercontent.com/bakered/co2emmisions/main/src_shiny_app/static/asia_and_oceania_map.png
541,Developing Asia and Oceania,1971.2000000000003,1754.5017110957162,0.8108729315256471,2581340.6464,1.099707230682578,https://raw.githubusercontent.com/bakered/co2emmisions/main/src_shiny_app/static/asia_and_oceania_map.png
542,Developing Asia and Oceania,1971.4,1758.317468462152,0.817554295609814,2602229.2078,1.1041303242722682,https://raw.githubusercontent.com/bakered/co2emmisions/main/src_shiny_app/static/asia_and_oceania_map.png
543,Developing Asia and Oceania,1971.6000000000001,1762.1332258285881,0.824235659693981,2623117.7692,1.1085534178619587,https://raw.githubusercontent.com/bakered/co2emmisions/main/src_shiny_app/static/asia_and_oceania_map.png
544,Developing Asia and Oceania,1971.8000000000002,1765.948983195024,0.830917023778148,2644006.3306,1.1129765114516492,https://raw.githubusercontent.com/bakered/co2emmisions/main/src_shiny_app/static/asia_and_oceania_map.png
545,Developing Asia and Oceania,1972.0,1769.76474056146,0.837598387862315,2664894.892,1.1173996050413397,https://raw.githubusercontent.com/bakered/co2emmisions/main/src_shiny_app/static/asia_and_oceania_map.png
546,Developing Asia and Oceania,1972.0,1769.76474056146,0.837598387862315,2664894.892,1.1173996050413397,https://raw.githubusercontent.com/bakered/co2emmisions/main/src_shiny_app/static/asia_and_oceania_map.png
547,Developing Asia and Oceania,1972.2000000000003,1789.280415448352,0.8450760174337915,2687964.6348,1.1221849816938656,https://raw.githubusercontent.com/bakered/co2emmisions/main/src_shiny_app/static/asia_and_oceania_map.png
548,Developing Asia and Oceania,1972.4,1808.7960903352441,0.8525536470052678,2711034.3776,1.1269703583463913,https://raw.githubusercontent.com/bakered/co2emmisions/main/src_shiny_app/static/asia_and_oceania_map.png
549,Developing Asia and Oceania,1972.6,1828.3117652221358,0.8600312765767442,2734104.1204,1.1317557349989174,https://raw.githubusercontent.com/bakered/co2emmisions/main/src_shiny_app/static/asia_and_oceania_map.png
550,Developing Asia and Oceania,1972.8,1847.827440109028,0.8675089061482206,2757173.8631999996,1.136541111651443,https://raw.githubusercontent.com/bakered/co2emmisions/main/src_shiny_app/static/asia_and_oceania_map.png
551,Developing Asia and Oceania,1973.0,1867.34311499592,0.874986535719697,2780243.6059999997,1.1413264883039689,https://raw.githubusercontent.com/bakered/co2emmisions/main/src_shiny_app/static/asia_and_oceania_map.png
552,Developing Asia and Oceania,1973.0,1867.34311499592,0.874986535719697,2780243.6059999997,1.1413264883039689,https://raw.githubusercontent.com/bakered/co2emmisions/main/src_shiny_app/static/asia_and_oceania_map.png
553,Developing Asia and Oceania,1973.2,1872.7712947375999,0.8751127912143084,2788538.857,1.1430228397949744,https://raw.githubusercontent.com/bakered/co2emmisions/main/src_shiny_app/static/asia_and_oceania_map.png
554,Developing Asia and Oceania,1973.4,1878.1994744792798,0.8752390467089197,2796834.108,1.1447191912859798,https://raw.githubusercontent.com/bakered/co2emmisions/main/src_shiny_app/static/asia_and_oceania_map.png
555,Developing Asia and Oceania,1973.6,1883.6276542209598,0.8753653022035311,2805129.3589999997,1.146415542776985,https://raw.githubusercontent.com/bakered/co2emmisions/main/src_shiny_app/static/asia_and_oceania_map.png
556,Developing Asia and Oceania,1973.8,1889.05583396264,0.8754915576981426,2813424.6100000003,1.1481118942679904,https://raw.githubusercontent.com/bakered/co2emmisions/main/src_shiny_app/static/asia_and_oceania_map.png
557,Developing Asia and Oceania,1974.0,1894.48401370432,0.875617813192754,2821719.861,1.149808245758996,https://raw.githubusercontent.com/bakered/co2emmisions/main/src_shiny_app/static/asia_and_oceania_map.png
558,Developing Asia and Oceania,1974.0,1894.48401370432,0.875617813192754,2821719.861,1.149808245758996,https://raw.githubusercontent.com/bakered/co2emmisions/main/src_shiny_app/static/asia_and_oceania_map.png
559,Developing Asia and Oceania,1974.2,1907.7520083940822,0.8885747462818501,2856920.8478000006,1.1568717012808742,https://raw.githubusercontent.com/bakered/co2emmisions/main/src_shiny_app/static/asia_and_oceania_map.png
560,Developing Asia and Oceania,1974.3999999999999,1921.0200030838441,0.901531679370946,2892121.8345999997,1.1639351568027525,https://raw.githubusercontent.com/bakered/co2emmisions/main/src_shiny_app/static/asia_and_oceania_map.png
561,Developing Asia and Oceania,1974.6,1934.287997773606,0.914488612460042,2927322.8214,1.170998612324631,https://raw.githubusercontent.com/bakered/co2emmisions/main/src_shiny_app/static/asia_and_oceania_map.png
562,Developing Asia and Oceania,1974.8,1947.555992463368,0.927445545549138,2962523.8082,1.1780620678465092,https://raw.githubusercontent.com/bakered/co2emmisions/main/src_shiny_app/static/asia_and_oceania_map.png
563,Developing Asia and Oceania,1975.0,1960.82398715313,0.940402478638234,2997724.795,1.1851255233683875,https://raw.githubusercontent.com/bakered/co2emmisions/main/src_shiny_app/static/asia_and_oceania_map.png
564,Developing Asia and Oceania,1975.0,1960.82398715313,0.940402478638234,2997724.795,1.1851255233683875,https://raw.githubusercontent.com/bakered/co2emmisions/main/src_shiny_app/static/asia_and_oceania_map.png
565,Developing Asia and Oceania,1975.2,1968.190876821344,0.9493511754344883,3024885.5746,1.19043495101524,https://raw.githubusercontent.com/bakered/co2emmisions/main/src_shiny_app/static/asia_and_oceania_map.png
566,Developing Asia and Oceania,1975.4,1975.5577664895582,0.9582998722307425,3052046.3542,1.1957443786620927,https://raw.githubusercontent.com/bakered/co2emmisions/main/src_shiny_app/static/asia_and_oceania_map.png
567,Developing Asia and Oceania,1975.6,1982.924656157772,0.9672485690269967,3079207.1338,1.2010538063089455,https://raw.githubusercontent.com/bakered/co2emmisions/main/src_shiny_app/static/asia_and_oceania_map.png
568,Developing Asia and Oceania,1975.8000000000002,1990.2915458259858,0.9761972658232508,3106367.9134,1.2063632339557981,https://raw.githubusercontent.com/bakered/co2emmisions/main/src_shiny_app/static/asia_and_oceania_map.png
569,Developing Asia and Oceania,1976.0,1997.6584354942,0.985145962619505,3133528.693,1.2116726616026507,https://raw.githubusercontent.com/bakered/co2emmisions/main/src_shiny_app/static/asia_and_oceania_map.png
570,Developing Asia and Oceania,1976.0,1997.6584354942,0.985145962619505,3133528.693,1.2116726616026507,https://raw.githubusercontent.com/bakered/co2emmisions/main/src_shiny_app/static/asia_and_oceania_map.png
571,Developing Asia and Oceania,1976.2000000000003,2013.252731724682,0.9980276271735061,3170252.9376000003,1.2186718493516988,https://raw.githubusercontent.com/bakered/co2emmisions/main/src_shiny_app/static/asia_and_oceania_map.png
572,Developing Asia and Oceania,1976.4,2028.8470279551639,1.010909291727507,3206977.1822,1.2256710371007469,https://raw.githubusercontent.com/bakered/co2emmisions/main/src_shiny_app/static/asia_and_oceania_map.png
573,Developing Asia and Oceania,1976.6000000000001,2044.441324185646,1.023790956281508,3243701.4268,1.232670224849795,https://raw.githubusercontent.com/bakered/co2emmisions/main/src_shiny_app/static/asia_and_oceania_map.png
574,Developing Asia and Oceania,1976.8000000000002,2060.035620416128,1.036672620835509,3280425.6714000003,1.239669412598843,https://raw.githubusercontent.com/bakered/co2emmisions/main/src_shiny_app/static/asia_and_oceania_map.png
575,Developing Asia and Oceania,1977.0,2075.62991664661,1.04955428538951,3317149.916,1.246668600347891,https://raw.githubusercontent.com/bakered/co2emmisions/main/src_shiny_app/static/asia_and_oceania_map.png
576,Developing Asia and Oceania,1977.0,2075.62991664661,1.04955428538951,3317149.916,1.246668600347891,https://raw.githubusercontent.com/bakered/co2emmisions/main/src_shiny_app/static/asia_and_oceania_map.png
577,Developing Asia and Oceania,1977.2000000000003,2094.3516961963082,1.06116195237678,3352157.5552000008,1.25316241264676,https://raw.githubusercontent.com/bakered/co2emmisions/main/src_shiny_app/static/asia_and_oceania_map.png
578,Developing Asia and Oceania,1977.4,2113.073475746006,1.07276961936405,3387165.1944000004,1.2596562249456287,https://raw.githubusercontent.com/bakered/co2emmisions/main/src_shiny_app/static/asia_and_oceania_map.png
579,Developing Asia and Oceania,1977.6,2131.795255295704,1.08437728635132,3422172.8336000005,1.2661500372444974,https://raw.githubusercontent.com/bakered/co2emmisions/main/src_shiny_app/static/asia_and_oceania_map.png
580,Developing Asia and Oceania,1977.8,2150.5170348454017,1.09598495333859,3457180.4728000006,1.2726438495433663,https://raw.githubusercontent.com/bakered/co2emmisions/main/src_shiny_app/static/asia_and_oceania_map.png
581,Developing Asia and Oceania,1978.0,2169.2388143951,1.10759262032586,3492188.112,1.279137661842235,https://raw.githubusercontent.com/bakered/co2emmisions/main/src_shiny_app/static/asia_and_oceania_map.png
582,Developing Asia and Oceania,1978.0,2169.2388143951,1.10759262032586,3492188.112,1.279137661842235,https://raw.githubusercontent.com/bakered/co2emmisions/main/src_shiny_app/static/asia_and_oceania_map.png
583,Developing Asia and Oceania,1978.2,2175.300505212964,1.111133726936196,3510402.0798000004,1.282451948891771,https://raw.githubusercontent.com/bakered/co2emmisions/main/src_shiny_app/static/asia_and_oceania_map.png
584,Developing Asia and Oceania,1978.4,2181.362196030828,1.114674833546532,3528616.0476,1.2857662359413065,https://raw.githubusercontent.com/bakered/co2emmisions/main/src_shiny_app/static/asia_and_oceania_map.png
585,Developing Asia and Oceania,1978.6,2187.423886848692,1.1182159401568679,3546830.0154,1.2890805229908422,https://raw.githubusercontent.com/bakered/co2emmisions/main/src_shiny_app/static/asia_and_oceania_map.png
586,Developing Asia and Oceania,1978.8,2193.485577666556,1.121757046767204,3565043.9831999997,1.292394810040378,https://raw.githubusercontent.com/bakered/co2emmisions/main/src_shiny_app/static/asia_and_oceania_map.png
587,Developing Asia and Oceania,1979.0,2199.54726848442,1.12529815337754,3583257.951,1.2957090970899137,https://raw.githubusercontent.com/bakered/co2emmisions/main/src_shiny_app/static/asia_and_oceania_map.png
588,Developing Asia and Oceania,1979.0,2199.54726848442,1.12529815337754,3583257.951,1.2957090970899137,https://raw.githubusercontent.com/bakered/co2emmisions/main/src_shiny_app/static/asia_and_oceania_map.png
589,Developing Asia and Oceania,1979.2,2238.933993544138,1.149157615909864,3662464.532,1.3096544552649587,https://raw.githubusercontent.com/bakered/co2emmisions/main/src_shiny_app/static/asia_and_oceania_map.png
590,Developing Asia and Oceania,1979.3999999999999,2278.3207186038558,1.173017078442188,3741671.113,1.3235998134400035,https://raw.githubusercontent.com/bakered/co2emmisions/main/src_shiny_app/static/asia_and_oceania_map.png
591,Developing Asia and Oceania,1979.6,2317.707443663574,1.196876540974512,3820877.694,1.3375451716150484,https://raw.githubusercontent.com/bakered/co2emmisions/main/src_shiny_app/static/asia_and_oceania_map.png
592,Developing Asia and Oceania,1979.8,2357.0941687232917,1.220736003506836,3900084.2750000004,1.3514905297900932,https://raw.githubusercontent.com/bakered/co2emmisions/main/src_shiny_app/static/asia_and_oceania_map.png
593,Developing Asia and Oceania,1980.0,2396.48089378301,1.24459546603916,3979290.856,1.365435887965138,https://raw.githubusercontent.com/bakered/co2emmisions/main/src_shiny_app/static/asia_and_oceania_map.png
594,Developing Asia and Oceania,1980.0,2396.48089378301,1.24459546603916,3979290.856,1.365435887965138,https://raw.githubusercontent.com/bakered/co2emmisions/main/src_shiny_app/static/asia_and_oceania_map.png
595,Developing Asia and Oceania,1980.2,2404.991039534868,1.2394464547602901,3977976.0170000005,1.365210210758807,https://raw.githubusercontent.com/bakered/co2emmisions/main/src_shiny_app/static/asia_and_oceania_map.png
596,Developing Asia and Oceania,1980.4,2413.5011852867256,1.23429744348142,3976661.1780000003,1.3649845335524757,https://raw.githubusercontent.com/bakered/co2emmisions/main/src_shiny_app/static/asia_and_oceania_map.png
597,Developing Asia and Oceania,1980.6,2422.011331038584,1.22914843220255,3975346.3389999997,1.3647588563461446,https://raw.githubusercontent.com/bakered/co2emmisions/main/src_shiny_app/static/asia_and_oceania_map.png
598,Developing Asia and Oceania,1980.8000000000002,2430.5214767904417,1.22399942092368,3974031.5,1.3645331791398134,https://raw.githubusercontent.com/bakered/co2emmisions/main/src_shiny_app/static/asia_and_oceania_map.png
599,Developing Asia and Oceania,1981.0,2439.0316225423,1.21885040964481,3972716.661,1.3643075019334823,https://raw.githubusercontent.com/bakered/co2emmisions/main/src_shiny_app/static/asia_and_oceania_map.png
600,Developing Asia and Oceania,1981.0,2439.0316225423,1.21885040964481,3972716.661,1.3643075019334823,https://raw.githubusercontent.com/bakered/co2emmisions/main/src_shiny_app/static/asia_and_oceania_map.png
601,Developing Asia and Oceania,1981.2000000000003,2456.35510850029,1.228643640783332,4007162.4758,1.3701594287188086,https://raw.githubusercontent.com/bakered/co2emmisions/main/src_shiny_app/static/asia_and_oceania_map.png
602,Developing Asia and Oceania,1981.4,2473.67859445828,1.238436871921854,4041608.2906,1.3760113555041344,https://raw.githubusercontent.com/bakered/co2emmisions/main/src_shiny_app/static/asia_and_oceania_map.png
603,Developing Asia and Oceania,1981.6000000000001,2491.0020804162696,1.248230103060376,4076054.1054,1.3818632822894605,https://raw.githubusercontent.com/bakered/co2emmisions/main/src_shiny_app/static/asia_and_oceania_map.png
604,Developing Asia and Oceania,1981.8000000000002,2508.32556637426,1.258023334198898,4110499.9201999996,1.3877152090747866,https://raw.githubusercontent.com/bakered/co2emmisions/main/src_shiny_app/static/asia_and_oceania_map.png
605,Developing Asia and Oceania,1982.0,2525.64905233225,1.26781656533742,4144945.735,1.3935671358601127,https://raw.githubusercontent.com/bakered/co2emmisions/main/src_shiny_app/static/asia_and_oceania_map.png
606,Developing Asia and Oceania,1982.0,2525.64905233225,1.26781656533742,4144945.735,1.3935671358601127,https://raw.githubusercontent.com/bakered/co2emmisions/main/src_shiny_app/static/asia_and_oceania_map.png
607,Developing Asia and Oceania,1982.2000000000003,2542.304033660468,1.2755971220245181,4179123.392,1.3992545219966264,https://raw.githubusercontent.com/bakered/co2emmisions/main/src_shiny_app/static/asia_and_oceania_map.png
608,Developing Asia and Oceania,1982.4,2558.9590149886862,1.283377678711616,4213301.049,1.4049419081331398,https://raw.githubusercontent.com/bakered/co2emmisions/main/src_shiny_app/static/asia_and_oceania_map.png
609,Developing Asia and Oceania,1982.6,2575.613996316904,1.291158235398714,4247478.705999999,1.4106292942696534,https://raw.githubusercontent.com/bakered/co2emmisions/main/src_shiny_app/static/asia_and_oceania_map.png
610,Developing Asia and Oceania,1982.8,2592.268977645122,1.298938792085812,4281656.363,1.4163166804061669,https://raw.githubusercontent.com/bakered/co2emmisions/main/src_shiny_app/static/asia_and_oceania_map.png
611,Developing Asia and Oceania,1983.0,2608.92395897334,1.30671934877291,4315834.02,1.4220040665426805,https://raw.githubusercontent.com/bakered/co2emmisions/main/src_shiny_app/static/asia_and_oceania_map.png
612,Developing Asia and Oceania,1983.0,2608.92395897334,1.30671934877291,4315834.02,1.4220040665426805,https://raw.githubusercontent.com/bakered/co2emmisions/main/src_shiny_app/static/asia_and_oceania_map.png
613,Developing Asia and Oceania,1983.2,2631.2704867064085,1.3156004724655002,4351484.889,1.4278178624325073,https://raw.githubusercontent.com/bakered/co2emmisions/main/src_shiny_app/static/asia_and_oceania_map.png
614,Developing Asia and Oceania,1983.4,2653.6170144394764,1.32448159615809,4387135.757999999,1.433631658322334,https://raw.githubusercontent.com/bakered/co2emmisions/main/src_shiny_app/static/asia_and_oceania_map.png
615,Developing Asia and Oceania,1983.6,2675.9635421725443,1.3333627198506801,4422786.627,1.4394454542121609,https://raw.githubusercontent.com/bakered/co2emmisions/main/src_shiny_app/static/asia_and_oceania_map.png
616,Developing Asia and Oceania,1983.8,2698.310069905612,1.3422438435432702,4458437.496,1.4452592501019874,https://raw.githubusercontent.com/bakered/co2emmisions/main/src_shiny_app/static/asia_and_oceania_map.png
617,Developing Asia and Oceania,1984.0,2720.65659763868,1.35112496723586,4494088.365,1.4510730459918142,https://raw.githubusercontent.com/bakered/co2emmisions/main/src_shiny_app/static/asia_and_oceania_map.png
618,Developing Asia and Oceania,1984.0,2720.65659763868,1.35112496723586,4494088.365,1.4510730459918142,https://raw.githubusercontent.com/bakered/co2emmisions/main/src_shiny_app/static/asia_and_oceania_map.png
619,Developing Asia and Oceania,1984.2,2735.7635253574426,1.3681115753524282,4552260.3358000005,1.4603172424698556,https://raw.githubusercontent.com/bakered/co2emmisions/main/src_shiny_app/static/asia_and_oceania_map.png
620,Developing Asia and Oceania,1984.3999999999999,2750.8704530762043,1.385098183468996,4610432.306600001,1.469561438947897,https://raw.githubusercontent.com/bakered/co2emmisions/main/src_shiny_app/static/asia_and_oceania_map.png
621,Developing Asia and Oceania,1984.6,2765.977380794966,1.402084791585564,4668604.2774,1.4788056354259385,https://raw.githubusercontent.com/bakered/co2emmisions/main/src_shiny_app/static/asia_and_oceania_map.png
622,Developing Asia and Oceania,1984.8,2781.084308513728,1.4190713997021318,4726776.2482,1.4880498319039799,https://raw.githubusercontent.com/bakered/co2emmisions/main/src_shiny_app/static/asia_and_oceania_map.png
623,Developing Asia and Oceania,1985.0,2796.19123623249,1.4360580078187,4784948.2190000005,1.4972940283820213,https://raw.githubusercontent.com/bakered/co2emmisions/main/src_shiny_app/static/asia_and_oceania_map.png
624,Developing Asia and Oceania,1985.0,2796.19123623249,1.4360580078187,4784948.2190000005,1.4972940283820213,https://raw.githubusercontent.com/bakered/co2emmisions/main/src_shiny_app/static/asia_and_oceania_map.png
625,Developing Asia and Oceania,1985.2,2808.8228891646204,1.444954564456024,4823567.975400001,1.503276666105007,https://raw.githubusercontent.com/bakered/co2emmisions/main/src_shiny_app/static/asia_and_oceania_map.png
626,Developing Asia and Oceania,1985.4,2821.4545420967497,1.453851121093348,4862187.7318,1.5092593038279927,https://raw.githubusercontent.com/bakered/co2emmisions/main/src_shiny_app/static/asia_and_oceania_map.png
627,Developing Asia and Oceania,1985.6,2834.08619502888,1.462747677730672,4900807.4882000005,1.5152419415509784,https://raw.githubusercontent.com/bakered/co2emmisions/main/src_shiny_app/static/asia_and_oceania_map.png
628,Developing Asia and Oceania,1985.8000000000002,2846.7178479610097,1.471644234367996,4939427.2446,1.521224579273964,https://raw.githubusercontent.com/bakered/co2emmisions/main/src_shiny_app/static/asia_and_oceania_map.png
629,Developing Asia and Oceania,1986.0,2859.34950089314,1.48054079100532,4978047.001,1.5272072169969497,https://raw.githubusercontent.com/bakered/co2emmisions/main/src_shiny_app/static/asia_and_oceania_map.png
630,Developing Asia and Oceania,1986.0,2859.34950089314,1.48054079100532,4978047.001,1.5272072169969497,https://raw.githubusercontent.com/bakered/co2emmisions/main/src_shiny_app/static/asia_and_oceania_map.png
631,Developing Asia and Oceania,1986.2000000000003,2881.238867375962,1.489995286575886,5019823.081,1.533549577762767,https://raw.githubusercontent.com/bakered/co2emmisions/main/src_shiny_app/static/asia_and_oceania_map.png
632,Developing Asia and Oceania,1986.4,2903.128233858784,1.4994497821464523,5061599.161,1.5398919385285843,https://raw.githubusercontent.com/bakered/co2emmisions/main/src_shiny_app/static/asia_and_oceania_map.png
633,Developing Asia and Oceania,1986.6000000000001,2925.017600341606,1.508904277717018,5103375.241,1.5462342992944016,https://raw.githubusercontent.com/bakered/co2emmisions/main/src_shiny_app/static/asia_and_oceania_map.png
634,Developing Asia and Oceania,1986.8000000000002,2946.9069668244274,1.5183587732875843,5145151.321,1.5525766600602189,https://raw.githubusercontent.com/bakered/co2emmisions/main/src_shiny_app/static/asia_and_oceania_map.png
635,Developing Asia and Oceania,1987.0,2968.79633330725,1.52781326885815,5186927.401000001,1.5589190208260362,https://raw.githubusercontent.com/bakered/co2emmisions/main/src_shiny_app/static/asia_and_oceania_map.png
636,Developing Asia and Oceania,1987.0,2968.79633330725,1.52781326885815,5186927.401000001,1.5589190208260362,https://raw.githubusercontent.com/bakered/co2emmisions/main/src_shiny_app/static/asia_and_oceania_map.png
637,Developing Asia and Oceania,1987.2000000000003,2992.058400179592,1.5437033533056344,5247829.472800001,1.5679404909585606,https://raw.githubusercontent.com/bakered/co2emmisions/main/src_shiny_app/static/asia_and_oceania_map.png
638,Developing Asia and Oceania,1987.4,3015.3204670519344,1.559593437753118,5308731.544600001,1.5769619610910848,https://raw.githubusercontent.com/bakered/co2emmisions/main/src_shiny_app/static/asia_and_oceania_map.png
639,Developing Asia and Oceania,1987.6,3038.5825339242756,1.575483522200602,5369633.6164,1.585983431223609,https://raw.githubusercontent.com/bakered/co2emmisions/main/src_shiny_app/static/asia_and_oceania_map.png
640,Developing Asia and Oceania,1987.8,3061.8446007966186,1.591373606648086,5430535.6882,1.5950049013561334,https://raw.githubusercontent.com/bakered/co2emmisions/main/src_shiny_app/static/asia_and_oceania_map.png
641,Developing Asia and Oceania,1988.0,3085.10666766896,1.60726369109557,5491437.76,1.6040263714886576,https://raw.githubusercontent.com/bakered/co2emmisions/main/src_shiny_app/static/asia_and_oceania_map.png
642,Developing Asia and Oceania,1988.0,3085.10666766896,1.60726369109557,5491437.76,1.6040263714886576,https://raw.githubusercontent.com/bakered/co2emmisions/main/src_shiny_app/static/asia_and_oceania_map.png
643,Developing Asia and Oceania,1988.2,3094.3833502138987,1.6108503193338921,5518903.6236,1.6080129343691703,https://raw.githubusercontent.com/bakered/co2emmisions/main/src_shiny_app/static/asia_and_oceania_map.png
644,Developing Asia and Oceania,1988.4,3103.6600327588358,1.614436947572214,5546369.487199999,1.6119994972496827,https://raw.githubusercontent.com/bakered/co2emmisions/main/src_shiny_app/static/asia_and_oceania_map.png
645,Developing Asia and Oceania,1988.6,3112.936715303774,1.618023575810536,5573835.3508,1.6159860601301954,https://raw.githubusercontent.com/bakered/co2emmisions/main/src_shiny_app/static/asia_and_oceania_map.png
646,Developing Asia and Oceania,1988.8,3122.213397848712,1.621610204048858,5601301.214399999,1.619972623010708,https://raw.githubusercontent.com/bakered/co2emmisions/main/src_shiny_app/static/asia_and_oceania_map.png
647,Developing Asia and Oceania,1989.0,3131.49008039365,1.62519683228718,5628767.078,1.6239591858912208,https://raw.githubusercontent.com/bakered/co2emmisions/main/src_shiny_app/static/asia_and_oceania_map.png
648,Developing Asia and Oceania,1989.0,3131.49008039365,1.62519683228718,5628767.078,1.6239591858912208,https://raw.githubusercontent.com/bakered/co2emmisions/main/src_shiny_app/static/asia_and_oceania_map.png
649,Developing Asia and Oceania,1989.2,3142.5283009829764,1.6265008926886042,5650675.7188,1.6271043951281379,https://raw.githubusercontent.com/bakered/co2emmisions/main/src_shiny_app/static/asia_and_oceania_map.png
650,Developing Asia and Oceania,1989.3999999999999,3153.566521572302,1.627804953090028,5672584.3596,1.630249604365055,https://raw.githubusercontent.com/bakered/co2emmisions/main/src_shiny_app/static/asia_and_oceania_map.png
651,Developing Asia and Oceania,1989.6,3164.6047421616277,1.629109013491452,5694493.000399999,1.633394813601972,https://raw.githubusercontent.com/bakered/co2emmisions/main/src_shiny_app/static/asia_and_oceania_map.png
652,Developing Asia and Oceania,1989.8,3175.6429627509538,1.6304130738928762,5716401.6411999995,1.636540022838889,https://raw.githubusercontent.com/bakered/co2emmisions/main/src_shiny_app/static/asia_and_oceania_map.png
653,Developing Asia and Oceania,1990.0,3186.68118334028,1.6317171342943,5738310.282,1.6396852320758062,https://raw.githubusercontent.com/bakered/co2emmisions/main/src_shiny_app/static/asia_and_oceania_map.png
654,Developing Asia and Oceania,1990.0,3186.68118334028,1.6317171342943,5738310.282,1.6396852320758062,https://raw.githubusercontent.com/bakered/co2emmisions/main/src_shiny_app/static/asia_and_oceania_map.png
655,Developing Asia and Oceania,1990.2,3197.5092253277003,1.642512569682984,5786944.083799999,1.6465615375474165,https://raw.githubusercontent.com/bakered/co2emmisions/main/src_shiny_app/static/asia_and_oceania_map.png
656,Developing Asia and Oceania,1990.4,3208.33726731512,1.653308005071668,5835577.885600001,1.6534378430190269,https://raw.githubusercontent.com/bakered/co2emmisions/main/src_shiny_app/static/asia_and_oceania_map.png
657,Developing Asia and Oceania,1990.6,3219.1653093025398,1.664103440460352,5884211.6874,1.6603141484906372,https://raw.githubusercontent.com/bakered/co2emmisions/main/src_shiny_app/static/asia_and_oceania_map.png
658,Developing Asia and Oceania,1990.8000000000002,3229.99335128996,1.674898875849036,5932845.4892,1.6671904539622473,https://raw.githubusercontent.com/bakered/co2emmisions/main/src_shiny_app/static/asia_and_oceania_map.png
659,Developing Asia and Oceania,1991.0,3240.82139327738,1.68569431123772,5981479.291,1.6740667594338576,https://raw.githubusercontent.com/bakered/co2emmisions/main/src_shiny_app/static/asia_and_oceania_map.png
660,Developing Asia and Oceania,1991.0,3240.82139327738,1.68569431123772,5981479.291,1.6740667594338576,https://raw.githubusercontent.com/bakered/co2emmisions/main/src_shiny_app/static/asia_and_oceania_map.png
661,Developing Asia and Oceania,1991.2000000000003,3266.5756517241184,1.698666775474658,6037198.8254,1.681775275090558,https://raw.githubusercontent.com/bakered/co2emmisions/main/src_shiny_app/static/asia_and_oceania_map.png
662,Developing Asia and Oceania,1991.4,3292.3299101708562,1.7116392397115958,6092918.3598,1.6894837907472582,https://raw.githubusercontent.com/bakered/co2emmisions/main/src_shiny_app/static/asia_and_oceania_map.png
663,Developing Asia and Oceania,1991.6000000000001,3318.0841686175945,1.724611703948534,6148637.894200001,1.6971923064039582,https://raw.githubusercontent.com/bakered/co2emmisions/main/src_shiny_app/static/asia_and_oceania_map.png
664,Developing Asia and Oceania,1991.8000000000002,3343.838427064332,1.737584168185472,6204357.4286,1.7049008220606587,https://raw.githubusercontent.com/bakered/co2emmisions/main/src_shiny_app/static/asia_and_oceania_map.png
665,Developing Asia and Oceania,1992.0,3369.59268551107,1.75055663242241,6260076.963,1.7126093377173588,https://raw.githubusercontent.com/bakered/co2emmisions/main/src_shiny_app/static/asia_and_oceania_map.png
666,Developing Asia and Oceania,1992.0,3369.59268551107,1.75055663242241,6260076.963,1.7126093377173588,https://raw.githubusercontent.com/bakered/co2emmisions/main/src_shiny_app/static/asia_and_oceania_map.png
667,Developing Asia and Oceania,1992.2000000000003,3407.00570234856,1.768324751868068,6331912.150400001,1.7222985016096508,https://raw.githubusercontent.com/bakered/co2emmisions/main/src_shiny_app/static/asia_and_oceania_map.png
668,Developing Asia and Oceania,1992.4,3444.41871918605,1.7860928713137258,6403747.3378,1.7319876655019424,https://raw.githubusercontent.com/bakered/co2emmisions/main/src_shiny_app/static/asia_and_oceania_map.png
669,Developing Asia and Oceania,1992.6,3481.83173602354,1.803860990759384,6475582.5252,1.7416768293942342,https://raw.githubusercontent.com/bakered/co2emmisions/main/src_shiny_app/static/asia_and_oceania_map.png
670,Developing Asia and Oceania,1992.8,3519.24475286103,1.821629110205042,6547417.7126,1.7513659932865262,https://raw.githubusercontent.com/bakered/co2emmisions/main/src_shiny_app/static/asia_and_oceania_map.png
671,Developing Asia and Oceania,1993.0,3556.65776969852,1.8393972296507,6619252.9,1.7610551571788178,https://raw.githubusercontent.com/bakered/co2emmisions/main/src_shiny_app/static/asia_and_oceania_map.png
672,Developing Asia and Oceania,1993.0,3556.65776969852,1.8393972296507,6619252.9,1.7610551571788178,https://raw.githubusercontent.com/bakered/co2emmisions/main/src_shiny_app/static/asia_and_oceania_map.png
673,Developing Asia and Oceania,1993.2,3585.030207028898,1.85049423664132,6671546.722,1.7679441819164274,https://raw.githubusercontent.com/bakered/co2emmisions/main/src_shiny_app/static/asia_and_oceania_map.png
674,Developing Asia and Oceania,1993.4,3613.402644359276,1.86159124363194,6723840.544,1.7748332066540367,https://raw.githubusercontent.com/bakered/co2emmisions/main/src_shiny_app/static/asia_and_oceania_map.png
675,Developing Asia and Oceania,1993.6,3641.775081689654,1.87268825062256,6776134.366,1.781722231391646,https://raw.githubusercontent.com/bakered/co2emmisions/main/src_shiny_app/static/asia_and_oceania_map.png
676,Developing Asia and Oceania,1993.8,3670.147519020032,1.88378525761318,6828428.188,1.7886112561292555,https://raw.githubusercontent.com/bakered/co2emmisions/main/src_shiny_app/static/asia_and_oceania_map.png
677,Developing Asia and Oceania,1994.0,3698.51995635041,1.8948822646038,6880722.01,1.7955002808668648,https://raw.githubusercontent.com/bakered/co2emmisions/main/src_shiny_app/static/asia_and_oceania_map.png
678,Developing Asia and Oceania,1994.0,3698.51995635041,1.8948822646038,6880722.01,1.7955002808668648,https://raw.githubusercontent.com/bakered/co2emmisions/main/src_shiny_app/static/asia_and_oceania_map.png
679,Developing Asia and Oceania,1994.2,3739.142528275804,1.9093130724121359,6944721.3666,1.80375559444107,https://raw.githubusercontent.com/bakered/co2emmisions/main/src_shiny_app/static/asia_and_oceania_map.png
680,Developing Asia and Oceania,1994.3999999999999,3779.765100201198,1.923743880220472,7008720.7232,1.8120109080152749,https://raw.githubusercontent.com/bakered/co2emmisions/main/src_shiny_app/static/asia_and_oceania_map.png
681,Developing Asia and Oceania,1994.6,3820.387672126592,1.938174688028808,7072720.0798,1.8202662215894798,https://raw.githubusercontent.com/bakered/co2emmisions/main/src_shiny_app/static/asia_and_oceania_map.png
682,Developing Asia and Oceania,1994.8,3861.010244051986,1.952605495837144,7136719.4364,1.8285215351636845,https://raw.githubusercontent.com/bakered/co2emmisions/main/src_shiny_app/static/asia_and_oceania_map.png
683,Developing Asia and Oceania,1995.0,3901.63281597738,1.96703630364548,7200718.793,1.8367768487378895,https://raw.githubusercontent.com/bakered/co2emmisions/main/src_shiny_app/static/asia_and_oceania_map.png
684,Developing Asia and Oceania,1995.0,3901.63281597738,1.96703630364548,7200718.793,1.8367768487378895,https://raw.githubusercontent.com/bakered/co2emmisions/main/src_shiny_app/static/asia_and_oceania_map.png
685,Developing Asia and Oceania,1995.2,3943.8775166876317,1.9789935438262543,7258502.8294,1.8440742153276974,https://raw.githubusercontent.com/bakered/co2emmisions/main/src_shiny_app/static/asia_and_oceania_map.png
686,Developing Asia and Oceania,1995.4,3986.122217397884,1.990950784007028,7316286.8658,1.8513715819175052,https://raw.githubusercontent.com/bakered/co2emmisions/main/src_shiny_app/static/asia_and_oceania_map.png
687,Developing Asia and Oceania,1995.6,4028.3669181081355,2.002908024187802,7374070.9022,1.858668948507313,https://raw.githubusercontent.com/bakered/co2emmisions/main/src_shiny_app/static/asia_and_oceania_map.png
688,Developing Asia and Oceania,1995.8000000000002,4070.611618818388,2.0148652643685763,7431854.938599999,1.8659663150971206,https://raw.githubusercontent.com/bakered/co2emmisions/main/src_shiny_app/static/asia_and_oceania_map.png
689,Developing Asia and Oceania,1996.0,4112.85631952864,2.02682250454935,7489638.975,1.8732636816869286,https://raw.githubusercontent.com/bakered/co2emmisions/main/src_shiny_app/static/asia_and_oceania_map.png
690,Developing Asia and Oceania,1996.0,4112.85631952864,2.02682250454935,7489638.975,1.8732636816869286,https://raw.githubusercontent.com/bakered/co2emmisions/main/src_shiny_app/static/asia_and_oceania_map.png
691,Developing Asia and Oceania,1996.2000000000003,4134.4026024863415,2.0253986407402462,7504748.0928,1.8751484419333502,https://raw.githubusercontent.com/bakered/co2emmisions/main/src_shiny_app/static/asia_and_oceania_map.png
692,Developing Asia and Oceania,1996.4,4155.948885444043,2.023974776931142,7519857.2106,1.8770332021797715,https://raw.githubusercontent.com/bakered/co2emmisions/main/src_shiny_app/static/asia_and_oceania_map.png
693,Developing Asia and Oceania,1996.6000000000001,4177.495168401746,2.022550913122038,7534966.3284,1.878917962426193,https://raw.githubusercontent.com/bakered/co2emmisions/main/src_shiny_app/static/asia_and_oceania_map.png
694,Developing Asia and Oceania,1996.8000000000002,4199.041451359448,2.021127049312934,7550075.4462,1.8808027226726145,https://raw.githubusercontent.com/bakered/co2emmisions/main/src_shiny_app/static/asia_and_oceania_map.png
695,Developing Asia and Oceania,1997.0,4220.58773431715,2.01970318550383,7565184.564,1.8826874829190359,https://raw.githubusercontent.com/bakered/co2emmisions/main/src_shiny_app/static/asia_and_oceania_map.png
696,Developing Asia and Oceania,1997.0,4220.58773431715,2.01970318550383,7565184.564,1.8826874829190359,https://raw.githubusercontent.com/bakered/co2emmisions/main/src_shiny_app/static/asia_and_oceania_map.png
697,Developing Asia and Oceania,1997.2000000000003,4215.99541905683,2.005190536043416,7536435.9068,1.8790931020028063,https://raw.githubusercontent.com/bakered/co2emmisions/main/src_shiny_app/static/asia_and_oceania_map.png
698,Developing Asia and Oceania,1997.4,4211.40310379651,1.990677886583002,7507687.249600001,1.8754987210865763,https://raw.githubusercontent.com/bakered/co2emmisions/main/src_shiny_app/static/asia_and_oceania_map.png
699,Developing Asia and Oceania,1997.6,4206.81078853619,1.976165237122588,7478938.5923999995,1.8719043401703466,https://raw.githubusercontent.com/bakered/co2emmisions/main/src_shiny_app/static/asia_and_oceania_map.png
700,Developing Asia and Oceania,1997.8,4202.21847327587,1.961652587662174,7450189.9352,1.8683099592541168,https://raw.githubusercontent.com/bakered/co2emmisions/main/src_shiny_app/static/asia_and_oceania_map.png
701,Developing Asia and Oceania,1998.0,4197.62615801555,1.94713993820176,7421441.278,1.864715578337887,https://raw.githubusercontent.com/bakered/co2emmisions/main/src_shiny_app/static/asia_and_oceania_map.png
702,Developing Asia and Oceania,1998.0,4197.62615801555,1.94713993820176,7421441.278,1.864715578337887,https://raw.githubusercontent.com/bakered/co2emmisions/main/src_shiny_app/static/asia_and_oceania_map.png
703,Developing Asia and Oceania,1998.2,4219.234964462598,1.965678986876394,7501400.699200001,1.874629142234794,https://raw.githubusercontent.com/bakered/co2emmisions/main/src_shiny_app/static/asia_and_oceania_map.png
704,Developing Asia and Oceania,1998.4,4240.843770909646,1.984218035551028,7581360.120399999,1.8845427061317008,https://raw.githubusercontent.com/bakered/co2emmisions/main/src_shiny_app/static/asia_and_oceania_map.png
705,Developing Asia and Oceania,1998.6,4262.452577356694,2.002757084225662,7661319.5416,1.8944562700286076,https://raw.githubusercontent.com/bakered/co2emmisions/main/src_shiny_app/static/asia_and_oceania_map.png
706,Developing Asia and Oceania,1998.8,4284.0613838037425,2.0212961329002956,7741278.9628,1.9043698339255146,https://raw.githubusercontent.com/bakered/co2emmisions/main/src_shiny_app/static/asia_and_oceania_map.png
707,Developing Asia and Oceania,1999.0,4305.67019025079,2.03983518157493,7821238.384,1.9142833978224214,https://raw.githubusercontent.com/bakered/co2emmisions/main/src_shiny_app/static/asia_and_oceania_map.png
708,Developing Asia and Oceania,1999.0,4305.67019025079,2.03983518157493,7821238.384,1.9142833978224214,https://raw.githubusercontent.com/bakered/co2emmisions/main/src_shiny_app/static/asia_and_oceania_map.png
709,Developing Asia and Oceania,1999.2,4347.163361254273,2.0508844545883758,7877637.807,1.9211242879250139,https://raw.githubusercontent.com/bakered/co2emmisions/main/src_shiny_app/static/asia_and_oceania_map.png
710,Developing Asia and Oceania,1999.3999999999999,4388.656532257754,2.061933727601822,7934037.2299999995,1.9279651780276057,https://raw.githubusercontent.com/bakered/co2emmisions/main/src_shiny_app/static/asia_and_oceania_map.png
711,Developing Asia and Oceania,1999.6,4430.149703261236,2.0729830006152676,7990436.653,1.934806068130198,https://raw.githubusercontent.com/bakered/co2emmisions/main/src_shiny_app/static/asia_and_oceania_map.png
712,Developing Asia and Oceania,1999.8,4471.642874264719,2.084032273628714,8046836.075999999,1.94164695823279,https://raw.githubusercontent.com/bakered/co2emmisions/main/src_shiny_app/static/asia_and_oceania_map.png
713,Developing Asia and Oceania,2000.0,4513.1360452682,2.09508154664216,8103235.499,1.9484878483353822,https://raw.githubusercontent.com/bakered/co2emmisions/main/src_shiny_app/static/asia_and_oceania_map.png
714,Developing Asia and Oceania,2000.0,4513.1360452682,2.09508154664216,8103235.499,1.9484878483353822,https://raw.githubusercontent.com/bakered/co2emmisions/main/src_shiny_app/static/asia_and_oceania_map.png
715,Developing Asia and Oceania,2000.2,4543.519248942164,2.0995924714152263,8138051.4836,1.9526514966011597,https://raw.githubusercontent.com/bakered/co2emmisions/main/src_shiny_app/static/asia_and_oceania_map.png
716,Developing Asia and Oceania,2000.4,4573.902452616128,2.104103396188292,8172867.4682,1.9568151448669369,https://raw.githubusercontent.com/bakered/co2emmisions/main/src_shiny_app/static/asia_and_oceania_map.png
717,Developing Asia and Oceania,2000.6,4604.2856562900915,2.108614320961358,8207683.4528,1.960978793132714,https://raw.githubusercontent.com/bakered/co2emmisions/main/src_shiny_app/static/asia_and_oceania_map.png
718,Developing Asia and Oceania,2000.8000000000002,4634.668859964056,2.113125245734424,8242499.4374,1.9651424413984913,https://raw.githubusercontent.com/bakered/co2emmisions/main/src_shiny_app/static/asia_and_oceania_map.png
719,Developing Asia and Oceania,2001.0,4665.05206363802,2.11763617050749,8277315.422,1.9693060896642685,https://raw.githubusercontent.com/bakered/co2emmisions/main/src_shiny_app/static/asia_and_oceania_map.png
720,Developing Asia and Oceania,2001.0,4665.05206363802,2.11763617050749,8277315.422,1.9693060896642685,https://raw.githubusercontent.com/bakered/co2emmisions/main/src_shiny_app/static/asia_and_oceania_map.png
721,Developing Asia and Oceania,2001.2000000000003,4709.8510847684465,2.140082005334006,8374232.8978,1.9806712261693868,https://raw.githubusercontent.com/bakered/co2emmisions/main/src_shiny_app/static/asia_and_oceania_map.png
722,Developing Asia and Oceania,2001.4,4754.6501058988715,2.162527840160522,8471150.3736,1.9920363626745052,https://raw.githubusercontent.com/bakered/co2emmisions/main/src_shiny_app/static/asia_and_oceania_map.png
723,Developing Asia and Oceania,2001.6000000000001,4799.449127029298,2.184973674987038,8568067.849399999,2.003401499179623,https://raw.githubusercontent.com/bakered/co2emmisions/main/src_shiny_app/static/asia_and_oceania_map.png
724,Developing Asia and Oceania,2001.8000000000002,4844.248148159724,2.207419509813554,8664985.325199999,2.0147666356847416,https://raw.githubusercontent.com/bakered/co2emmisions/main/src_shiny_app/static/asia_and_oceania_map.png
725,Developing Asia and Oceania,2002.0,4889.04716929015,2.22986534464007,8761902.800999999,2.02613177218986,https://raw.githubusercontent.com/bakered/co2emmisions/main/src_shiny_app/static/asia_and_oceania_map.png
726,Developing Asia and Oceania,2002.0,4889.04716929015,2.22986534464007,8761902.800999999,2.02613177218986,https://raw.githubusercontent.com/bakered/co2emmisions/main/src_shiny_app/static/asia_and_oceania_map.png
727,Developing Asia and Oceania,2002.2000000000003,4945.603007882122,2.2777751229128103,8950114.5272,2.0473382349817584,https://raw.githubusercontent.com/bakered/co2emmisions/main/src_shiny_app/static/asia_and_oceania_map.png
728,Developing Asia and Oceania,2002.4,5002.158846474094,2.32568490118555,9138326.2534,2.068544697773657,https://raw.githubusercontent.com/bakered/co2emmisions/main/src_shiny_app/static/asia_and_oceania_map.png
729,Developing Asia and Oceania,2002.6,5058.714685066066,2.37359467945829,9326537.9796,2.0897511605655548,https://raw.githubusercontent.com/bakered/co2emmisions/main/src_shiny_app/static/asia_and_oceania_map.png
730,Developing Asia and Oceania,2002.8,5115.270523658038,2.4215044577310296,9514749.7058,2.110957623357453,https://raw.githubusercontent.com/bakered/co2emmisions/main/src_shiny_app/static/asia_and_oceania_map.png
731,Developing Asia and Oceania,2003.0,5171.82636225001,2.46941423600377,9702961.432,2.1321640861493516,https://raw.githubusercontent.com/bakered/co2emmisions/main/src_shiny_app/static/asia_and_oceania_map.png
732,Developing Asia and Oceania,2003.0,5171.82636225001,2.46941423600377,9702961.432,2.1321640861493516,https://raw.githubusercontent.com/bakered/co2emmisions/main/src_shiny_app/static/asia_and_oceania_map.png
733,Developing Asia and Oceania,2003.2,5245.4202426826705,2.499136172594922,9830472.637600001,2.1459511003097633,https://raw.githubusercontent.com/bakered/co2emmisions/main/src_shiny_app/static/asia_and_oceania_map.png
734,Developing Asia and Oceania,2003.4,5319.01412311533,2.528858109186074,9957983.8432,2.159738114470174,https://raw.githubusercontent.com/bakered/co2emmisions/main/src_shiny_app/static/asia_and_oceania_map.png
735,Developing Asia and Oceania,2003.6,5392.60800354799,2.5585800457772256,10085495.0488,2.1735251286305854,https://raw.githubusercontent.com/bakered/co2emmisions/main/src_shiny_app/static/asia_and_oceania_map.png
736,Developing Asia and Oceania,2003.8,5466.20188398065,2.5883019823683777,10213006.2544,2.1873121427909967,https://raw.githubusercontent.com/bakered/co2emmisions/main/src_shiny_app/static/asia_and_oceania_map.png
737,Developing Asia and Oceania,2004.0,5539.79576441331,2.61802391895953,10340517.46,2.201099156951408,https://raw.githubusercontent.com/bakered/co2emmisions/main/src_shiny_app/static/asia_and_oceania_map.png
738,Developing Asia and Oceania,2004.0,5539.79576441331,2.61802391895953,10340517.46,2.201099156951408,https://raw.githubusercontent.com/bakered/co2emmisions/main/src_shiny_app/static/asia_and_oceania_map.png
739,Developing Asia and Oceania,2004.2,5619.260137170892,2.65777666807427,10506455.308000002,2.2184193297306813,https://raw.githubusercontent.com/bakered/co2emmisions/main/src_shiny_app/static/asia_and_oceania_map.png
740,Developing Asia and Oceania,2004.3999999999999,5698.724509928475,2.69752941718901,10672393.156,2.2357395025099542,https://raw.githubusercontent.com/bakered/co2emmisions/main/src_shiny_app/static/asia_and_oceania_map.png
741,Developing Asia and Oceania,2004.6,5778.188882686056,2.73728216630375,10838331.004,2.2530596752892276,https://raw.githubusercontent.com/bakered/co2emmisions/main/src_shiny_app/static/asia_and_oceania_map.png
742,Developing Asia and Oceania,2004.8,5857.653255443638,2.77703491541849,11004268.851999998,2.2703798480685005,https://raw.githubusercontent.com/bakered/co2emmisions/main/src_shiny_app/static/asia_and_oceania_map.png
743,Developing Asia and Oceania,2005.0,5937.11762820122,2.81678766453323,11170206.7,2.2877000208477734,https://raw.githubusercontent.com/bakered/co2emmisions/main/src_shiny_app/static/asia_and_oceania_map.png
744,Developing Asia and Oceania,2005.0,5937.11762820122,2.81678766453323,11170206.7,2.2877000208477734,https://raw.githubusercontent.com/bakered/co2emmisions/main/src_shiny_app/static/asia_and_oceania_map.png
745,Developing Asia and Oceania,2005.2,6029.232981788236,2.855997144217108,11337182.6634,2.304490585395855,https://raw.githubusercontent.com/bakered/co2emmisions/main/src_shiny_app/static/asia_and_oceania_map.png
746,Developing Asia and Oceania,2005.4,6121.348335375253,2.895206623900986,11504158.6268,2.3212811499439363,https://raw.githubusercontent.com/bakered/co2emmisions/main/src_shiny_app/static/asia_and_oceania_map.png
747,Developing Asia and Oceania,2005.6,6213.463688962269,2.934416103584864,11671134.5902,2.3380717144920173,https://raw.githubusercontent.com/bakered/co2emmisions/main/src_shiny_app/static/asia_and_oceania_map.png
748,Developing Asia and Oceania,2005.8000000000002,6305.579042549284,2.973625583268742,11838110.5536,2.354862279040099,https://raw.githubusercontent.com/bakered/co2emmisions/main/src_shiny_app/static/asia_and_oceania_map.png
749,Developing Asia and Oceania,2006.0,6397.6943961363,3.01283506295262,12005086.517,2.3716528435881803,https://raw.githubusercontent.com/bakered/co2emmisions/main/src_shiny_app/static/asia_and_oceania_map.png
750,Developing Asia and Oceania,2006.0,6397.6943961363,3.01283506295262,12005086.517,2.3716528435881803,https://raw.githubusercontent.com/bakered/co2emmisions/main/src_shiny_app/static/asia_and_oceania_map.png
751,Developing Asia and Oceania,2006.2000000000003,6490.2276912917505,3.0424584337354283,12139835.477200001,2.3847812588586703,https://raw.githubusercontent.com/bakered/co2emmisions/main/src_shiny_app/static/asia_and_oceania_map.png
752,Developing Asia and Oceania,2006.4,6582.7609864472,3.072081804518236,12274584.437400002,2.39790967412916,https://raw.githubusercontent.com/bakered/co2emmisions/main/src_shiny_app/static/asia_and_oceania_map.png
753,Developing Asia and Oceania,2006.6000000000001,6675.29428160265,3.101705175301044,12409333.397599999,2.41103808939965,https://raw.githubusercontent.com/bakered/co2emmisions/main/src_shiny_app/static/asia_and_oceania_map.png
754,Developing Asia and Oceania,2006.8000000000002,6767.8275767581,3.1313285460838522,12544082.3578,2.4241665046701395,https://raw.githubusercontent.com/bakered/co2emmisions/main/src_shiny_app/static/asia_and_oceania_map.png
755,Developing Asia and Oceania,2007.0,6860.36087191355,3.16095191686666,12678831.318,2.4372949199406295,https://raw.githubusercontent.com/bakered/co2emmisions/main/src_shiny_app/static/asia_and_oceania_map.png
756,Developing Asia and Oceania,2007.0,6860.36087191355,3.16095191686666,12678831.318,2.4372949199406295,https://raw.githubusercontent.com/bakered/co2emmisions/main/src_shiny_app/static/asia_and_oceania_map.png
757,Developing Asia and Oceania,2007.2000000000003,6917.468321427192,3.1945891049478483,12831341.716000002,2.4517396968906713,https://raw.githubusercontent.com/bakered/co2emmisions/main/src_shiny_app/static/asia_and_oceania_map.png
758,Developing Asia and Oceania,2007.4,6974.5757709408335,3.228226293029036,12983852.114,2.4661844738407126,https://raw.githubusercontent.com/bakered/co2emmisions/main/src_shiny_app/static/asia_and_oceania_map.png
759,Developing Asia and Oceania,2007.6,7031.683220454475,3.261863481110224,13136362.512,2.4806292507907544,https://raw.githubusercontent.com/bakered/co2emmisions/main/src_shiny_app/static/asia_and_oceania_map.png
760,Developing Asia and Oceania,2007.8,7088.790669968118,3.2955006691914117,13288872.91,2.4950740277407957,https://raw.githubusercontent.com/bakered/co2emmisions/main/src_shiny_app/static/asia_and_oceania_map.png
761,Developing Asia and Oceania,2008.0,7145.89811948176,3.3291378572726,13441383.308,2.5095188046908374,https://raw.githubusercontent.com/bakered/co2emmisions/main/src_shiny_app/static/asia_and_oceania_map.png
762,Developing Asia and Oceania,2008.0,7145.89811948176,3.3291378572726,13441383.308,2.5095188046908374,https://raw.githubusercontent.com/bakered/co2emmisions/main/src_shiny_app/static/asia_and_oceania_map.png
763,Developing Asia and Oceania,2008.2,7205.4534794114425,3.3546545833012837,13565551.571200002,2.5209791291295147,https://raw.githubusercontent.com/bakered/co2emmisions/main/src_shiny_app/static/asia_and_oceania_map.png
764,Developing Asia and Oceania,2008.4,7265.008839341124,3.3801713093299677,13689719.8344,2.532439453568192,https://raw.githubusercontent.com/bakered/co2emmisions/main/src_shiny_app/static/asia_and_oceania_map.png
765,Developing Asia and Oceania,2008.6,7324.564199270806,3.4056880353586516,13813888.0976,2.5438997780068693,https://raw.githubusercontent.com/bakered/co2emmisions/main/src_shiny_app/static/asia_and_oceania_map.png
766,Developing Asia and Oceania,2008.8,7384.119559200488,3.431204761387336,13938056.3608,2.5553601024455466,https://raw.githubusercontent.com/bakered/co2emmisions/main/src_shiny_app/static/asia_and_oceania_map.png
767,Developing Asia and Oceania,2009.0,7443.67491913017,3.45672148741602,14062224.624,2.5668204268842243,https://raw.githubusercontent.com/bakered/co2emmisions/main/src_shiny_app/static/asia_and_oceania_map.png
768,Developing Asia and Oceania,2009.0,7443.67491913017,3.45672148741602,14062224.624,2.5668204268842243,https://raw.githubusercontent.com/bakered/co2emmisions/main/src_shiny_app/static/asia_and_oceania_map.png
769,Developing Asia and Oceania,2009.2,7560.941104472318,3.502635592063516,14265971.729600001,2.5850906050287277,https://raw.githubusercontent.com/bakered/co2emmisions/main/src_shiny_app/static/asia_and_oceania_map.png
770,Developing Asia and Oceania,2009.3999999999999,7678.207289814466,3.548549696711012,14469718.8352,2.6033607831732306,https://raw.githubusercontent.com/bakered/co2emmisions/main/src_shiny_app/static/asia_and_oceania_map.png
771,Developing Asia and Oceania,2009.6,7795.473475156614,3.594463801358508,14673465.9408,2.6216309613177344,https://raw.githubusercontent.com/bakered/co2emmisions/main/src_shiny_app/static/asia_and_oceania_map.png
772,Developing Asia and Oceania,2009.8,7912.739660498762,3.640377906006004,14877213.046400001,2.6399011394622374,https://raw.githubusercontent.com/bakered/co2emmisions/main/src_shiny_app/static/asia_and_oceania_map.png
773,Developing Asia and Oceania,2010.0,8030.00584584091,3.6862920106535,15080960.152,2.6581713176067407,https://raw.githubusercontent.com/bakered/co2emmisions/main/src_shiny_app/static/asia_and_oceania_map.png
774,Developing Asia and Oceania,2010.0,8030.00584584091,3.6862920106535,15080960.152,2.6581713176067407,https://raw.githubusercontent.com/bakered/co2emmisions/main/src_shiny_app/static/asia_and_oceania_map.png
775,Developing Asia and Oceania,2010.2,8120.4238702809125,3.73775343255478,15311282.369600002,2.67809624487509,https://raw.githubusercontent.com/bakered/co2emmisions/main/src_shiny_app/static/asia_and_oceania_map.png
776,Developing Asia and Oceania,2010.4,8210.841894720914,3.78921485445606,15541604.5872,2.698021172143439,https://raw.githubusercontent.com/bakered/co2emmisions/main/src_shiny_app/static/asia_and_oceania_map.png
777,Developing Asia and Oceania,2010.6,8301.259919160915,3.84067627635734,15771926.8048,2.7179460994117877,https://raw.githubusercontent.com/bakered/co2emmisions/main/src_shiny_app/static/asia_and_oceania_map.png
778,Developing Asia and Oceania,2010.8000000000002,8391.677943600918,3.89213769825862,16002249.0224,2.7378710266801374,https://raw.githubusercontent.com/bakered/co2emmisions/main/src_shiny_app/static/asia_and_oceania_map.png
779,Developing Asia and Oceania,2011.0,8482.09596804092,3.9435991201599,16232571.24,2.757795953948486,https://raw.githubusercontent.com/bakered/co2emmisions/main/src_shiny_app/static/asia_and_oceania_map.png
780,Developing Asia and Oceania,2011.0,8482.09596804092,3.9435991201599,16232571.24,2.757795953948486,https://raw.githubusercontent.com/bakered/co2emmisions/main/src_shiny_app/static/asia_and_oceania_map.png
781,Developing Asia and Oceania,2011.2000000000003,8569.729895692857,3.9664640816525822,16356928.609800002,2.7682603927863587,https://raw.githubusercontent.com/bakered/co2emmisions/main/src_shiny_app/static/asia_and_oceania_map.png
782,Developing Asia and Oceania,2011.4,8657.363823344793,3.989329043145264,16481285.979600001,2.7787248316242312,https://raw.githubusercontent.com/bakered/co2emmisions/main/src_shiny_app/static/asia_and_oceania_map.png
783,Developing Asia and Oceania,2011.6000000000001,8744.997750996728,4.012194004637946,16605643.349400003,2.7891892704621037,https://raw.githubusercontent.com/bakered/co2emmisions/main/src_shiny_app/static/asia_and_oceania_map.png
784,Developing Asia and Oceania,2011.8000000000002,8832.631678648664,4.035058966130628,16730000.719200002,2.7996537092999763,https://raw.githubusercontent.com/bakered/co2emmisions/main/src_shiny_app/static/asia_and_oceania_map.png
785,Developing Asia and Oceania,2012.0,8920.2656063006,4.05792392762331,16854358.089,2.8101181481378488,https://raw.githubusercontent.com/bakered/co2emmisions/main/src_shiny_app/static/asia_and_oceania_map.png
786,Developing Asia and Oceania,2012.0,8920.2656063006,4.05792392762331,16854358.089,2.8101181481378488,https://raw.githubusercontent.com/bakered/co2emmisions/main/src_shiny_app/static/asia_and_oceania_map.png
787,Developing Asia and Oceania,2012.2000000000003,9009.932902996896,4.06233874788428,16906877.930600002,2.8144795282947555,https://raw.githubusercontent.com/bakered/co2emmisions/main/src_shiny_app/static/asia_and_oceania_map.png
788,Developing Asia and Oceania,2012.4,9099.600199693192,4.06675356814525,16959397.772200003,2.8188409084516612,https://raw.githubusercontent.com/bakered/co2emmisions/main/src_shiny_app/static/asia_and_oceania_map.png
789,Developing Asia and Oceania,2012.6,9189.267496389488,4.07116838840622,17011917.6138,2.8232022886085675,https://raw.githubusercontent.com/bakered/co2emmisions/main/src_shiny_app/static/asia_and_oceania_map.png
790,Developing Asia and Oceania,2012.8,9278.934793085784,4.07558320866719,17064437.4554,2.827563668765474,https://raw.githubusercontent.com/bakered/co2emmisions/main/src_shiny_app/static/asia_and_oceania_map.png
791,Developing Asia and Oceania,2013.0,9368.60208978208,4.07999802892816,17116957.297,2.8319250489223804,https://raw.githubusercontent.com/bakered/co2emmisions/main/src_shiny_app/static/asia_and_oceania_map.png
792,Developing Asia and Oceania,2013.0,9368.60208978208,4.07999802892816,17116957.297,2.8319250489223804,https://raw.githubusercontent.com/bakered/co2emmisions/main/src_shiny_app/static/asia_and_oceania_map.png
793,Developing Asia and Oceania,2013.2,9462.727538358788,4.085720566778262,17175948.2276,2.83678410044536,https://raw.githubusercontent.com/bakered/co2emmisions/main/src_shiny_app/static/asia_and_oceania_map.png
794,Developing Asia and Oceania,2013.4,9556.852986935497,4.091443104628365,17234939.1582,2.8416431519683383,https://raw.githubusercontent.com/bakered/co2emmisions/main/src_shiny_app/static/asia_and_oceania_map.png
795,Developing Asia and Oceania,2013.6,9650.978435512203,4.0971656424784655,17293930.0888,2.846502203491317,https://raw.githubusercontent.com/bakered/co2emmisions/main/src_shiny_app/static/asia_and_oceania_map.png
796,Developing Asia and Oceania,2013.8,9745.103884088912,4.102888180328568,17352921.0194,2.851361255014296,https://raw.githubusercontent.com/bakered/co2emmisions/main/src_shiny_app/static/asia_and_oceania_map.png
797,Developing Asia and Oceania,2014.0,9839.22933266562,4.10861071817867,17411911.95,2.856220306537275,https://raw.githubusercontent.com/bakered/co2emmisions/main/src_shiny_app/static/asia_and_oceania_map.png
798,Developing Asia and Oceania,2014.0,9839.22933266562,4.10861071817867,17411911.95,2.856220306537275,https://raw.githubusercontent.com/bakered/co2emmisions/main/src_shiny_app/static/asia_and_oceania_map.png
799,Developing Asia and Oceania,2014.2,9936.747834432377,4.108343756311912,17444329.369400002,2.8588729964440933,https://raw.githubusercontent.com/bakered/co2emmisions/main/src_shiny_app/static/asia_and_oceania_map.png
800,Developing Asia and Oceania,2014.3999999999999,10034.266336199133,4.108076794445154,17476746.7888,2.8615256863509115,https://raw.githubusercontent.com/bakered/co2emmisions/main/src_shiny_app/static/asia_and_oceania_map.png
801,Developing Asia and Oceania,2014.6,10131.784837965888,4.107809832578396,17509164.2082,2.8641783762577298,https://raw.githubusercontent.com/bakered/co2emmisions/main/src_shiny_app/static/asia_and_oceania_map.png
802,Developing Asia and Oceania,2014.8,10229.303339732645,4.107542870711638,17541581.6276,2.8668310661645475,https://raw.githubusercontent.com/bakered/co2emmisions/main/src_shiny_app/static/asia_and_oceania_map.png
803,Developing Asia and Oceania,2015.0,10326.8218414994,4.10727590884488,17573999.047,2.8694837560713657,https://raw.githubusercontent.com/bakered/co2emmisions/main/src_shiny_app/static/asia_and_oceania_map.png
804,Developing Asia and Oceania,2015.0,10326.8218414994,4.10727590884488,17573999.047,2.8694837560713657,https://raw.githubusercontent.com/bakered/co2emmisions/main/src_shiny_app/static/asia_and_oceania_map.png
805,Developing Asia and Oceania,2015.2,10436.461570794141,4.106947509010276,17607151.350199997,2.8721839589574136,https://raw.githubusercontent.com/bakered/co2emmisions/main/src_shiny_app/static/asia_and_oceania_map.png
806,Developing Asia and Oceania,2015.4,10546.101300088882,4.106619109175671,17640303.6534,2.874884161843461,https://raw.githubusercontent.com/bakered/co2emmisions/main/src_shiny_app/static/asia_and_oceania_map.png
807,Developing Asia and Oceania,2015.6,10655.741029383622,4.106290709341068,17673455.9566,2.8775843647295085,https://raw.githubusercontent.com/bakered/co2emmisions/main/src_shiny_app/static/asia_and_oceania_map.png
808,Developing Asia and Oceania,2015.8000000000002,10765.38075867836,4.105962309506464,17706608.259800002,2.880284567615556,https://raw.githubusercontent.com/bakered/co2emmisions/main/src_shiny_app/static/asia_and_oceania_map.png
809,Developing Asia and Oceania,2016.0,10875.0204879731,4.10563390967186,17739760.563,2.8829847705016034,https://raw.githubusercontent.com/bakered/co2emmisions/main/src_shiny_app/static/asia_and_oceania_map.png
810,Developing Asia and Oceania,2016.0,10875.0204879731,4.10563390967186,17739760.563,2.8829847705016034,https://raw.githubusercontent.com/bakered/co2emmisions/main/src_shiny_app/static/asia_and_oceania_map.png
811,Developing Asia and Oceania,2016.2000000000003,10978.523367116122,4.1211108453647896,17836560.580000002,2.8907975872253897,https://raw.githubusercontent.com/bakered/co2emmisions/main/src_shiny_app/static/asia_and_oceania_map.png
812,Developing Asia and Oceania,2016.4,11082.026246259142,4.13658778105772,17933360.597,2.8986104039491756,https://raw.githubusercontent.com/bakered/co2emmisions/main/src_shiny_app/static/asia_and_oceania_map.png
813,Developing Asia and Oceania,2016.6000000000001,11185.529125402161,4.152064716750649,18030160.614,2.906423220672962,https://raw.githubusercontent.com/bakered/co2emmisions/main/src_shiny_app/static/asia_and_oceania_map.png
814,Developing Asia and Oceania,2016.8000000000002,11289.03200454518,4.16754165244358,18126960.630999997,2.9142360373967477,https://raw.githubusercontent.com/bakered/co2emmisions/main/src_shiny_app/static/asia_and_oceania_map.png
815,Developing Asia and Oceania,2017.0,11392.5348836882,4.18301858813651,18223760.648,2.922048854120534,https://raw.githubusercontent.com/bakered/co2emmisions/main/src_shiny_app/static/asia_and_oceania_map.png
816,Developing Asia and Oceania,2017.0,11392.5348836882,4.18301858813651,18223760.648,2.922048854120534,https://raw.githubusercontent.com/bakered/co2emmisions/main/src_shiny_app/static/asia_and_oceania_map.png
817,Developing Asia and Oceania,2017.2000000000003,11502.339364537982,4.206319252978686,18352162.3246,2.9322538955574844,https://raw.githubusercontent.com/bakered/co2emmisions/main/src_shiny_app/static/asia_and_oceania_map.png
818,Developing Asia and Oceania,2017.4,11612.14384538776,4.229619917820862,18480564.001199998,2.9424589369944343,https://raw.githubusercontent.com/bakered/co2emmisions/main/src_shiny_app/static/asia_and_oceania_map.png
819,Developing Asia and Oceania,2017.6,11721.94832623754,4.252920582663037,18608965.6778,2.9526639784313846,https://raw.githubusercontent.com/bakered/co2emmisions/main/src_shiny_app/static/asia_and_oceania_map.png
820,Developing Asia and Oceania,2017.8,11831.75280708732,4.276221247505214,18737367.354399998,2.9628690198683345,https://raw.githubusercontent.com/bakered/co2emmisions/main/src_shiny_app/static/asia_and_oceania_map.png
821,Developing Asia and Oceania,2018.0,11941.5572879371,4.29952191234739,18865769.031,2.973074061305285,https://raw.githubusercontent.com/bakered/co2emmisions/main/src_shiny_app/static/asia_and_oceania_map.png
822,Developing Asia and Oceania,2018.0,11941.5572879371,4.29952191234739,18865769.031,2.973074061305285,https://raw.githubusercontent.com/bakered/co2emmisions/main/src_shiny_app/static/asia_and_oceania_map.png
823,Developing Asia and Oceania,2018.2,12027.19299114102,4.3211629284590165,18988378.893799998,2.982657927095107,https://raw.githubusercontent.com/bakered/co2emmisions/main/src_shiny_app/static/asia_and_oceania_map.png
824,Developing Asia and Oceania,2018.4,12112.828694344938,4.342803944570642,19110988.7566,2.992241792884929,https://raw.githubusercontent.com/bakered/co2emmisions/main/src_shiny_app/static/asia_and_oceania_map.png
825,Developing Asia and Oceania,2018.6,12198.464397548862,4.364444960682269,19233598.6194,3.001825658674751,https://raw.githubusercontent.com/bakered/co2emmisions/main/src_shiny_app/static/asia_and_oceania_map.png
826,Developing Asia and Oceania,2018.8,12284.10010075278,4.386085976793894,19356208.482199997,3.0114095244645736,https://raw.githubusercontent.com/bakered/co2emmisions/main/src_shiny_app/static/asia_and_oceania_map.png
827,Developing Asia and Oceania,2019.0,12369.7358039567,4.40772699290552,19478818.345,3.0209933902543953,https://raw.githubusercontent.com/bakered/co2emmisions/main/src_shiny_app/static/asia_and_oceania_map.png
828,Developing Asia and Oceania,2019.0,12369.7358039567,4.40772699290552,19478818.345,3.0209933902543953,https://raw.githubusercontent.com/bakered/co2emmisions/main/src_shiny_app/static/asia_and_oceania_map.png
829,Developing Asia and Oceania,2019.2,12322.90252850016,4.394218945344226,19451991.420199998,3.0189094864896506,https://raw.githubusercontent.com/bakered/co2emmisions/main/src_shiny_app/static/asia_and_oceania_map.png
830,Developing Asia and Oceania,2019.3999999999999,12276.06925304362,4.380710897782932,19425164.4954,3.0168255827249055,https://raw.githubusercontent.com/bakered/co2emmisions/main/src_shiny_app/static/asia_and_oceania_map.png
831,Developing Asia and Oceania,2019.6,12229.23597758708,4.367202850221638,19398337.5706,3.014741678960161,https://raw.githubusercontent.com/bakered/co2emmisions/main/src_shiny_app/static/asia_and_oceania_map.png
832,Developing Asia and Oceania,2019.8,12182.40270213054,4.353694802660344,19371510.645800002,3.0126577751954158,https://raw.githubusercontent.com/bakered/co2emmisions/main/src_shiny_app/static/asia_and_oceania_map.png
833,Developing Asia and Oceania,2020.0,12135.569426674,4.34018675509905,19344683.721,3.010573871430671,https://raw.githubusercontent.com/bakered/co2emmisions/main/src_shiny_app/static/asia_and_oceania_map.png
834,Developing Asia and Oceania,2020.0,12135.569426674,4.34018675509905,19344683.721,3.010573871430671,https://raw.githubusercontent.com/bakered/co2emmisions/main/src_shiny_app/static/asia_and_oceania_map.png
835,Developing Asia and Oceania,2020.2,12296.80404551456,4.38003358389716,19538709.631000005,3.0254871143540796,https://raw.githubusercontent.com/bakered/co2emmisions/main/src_shiny_app/static/asia_and_oceania_map.png
836,Developing Asia and Oceania,2020.4,12458.038664355121,4.41988041269527,19732735.541,3.0404003572774876,https://raw.githubusercontent.com/bakered/co2emmisions/main/src_shiny_app/static/asia_and_oceania_map.png
837,Developing Asia and Oceania,2020.6,12619.273283195678,4.45972724149338,19926761.451,3.055313600200896,https://raw.githubusercontent.com/bakered/co2emmisions/main/src_shiny_app/static/asia_and_oceania_map.png
838,Developing Asia and Oceania,2020.8000000000002,12780.50790203624,4.49957407029149,20120787.361,3.0702268431243045,https://raw.githubusercontent.com/bakered/co2emmisions/main/src_shiny_app/static/asia_and_oceania_map.png
839,Developing Asia and Oceania,2021.0,12941.7425208768,4.5394208990896,20314813.271,3.085140086047713,https://raw.githubusercontent.com/bakered/co2emmisions/main/src_shiny_app/static/asia_and_oceania_map.png
840,Developing Asia and Oceania,2021.0,12941.7425208768,4.5394208990896,20314813.271,3.085140086047713,https://raw.githubusercontent.com/bakered/co2emmisions/main/src_shiny_app/static/asia_and_oceania_map.png
841,Developing Asia and Oceania,2021.2000000000003,13041.772679621881,4.544587202823968,20359466.220000003,3.0885214649755093,https://raw.githubusercontent.com/bakered/co2emmisions/main/src_shiny_app/static/asia_and_oceania_map.png
842,Developing Asia and Oceania,2021.4,13141.802838366959,4.549753506558336,20404119.169,3.0919028439033056,https://raw.githubusercontent.com/bakered/co2emmisions/main/src_shiny_app/static/asia_and_oceania_map.png
843,Developing Asia and Oceania,2021.6000000000001,13241.83299711204,4.554919810292704,20448772.118,3.0952842228311015,https://raw.githubusercontent.com/bakered/co2emmisions/main/src_shiny_app/static/asia_and_oceania_map.png
844,Developing Asia and Oceania,2021.8000000000002,13341.86315585712,4.560086114027072,20493425.066999998,3.0986656017588983,https://raw.githubusercontent.com/bakered/co2emmisions/main/src_shiny_app/static/asia_and_oceania_map.png
845,Developing Asia and Oceania,2022.0,13441.8933146022,4.56525241776144,20538078.016,3.102046980686694,https://raw.githubusercontent.com/bakered/co2emmisions/main/src_shiny_app/static/asia_and_oceania_map.png
846,Developing Asia and Oceania,2022.0,13441.8933146022,4.56525241776144,20538078.016,3.102046980686694,https://raw.githubusercontent.com/bakered/co2emmisions/main/src_shiny_app/static/asia_and_oceania_map.png
847,Developing Asia and Oceania,2022.2000000000003,13557.68315016792,4.599233418335166,20708516.628799997,3.114787584549356,https://raw.githubusercontent.com/bakered/co2emmisions/main/src_shiny_app/static/asia_and_oceania_map.png
848,Developing Asia and Oceania,2022.4,13673.472985733639,4.633214418908892,20878955.2416,3.1275281884120165,https://raw.githubusercontent.com/bakered/co2emmisions/main/src_shiny_app/static/asia_and_oceania_map.png
849,Developing Asia and Oceania,2022.6,13789.262821299359,4.667195419482618,21049393.854399998,3.1402687922746777,https://raw.githubusercontent.com/bakered/co2emmisions/main/src_shiny_app/static/asia_and_oceania_map.png
850,Developing Asia and Oceania,2022.8,13905.05265686508,4.701176420056345,21219832.4672,3.153009396137339,https://raw.githubusercontent.com/bakered/co2emmisions/main/src_shiny_app/static/asia_and_oceania_map.png
851,Developing Asia and Oceania,2023.0,14020.8424924308,4.73515742063007,21390271.08,3.1657499999999996,https://raw.githubusercontent.com/bakered/co2emmisions/main/src_shiny_app/static/asia_and_oceania_map.png
852,Latin America and the Caribbean,1952.0,3657.24051615721,0.84318917578918,1134495.215,0.7290709693918064,https://raw.githubusercontent.com/bakered/co2emmisions/main/src_shiny_app/static/latin_america_and_the_caribbean_map.png
853,Latin America and the Caribbean,1952.2000000000003,3667.873346664492,0.8407513138127652,1134824.1698000003,0.7291766307153295,https://raw.githubusercontent.com/bakered/co2emmisions/main/src_shiny_app/static/latin_america_and_the_caribbean_map.png
854,Latin America and the Caribbean,1952.4,3678.506177171774,0.8383134518363504,1135153.1246000002,0.7292822920388525,https://raw.githubusercontent.com/bakered/co2emmisions/main/src_shiny_app/static/latin_america_and_the_caribbean_map.png
855,Latin America and the Caribbean,1952.6,3689.139007679056,0.8358755898599355,1135482.0794000002,0.7293879533623756,https://raw.githubusercontent.com/bakered/co2emmisions/main/src_shiny_app/static/latin_america_and_the_caribbean_map.png
856,Latin America and the Caribbean,1952.8,3699.7718381863383,0.8334377278835208,1135811.0342,0.7294936146858987,https://raw.githubusercontent.com/bakered/co2emmisions/main/src_shiny_app/static/latin_america_and_the_caribbean_map.png
857,Latin America and the Caribbean,1953.0,3710.40466869362,0.830999865907106,1136139.989,0.7295992760094218,https://raw.githubusercontent.com/bakered/co2emmisions/main/src_shiny_app/static/latin_america_and_the_caribbean_map.png
858,Latin America and the Caribbean,1953.0,3710.40466869362,0.830999865907106,1136139.989,0.7295992760094218,https://raw.githubusercontent.com/bakered/co2emmisions/main/src_shiny_app/static/latin_america_and_the_caribbean_map.png
859,Latin America and the Caribbean,1953.2,3731.758769805302,0.8346416198152721,1137497.19,0.7300344066602256,https://raw.githubusercontent.com/bakered/co2emmisions/main/src_shiny_app/static/latin_america_and_the_caribbean_map.png
860,Latin America and the Caribbean,1953.4,3753.112870916984,0.838283373723438,1138854.391,0.7304695373110293,https://raw.githubusercontent.com/bakered/co2emmisions/main/src_shiny_app/static/latin_america_and_the_caribbean_map.png
861,Latin America and the Caribbean,1953.6,3774.466972028666,0.841925127631604,1140211.592,0.7309046679618332,https://raw.githubusercontent.com/bakered/co2emmisions/main/src_shiny_app/static/latin_america_and_the_caribbean_map.png
862,Latin America and the Caribbean,1953.8,3795.821073140348,0.8455668815397701,1141568.793,0.7313397986126369,https://raw.githubusercontent.com/bakered/co2emmisions/main/src_shiny_app/static/latin_america_and_the_caribbean_map.png
863,Latin America and the Caribbean,1954.0,3817.17517425203,0.849208635447936,1142925.994,0.7317749292634407,https://raw.githubusercontent.com/bakered/co2emmisions/main/src_shiny_app/static/latin_america_and_the_caribbean_map.png
864,Latin America and the Caribbean,1954.0,3817.17517425203,0.849208635447936,1142925.994,0.7317749292634407,https://raw.githubusercontent.com/bakered/co2emmisions/main/src_shiny_app/static/latin_america_and_the_caribbean_map.png
865,Latin America and the Caribbean,1954.2,3847.7989511253663,0.8615200389879091,1145845.9606,0.7327067384179367,https://raw.githubusercontent.com/bakered/co2emmisions/main/src_shiny_app/static/latin_america_and_the_caribbean_map.png
866,Latin America and the Caribbean,1954.3999999999999,3878.422727998702,0.8738314425278819,1148765.9272,0.7336385475724325,https://raw.githubusercontent.com/bakered/co2emmisions/main/src_shiny_app/static/latin_america_and_the_caribbean_map.png
867,Latin America and the Caribbean,1954.6,3909.046504872038,0.886142846067855,1151685.8938000002,0.7345703567269284,https://raw.githubusercontent.com/bakered/co2emmisions/main/src_shiny_app/static/latin_america_and_the_caribbean_map.png
868,Latin America and the Caribbean,1954.8,3939.6702817453743,0.898454249607828,1154605.8604000001,0.7355021658814245,https://raw.githubusercontent.com/bakered/co2emmisions/main/src_shiny_app/static/latin_america_and_the_caribbean_map.png
869,Latin America and the Caribbean,1955.0,3970.29405861871,0.910765653147801,1157525.827,0.7364339750359203,https://raw.githubusercontent.com/bakered/co2emmisions/main/src_shiny_app/static/latin_america_and_the_caribbean_map.png
870,Latin America and the Caribbean,1955.0,3970.29405861871,0.910765653147801,1157525.827,0.7364339750359203,https://raw.githubusercontent.com/bakered/co2emmisions/main/src_shiny_app/static/latin_america_and_the_caribbean_map.png
871,Latin America and the Caribbean,1955.2,3979.7743432640445,0.9192835504747229,1159919.4640000002,0.7371934494647898,https://raw.githubusercontent.com/bakered/co2emmisions/main/src_shiny_app/static/latin_america_and_the_caribbean_map.png
872,Latin America and the Caribbean,1955.4,3989.254627909378,0.9278014478016445,1162313.1010000003,0.7379529238936591,https://raw.githubusercontent.com/bakered/co2emmisions/main/src_shiny_app/static/latin_america_and_the_caribbean_map.png
873,Latin America and the Caribbean,1955.6,3998.734912554712,0.9363193451285665,1164706.7380000001,0.7387123983225286,https://raw.githubusercontent.com/bakered/co2emmisions/main/src_shiny_app/static/latin_america_and_the_caribbean_map.png
874,Latin America and the Caribbean,1955.8000000000002,4008.2151972000465,0.9448372424554883,1167100.3750000002,0.7394718727513978,https://raw.githubusercontent.com/bakered/co2emmisions/main/src_shiny_app/static/latin_america_and_the_caribbean_map.png
875,Latin America and the Caribbean,1956.0,4017.69548184538,0.95335513978241,1169494.012,0.7402313471802673,https://raw.githubusercontent.com/bakered/co2emmisions/main/src_shiny_app/static/latin_america_and_the_caribbean_map.png
876,Latin America and the Caribbean,1956.0,4017.69548184538,0.95335513978241,1169494.012,0.7402313471802673,https://raw.githubusercontent.com/bakered/co2emmisions/main/src_shiny_app/static/latin_america_and_the_caribbean_map.png
877,Latin America and the Caribbean,1956.2000000000003,4044.9212737860203,0.9609930550331357,1171844.1868000003,0.7409732598682995,https://raw.githubusercontent.com/bakered/co2emmisions/main/src_shiny_app/static/latin_america_and_the_caribbean_map.png
878,Latin America and the Caribbean,1956.4,4072.14706572666,0.9686309702838612,1174194.3616,0.7417151725563319,https://raw.githubusercontent.com/bakered/co2emmisions/main/src_shiny_app/static/latin_america_and_the_caribbean_map.png
879,Latin America and the Caribbean,1956.6000000000001,4099.3728576673,0.9762688855345869,1176544.5364,0.7424570852443642,https://raw.githubusercontent.com/bakered/co2emmisions/main/src_shiny_app/static/latin_america_and_the_caribbean_map.png
880,Latin America and the Caribbean,1956.8000000000002,4126.5986496079395,0.9839068007853123,1178894.7112,0.7431989979323965,https://raw.githubusercontent.com/bakered/co2emmisions/main/src_shiny_app/static/latin_america_and_the_caribbean_map.png
881,Latin America and the Caribbean,1957.0,4153.82444154858,0.991544716036038,1181244.886,0.7439409106204288,https://raw.githubusercontent.com/bakered/co2emmisions/main/src_shiny_app/static/latin_america_and_the_caribbean_map.png
882,Latin America and the Caribbean,1957.0,4153.82444154858,0.991544716036038,1181244.886,0.7439409106204288,https://raw.githubusercontent.com/bakered/co2emmisions/main/src_shiny_app/static/latin_america_and_the_caribbean_map.png
883,Latin America and the Caribbean,1957.2000000000003,4179.862911690832,0.9936116485256083,1182662.3988,0.7443866135664529,https://raw.githubusercontent.com/bakered/co2emmisions/main/src_shiny_app/static/latin_america_and_the_caribbean_map.png
884,Latin America and the Caribbean,1957.4,4205.901381833084,0.9956785810151788,1184079.9115999998,0.7448323165124768,https://raw.githubusercontent.com/bakered/co2emmisions/main/src_shiny_app/static/latin_america_and_the_caribbean_map.png
885,Latin America and the Caribbean,1957.6,4231.939851975336,0.9977455135047492,1185497.4244,0.7452780194585009,https://raw.githubusercontent.com/bakered/co2emmisions/main/src_shiny_app/static/latin_america_and_the_caribbean_map.png
886,Latin America and the Caribbean,1957.8,4257.978322117588,0.9998124459943196,1186914.9371999998,0.745723722404525,https://raw.githubusercontent.com/bakered/co2emmisions/main/src_shiny_app/static/latin_america_and_the_caribbean_map.png
887,Latin America and the Caribbean,1958.0,4284.01679225984,1.00187937848389,1188332.45,0.7461694253505491,https://raw.githubusercontent.com/bakered/co2emmisions/main/src_shiny_app/static/latin_america_and_the_caribbean_map.png
888,Latin America and the Caribbean,1958.0,4284.01679225984,1.00187937848389,1188332.45,0.7461694253505491,https://raw.githubusercontent.com/bakered/co2emmisions/main/src_shiny_app/static/latin_america_and_the_caribbean_map.png
889,Latin America and the Caribbean,1958.2,4277.64439745195,1.00862473229621,1190716.7201999999,0.7469161144863499,https://raw.githubusercontent.com/bakered/co2emmisions/main/src_shiny_app/static/latin_america_and_the_caribbean_map.png
890,Latin America and the Caribbean,1958.4,4271.27200264406,1.01537008610853,1193100.9904,0.7476628036221507,https://raw.githubusercontent.com/bakered/co2emmisions/main/src_shiny_app/static/latin_america_and_the_caribbean_map.png
891,Latin America and the Caribbean,1958.6,4264.89960783617,1.02211543992085,1195485.2606,0.7484094927579514,https://raw.githubusercontent.com/bakered/co2emmisions/main/src_shiny_app/static/latin_america_and_the_caribbean_map.png
892,Latin America and the Caribbean,1958.8,4258.52721302828,1.0288607937331702,1197869.5308,0.7491561818937522,https://raw.githubusercontent.com/bakered/co2emmisions/main/src_shiny_app/static/latin_america_and_the_caribbean_map.png
893,Latin America and the Caribbean,1959.0,4252.15481822039,1.03560614754549,1200253.801,0.749902871029553,https://raw.githubusercontent.com/bakered/co2emmisions/main/src_shiny_app/static/latin_america_and_the_caribbean_map.png
894,Latin America and the Caribbean,1959.0,4252.15481822039,1.03560614754549,1200253.801,0.749902871029553,https://raw.githubusercontent.com/bakered/co2emmisions/main/src_shiny_app/static/latin_america_and_the_caribbean_map.png
895,Latin America and the Caribbean,1959.2,4295.281631859578,1.0441331495903161,1203106.8178,0.7507915022546653,https://raw.githubusercontent.com/bakered/co2emmisions/main/src_shiny_app/static/latin_america_and_the_caribbean_map.png
896,Latin America and the Caribbean,1959.3999999999999,4338.408445498766,1.0526601516351421,1205959.8346,0.7516801334797776,https://raw.githubusercontent.com/bakered/co2emmisions/main/src_shiny_app/static/latin_america_and_the_caribbean_map.png
897,Latin America and the Caribbean,1959.6,4381.535259137954,1.061187153679968,1208812.8514,0.7525687647048898,https://raw.githubusercontent.com/bakered/co2emmisions/main/src_shiny_app/static/latin_america_and_the_caribbean_map.png
898,Latin America and the Caribbean,1959.8,4424.6620727771415,1.069714155724794,1211665.8682,0.753457395930002,https://raw.githubusercontent.com/bakered/co2emmisions/main/src_shiny_app/static/latin_america_and_the_caribbean_map.png
899,Latin America and the Caribbean,1960.0,4467.78888641633,1.07824115776962,1214518.885,0.7543460271551142,https://raw.githubusercontent.com/bakered/co2emmisions/main/src_shiny_app/static/latin_america_and_the_caribbean_map.png
900,Latin America and the Caribbean,1960.0,4467.78888641633,1.07824115776962,1214518.885,0.7543460271551142,https://raw.githubusercontent.com/bakered/co2emmisions/main/src_shiny_app/static/latin_america_and_the_caribbean_map.png
901,Latin America and the Caribbean,1960.2,4498.519589653628,1.0848253922605782,1217084.4128,0.7551406679104062,https://raw.githubusercontent.com/bakered/co2emmisions/main/src_shiny_app/static/latin_america_and_the_caribbean_map.png
902,Latin America and the Caribbean,1960.4,4529.250292890925,1.091409626751536,1219649.9406,0.7559353086656981,https://raw.githubusercontent.com/bakered/co2emmisions/main/src_shiny_app/static/latin_america_and_the_caribbean_map.png
903,Latin America and the Caribbean,1960.6,4559.980996128224,1.097993861242494,1222215.4684000001,0.75672994942099,https://raw.githubusercontent.com/bakered/co2emmisions/main/src_shiny_app/static/latin_america_and_the_caribbean_map.png
904,Latin America and the Caribbean,1960.8000000000002,4590.711699365522,1.104578095733452,1224780.9962,0.7575245901762819,https://raw.githubusercontent.com/bakered/co2emmisions/main/src_shiny_app/static/latin_america_and_the_caribbean_map.png
905,Latin America and the Caribbean,1961.0,4621.44240260282,1.11116233022441,1227346.524,0.7583192309315739,https://raw.githubusercontent.com/bakered/co2emmisions/main/src_shiny_app/static/latin_america_and_the_caribbean_map.png
906,Latin America and the Caribbean,1961.0,4621.44240260282,1.11116233022441,1227346.524,0.7583192309315739,https://raw.githubusercontent.com/bakered/co2emmisions/main/src_shiny_app/static/latin_america_and_the_caribbean_map.png
907,Latin America and the Caribbean,1961.2000000000003,4634.084954621854,1.117750513326108,1230022.7544,0.7591437476438085,https://raw.githubusercontent.com/bakered/co2emmisions/main/src_shiny_app/static/latin_america_and_the_caribbean_map.png
908,Latin America and the Caribbean,1961.4,4646.727506640888,1.124338696427806,1232698.9848,0.7599682643560433,https://raw.githubusercontent.com/bakered/co2emmisions/main/src_shiny_app/static/latin_america_and_the_caribbean_map.png
909,Latin America and the Caribbean,1961.6000000000001,4659.3700586599225,1.130926879529504,1235375.2152,0.7607927810682777,https://raw.githubusercontent.com/bakered/co2emmisions/main/src_shiny_app/static/latin_america_and_the_caribbean_map.png
910,Latin America and the Caribbean,1961.8000000000002,4672.012610678956,1.1375150626312018,1238051.4456,0.7616172977805125,https://raw.githubusercontent.com/bakered/co2emmisions/main/src_shiny_app/static/latin_america_and_the_caribbean_map.png
911,Latin America and the Caribbean,1962.0,4684.65516269799,1.1441032457329,1240727.676,0.7624418144927471,https://raw.githubusercontent.com/bakered/co2emmisions/main/src_shiny_app/static/latin_america_and_the_caribbean_map.png
912,Latin America and the Caribbean,1962.0,4684.65516269799,1.1441032457329,1240727.676,0.7624418144927471,https://raw.githubusercontent.com/bakered/co2emmisions/main/src_shiny_app/static/latin_america_and_the_caribbean_map.png
913,Latin America and the Caribbean,1962.2000000000003,4684.17107353985,1.137791891008022,1240723.8668,0.7624406440890551,https://raw.githubusercontent.com/bakered/co2emmisions/main/src_shiny_app/static/latin_america_and_the_caribbean_map.png
914,Latin America and the Caribbean,1962.4,4683.68698438171,1.131480536283144,1240720.0576,0.762439473685363,https://raw.githubusercontent.com/bakered/co2emmisions/main/src_shiny_app/static/latin_america_and_the_caribbean_map.png
915,Latin America and the Caribbean,1962.6,4683.20289522357,1.125169181558266,1240716.2484,0.7624383032816711,https://raw.githubusercontent.com/bakered/co2emmisions/main/src_shiny_app/static/latin_america_and_the_caribbean_map.png
916,Latin America and the Caribbean,1962.8,4682.71880606543,1.118857826833388,1240712.4392,0.7624371328779791,https://raw.githubusercontent.com/bakered/co2emmisions/main/src_shiny_app/static/latin_america_and_the_caribbean_map.png
917,Latin America and the Caribbean,1963.0,4682.23471690729,1.11254647210851,1240708.63,0.762435962474287,https://raw.githubusercontent.com/bakered/co2emmisions/main/src_shiny_app/static/latin_america_and_the_caribbean_map.png
918,Latin America and the Caribbean,1963.0,4682.23471690729,1.11254647210851,1240708.63,0.762435962474287,https://raw.githubusercontent.com/bakered/co2emmisions/main/src_shiny_app/static/latin_america_and_the_caribbean_map.png
919,Latin America and the Caribbean,1963.2,4720.915245389606,1.12742144885747,1245374.5672,0.763862933465933,https://raw.githubusercontent.com/bakered/co2emmisions/main/src_shiny_app/static/latin_america_and_the_caribbean_map.png
920,Latin America and the Caribbean,1963.4,4759.595773871922,1.14229642560643,1250040.5044,0.7652899044575789,https://raw.githubusercontent.com/bakered/co2emmisions/main/src_shiny_app/static/latin_america_and_the_caribbean_map.png
921,Latin America and the Caribbean,1963.6,4798.276302354238,1.15717140235539,1254706.4416,0.766716875449225,https://raw.githubusercontent.com/bakered/co2emmisions/main/src_shiny_app/static/latin_america_and_the_caribbean_map.png
922,Latin America and the Caribbean,1963.8,4836.956830836554,1.17204637910435,1259372.3788,0.768143846440871,https://raw.githubusercontent.com/bakered/co2emmisions/main/src_shiny_app/static/latin_america_and_the_caribbean_map.png
923,Latin America and the Caribbean,1964.0,4875.63735931887,1.18692135585331,1264038.316,0.7695708174325169,https://raw.githubusercontent.com/bakered/co2emmisions/main/src_shiny_app/static/latin_america_and_the_caribbean_map.png
924,Latin America and the Caribbean,1964.0,4875.63735931887,1.18692135585331,1264038.316,0.7695708174325169,https://raw.githubusercontent.com/bakered/co2emmisions/main/src_shiny_app/static/latin_america_and_the_caribbean_map.png
925,Latin America and the Caribbean,1964.2,4898.004391331238,1.1861060112208601,1265320.3378,0.7699605836721237,https://raw.githubusercontent.com/bakered/co2emmisions/main/src_shiny_app/static/latin_america_and_the_caribbean_map.png
926,Latin America and the Caribbean,1964.3999999999999,4920.371423343606,1.18529066658841,1266602.3596,0.7703503499117305,https://raw.githubusercontent.com/bakered/co2emmisions/main/src_shiny_app/static/latin_america_and_the_caribbean_map.png
927,Latin America and the Caribbean,1964.6,4942.738455355974,1.18447532195596,1267884.3814,0.7707401161513373,https://raw.githubusercontent.com/bakered/co2emmisions/main/src_shiny_app/static/latin_america_and_the_caribbean_map.png
928,Latin America and the Caribbean,1964.8,4965.105487368342,1.1836599773235101,1269166.4032,0.771129882390944,https://raw.githubusercontent.com/bakered/co2emmisions/main/src_shiny_app/static/latin_america_and_the_caribbean_map.png
929,Latin America and the Caribbean,1965.0,4987.47251938071,1.18284463269106,1270448.425,0.7715196486305509,https://raw.githubusercontent.com/bakered/co2emmisions/main/src_shiny_app/static/latin_america_and_the_caribbean_map.png
930,Latin America and the Caribbean,1965.0,4987.47251938071,1.18284463269106,1270448.425,0.7715196486305509,https://raw.githubusercontent.com/bakered/co2emmisions/main/src_shiny_app/static/latin_america_and_the_caribbean_map.png
931,Latin America and the Caribbean,1965.2,5014.805306813519,1.19430364114167,1274627.6682000002,0.7727834613068788,https://raw.githubusercontent.com/bakered/co2emmisions/main/src_shiny_app/static/latin_america_and_the_caribbean_map.png
932,Latin America and the Caribbean,1965.4,5042.138094246326,1.20576264959228,1278806.9114,0.7740472739832067,https://raw.githubusercontent.com/bakered/co2emmisions/main/src_shiny_app/static/latin_america_and_the_caribbean_map.png
933,Latin America and the Caribbean,1965.6,5069.4708816791335,1.21722165804289,1282986.1546,0.7753110866595345,https://raw.githubusercontent.com/bakered/co2emmisions/main/src_shiny_app/static/latin_america_and_the_caribbean_map.png
934,Latin America and the Caribbean,1965.8000000000002,5096.803669111942,1.2286806664935002,1287165.3978,0.7765748993358624,https://raw.githubusercontent.com/bakered/co2emmisions/main/src_shiny_app/static/latin_america_and_the_caribbean_map.png
935,Latin America and the Caribbean,1966.0,5124.13645654475,1.24013967494411,1291344.641,0.7778387120121902,https://raw.githubusercontent.com/bakered/co2emmisions/main/src_shiny_app/static/latin_america_and_the_caribbean_map.png
936,Latin America and the Caribbean,1966.0,5124.13645654475,1.24013967494411,1291344.641,0.7778387120121902,https://raw.githubusercontent.com/bakered/co2emmisions/main/src_shiny_app/static/latin_america_and_the_caribbean_map.png
937,Latin America and the Caribbean,1966.2000000000003,5139.4052497930625,1.2471790134972163,1294628.0690000001,0.7788244718174837,https://raw.githubusercontent.com/bakered/co2emmisions/main/src_shiny_app/static/latin_america_and_the_caribbean_map.png
938,Latin America and the Caribbean,1966.4,5154.674043041374,1.254218352050322,1297911.497,0.7798102316227771,https://raw.githubusercontent.com/bakered/co2emmisions/main/src_shiny_app/static/latin_america_and_the_caribbean_map.png
939,Latin America and the Caribbean,1966.6000000000001,5169.942836289686,1.261257690603428,1301194.925,0.7807959914280707,https://raw.githubusercontent.com/bakered/co2emmisions/main/src_shiny_app/static/latin_america_and_the_caribbean_map.png
940,Latin America and the Caribbean,1966.8000000000002,5185.211629537997,1.268297029156534,1304478.3530000001,0.781781751233364,https://raw.githubusercontent.com/bakered/co2emmisions/main/src_shiny_app/static/latin_america_and_the_caribbean_map.png
941,Latin America and the Caribbean,1967.0,5200.48042278631,1.27533636770964,1307761.781,0.7827675110386575,https://raw.githubusercontent.com/bakered/co2emmisions/main/src_shiny_app/static/latin_america_and_the_caribbean_map.png
942,Latin America and the Caribbean,1967.0,5200.48042278631,1.27533636770964,1307761.781,0.7827675110386575,https://raw.githubusercontent.com/bakered/co2emmisions/main/src_shiny_app/static/latin_america_and_the_caribbean_map.png
943,Latin America and the Caribbean,1967.2000000000003,5239.389966763036,1.2895342555778142,1312940.1574,0.7843096870671016,https://raw.githubusercontent.com/bakered/co2emmisions/main/src_shiny_app/static/latin_america_and_the_caribbean_map.png
944,Latin America and the Caribbean,1967.4,5278.299510739762,1.303732143445988,1318118.5337999999,0.7858518630955456,https://raw.githubusercontent.com/bakered/co2emmisions/main/src_shiny_app/static/latin_america_and_the_caribbean_map.png
945,Latin America and the Caribbean,1967.6,5317.209054716488,1.317930031314162,1323296.9102,0.7873940391239895,https://raw.githubusercontent.com/bakered/co2emmisions/main/src_shiny_app/static/latin_america_and_the_caribbean_map.png
946,Latin America and the Caribbean,1967.8,5356.118598693214,1.3321279191823359,1328475.2865999998,0.7889362151524336,https://raw.githubusercontent.com/bakered/co2emmisions/main/src_shiny_app/static/latin_america_and_the_caribbean_map.png
947,Latin America and the Caribbean,1968.0,5395.02814266994,1.34632580705051,1333653.663,0.7904783911808776,https://raw.githubusercontent.com/bakered/co2emmisions/main/src_shiny_app/static/latin_america_and_the_caribbean_map.png
948,Latin America and the Caribbean,1968.0,5395.02814266994,1.34632580705051,1333653.663,0.7904783911808776,https://raw.githubusercontent.com/bakered/co2emmisions/main/src_shiny_app/static/latin_america_and_the_caribbean_map.png
949,Latin America and the Caribbean,1968.2,5441.953921689159,1.362182605197378,1339472.1212,0.7921934364329573,https://raw.githubusercontent.com/bakered/co2emmisions/main/src_shiny_app/static/latin_america_and_the_caribbean_map.png
950,Latin America and the Caribbean,1968.4,5488.879700708376,1.378039403344246,1345290.5794,0.7939084816850367,https://raw.githubusercontent.com/bakered/co2emmisions/main/src_shiny_app/static/latin_america_and_the_caribbean_map.png
951,Latin America and the Caribbean,1968.6,5535.8054797275945,1.393896201491114,1351109.0376,0.7956235269371162,https://raw.githubusercontent.com/bakered/co2emmisions/main/src_shiny_app/static/latin_america_and_the_caribbean_map.png
952,Latin America and the Caribbean,1968.8,5582.731258746812,1.4097529996379818,1356927.4958,0.7973385721891959,https://raw.githubusercontent.com/bakered/co2emmisions/main/src_shiny_app/static/latin_america_and_the_caribbean_map.png
953,Latin America and the Caribbean,1969.0,5629.65703776603,1.42560979778485,1362745.954,0.7990536174412753,https://raw.githubusercontent.com/bakered/co2emmisions/main/src_shiny_app/static/latin_america_and_the_caribbean_map.png
954,Latin America and the Caribbean,1969.0,5629.65703776603,1.42560979778485,1362745.954,0.7990536174412753,https://raw.githubusercontent.com/bakered/co2emmisions/main/src_shiny_app/static/latin_america_and_the_caribbean_map.png
955,Latin America and the Caribbean,1969.2,5680.306997889041,1.4486787351963621,1370702.7992,0.8013696057745958,https://raw.githubusercontent.com/bakered/co2emmisions/main/src_shiny_app/static/latin_america_and_the_caribbean_map.png
956,Latin America and the Caribbean,1969.3999999999999,5730.95695801205,1.471747672607874,1378659.6444,0.8036855941079161,https://raw.githubusercontent.com/bakered/co2emmisions/main/src_shiny_app/static/latin_america_and_the_caribbean_map.png
957,Latin America and the Caribbean,1969.6,5781.6069181350595,1.4948166100193858,1386616.4896,0.8060015824412365,https://raw.githubusercontent.com/bakered/co2emmisions/main/src_shiny_app/static/latin_america_and_the_caribbean_map.png
958,Latin America and the Caribbean,1969.8,5832.25687825807,1.517885547430898,1394573.3348,0.8083175707745569,https://raw.githubusercontent.com/bakered/co2emmisions/main/src_shiny_app/static/latin_america_and_the_caribbean_map.png
959,Latin America and the Caribbean,1970.0,5882.90683838108,1.54095448484241,1402530.18,0.8106335591078773,https://raw.githubusercontent.com/bakered/co2emmisions/main/src_shiny_app/static/latin_america_and_the_caribbean_map.png
960,Latin America and the Caribbean,1970.0,5882.90683838108,1.54095448484241,1402530.18,0.8106335591078773,https://raw.githubusercontent.com/bakered/co2emmisions/main/src_shiny_app/static/latin_america_and_the_caribbean_map.png
961,Latin America and the Caribbean,1970.2,5929.4557889327525,1.558705707045932,1409372.5104,0.8125990086390302,https://raw.githubusercontent.com/bakered/co2emmisions/main/src_shiny_app/static/latin_america_and_the_caribbean_map.png
962,Latin America and the Caribbean,1970.4,5976.004739484424,1.576456929249454,1416214.8408,0.8145644581701832,https://raw.githubusercontent.com/bakered/co2emmisions/main/src_shiny_app/static/latin_america_and_the_caribbean_map.png
963,Latin America and the Caribbean,1970.6,6022.553690036097,1.594208151452976,1423057.1712,0.816529907701336,https://raw.githubusercontent.com/bakered/co2emmisions/main/src_shiny_app/static/latin_america_and_the_caribbean_map.png
964,Latin America and the Caribbean,1970.8000000000002,6069.102640587767,1.6119593736564979,1429899.5015999998,0.8184953572324891,https://raw.githubusercontent.com/bakered/co2emmisions/main/src_shiny_app/static/latin_america_and_the_caribbean_map.png
965,Latin America and the Caribbean,1971.0,6115.65159113944,1.62971059586002,1436741.832,0.820460806763642,https://raw.githubusercontent.com/bakered/co2emmisions/main/src_shiny_app/static/latin_america_and_the_caribbean_map.png
966,Latin America and the Caribbean,1971.0,6115.65159113944,1.62971059586002,1436741.832,0.820460806763642,https://raw.githubusercontent.com/bakered/co2emmisions/main/src_shiny_app/static/latin_america_and_the_caribbean_map.png
967,Latin America and the Caribbean,1971.2000000000003,6171.521945140866,1.6399851038417181,1441787.3874,0.8218951862720574,https://raw.githubusercontent.com/bakered/co2emmisions/main/src_shiny_app/static/latin_america_and_the_caribbean_map.png
968,Latin America and the Caribbean,1971.4,6227.392299142291,1.650259611823416,1446832.9427999998,0.8233295657804724,https://raw.githubusercontent.com/bakered/co2emmisions/main/src_shiny_app/static/latin_america_and_the_caribbean_map.png
969,Latin America and the Caribbean,1971.6000000000001,6283.262653143718,1.660534119805114,1451878.4981999998,0.8247639452888877,https://raw.githubusercontent.com/bakered/co2emmisions/main/src_shiny_app/static/latin_america_and_the_caribbean_map.png
970,Latin America and the Caribbean,1971.8000000000002,6339.133007145144,1.6708086277868122,1456924.0536,0.826198324797303,https://raw.githubusercontent.com/bakered/co2emmisions/main/src_shiny_app/static/latin_america_and_the_caribbean_map.png
971,Latin America and the Caribbean,1972.0,6395.00336114657,1.68108313576851,1461969.609,0.8276327043057182,https://raw.githubusercontent.com/bakered/co2emmisions/main/src_shiny_app/static/latin_america_and_the_caribbean_map.png
972,Latin America and the Caribbean,1972.0,6395.00336114657,1.68108313576851,1461969.609,0.8276327043057182,https://raw.githubusercontent.com/bakered/co2emmisions/main/src_shiny_app/static/latin_america_and_the_caribbean_map.png
973,Latin America and the Caribbean,1972.2000000000003,6469.890894052266,1.70359510887416,1470626.8402,0.8300652935164099,https://raw.githubusercontent.com/bakered/co2emmisions/main/src_shiny_app/static/latin_america_and_the_caribbean_map.png
974,Latin America and the Caribbean,1972.4,6544.778426957962,1.7261070819798099,1479284.0714,0.8324978827271015,https://raw.githubusercontent.com/bakered/co2emmisions/main/src_shiny_app/static/latin_america_and_the_caribbean_map.png
975,Latin America and the Caribbean,1972.6,6619.665959863658,1.74861905508546,1487941.3026,0.834930471937793,https://raw.githubusercontent.com/bakered/co2emmisions/main/src_shiny_app/static/latin_america_and_the_caribbean_map.png
976,Latin America and the Caribbean,1972.8,6694.553492769354,1.77113102819111,1496598.5338,0.8373630611484847,https://raw.githubusercontent.com/bakered/co2emmisions/main/src_shiny_app/static/latin_america_and_the_caribbean_map.png
977,Latin America and the Caribbean,1973.0,6769.44102567505,1.79364300129676,1505255.7650000001,0.8397956503591762,https://raw.githubusercontent.com/bakered/co2emmisions/main/src_shiny_app/static/latin_america_and_the_caribbean_map.png
978,Latin America and the Caribbean,1973.0,6769.44102567505,1.79364300129676,1505255.7650000001,0.8397956503591762,https://raw.githubusercontent.com/bakered/co2emmisions/main/src_shiny_app/static/latin_america_and_the_caribbean_map.png
979,Latin America and the Caribbean,1973.2,6822.089003015883,1.804365492299546,1510688.9656000002,0.8413044887328742,https://raw.githubusercontent.com/bakered/co2emmisions/main/src_shiny_app/static/latin_america_and_the_caribbean_map.png
980,Latin America and the Caribbean,1973.4,6874.7369803567135,1.815087983302332,1516122.1662,0.842813327106572,https://raw.githubusercontent.com/bakered/co2emmisions/main/src_shiny_app/static/latin_america_and_the_caribbean_map.png
981,Latin America and the Caribbean,1973.6,6927.384957697546,1.825810474305118,1521555.3668000002,0.84432216548027,https://raw.githubusercontent.com/bakered/co2emmisions/main/src_shiny_app/static/latin_america_and_the_caribbean_map.png
982,Latin America and the Caribbean,1973.8,6980.032935038378,1.836532965307904,1526988.5674,0.8458310038539678,https://raw.githubusercontent.com/bakered/co2emmisions/main/src_shiny_app/static/latin_america_and_the_caribbean_map.png
983,Latin America and the Caribbean,1974.0,7032.68091237921,1.84725545631069,1532421.7680000002,0.8473398422276657,https://raw.githubusercontent.com/bakered/co2emmisions/main/src_shiny_app/static/latin_america_and_the_caribbean_map.png
984,Latin America and the Caribbean,1974.0,7032.68091237921,1.84725545631069,1532421.7680000002,0.8473398422276657,https://raw.githubusercontent.com/bakered/co2emmisions/main/src_shiny_app/static/latin_america_and_the_caribbean_map.png
985,Latin America and the Caribbean,1974.2,7044.380258530152,1.8500867026653462,1535831.9056000002,0.8482800377401285,https://raw.githubusercontent.com/bakered/co2emmisions/main/src_shiny_app/static/latin_america_and_the_caribbean_map.png
986,Latin America and the Caribbean,1974.3999999999999,7056.079604681094,1.8529179490200018,1539242.0432000002,0.8492202332525912,https://raw.githubusercontent.com/bakered/co2emmisions/main/src_shiny_app/static/latin_america_and_the_caribbean_map.png
987,Latin America and the Caribbean,1974.6,7067.778950832036,1.855749195374658,1542652.1808000002,0.8501604287650539,https://raw.githubusercontent.com/bakered/co2emmisions/main/src_shiny_app/static/latin_america_and_the_caribbean_map.png
988,Latin America and the Caribbean,1974.8,7079.4782969829785,1.858580441729314,1546062.3184,0.8511006242775168,https://raw.githubusercontent.com/bakered/co2emmisions/main/src_shiny_app/static/latin_america_and_the_caribbean_map.png
989,Latin America and the Caribbean,1975.0,7091.17764313392,1.86141168808397,1549472.456,0.8520408197899795,https://raw.githubusercontent.com/bakered/co2emmisions/main/src_shiny_app/static/latin_america_and_the_caribbean_map.png
990,Latin America and the Caribbean,1975.0,7091.17764313392,1.86141168808397,1549472.456,0.8520408197899795,https://raw.githubusercontent.com/bakered/co2emmisions/main/src_shiny_app/static/latin_america_and_the_caribbean_map.png
991,Latin America and the Caribbean,1975.2,7136.477954704753,1.879044594792298,1557385.7164,0.854202819924279,https://raw.githubusercontent.com/bakered/co2emmisions/main/src_shiny_app/static/latin_america_and_the_caribbean_map.png
992,Latin America and the Caribbean,1975.4,7181.7782662755835,1.896677501500626,1565298.9768,0.8563648200585785,https://raw.githubusercontent.com/bakered/co2emmisions/main/src_shiny_app/static/latin_america_and_the_caribbean_map.png
993,Latin America and the Caribbean,1975.6,7227.078577846416,1.9143104082089542,1573212.2371999999,0.8585268201928781,https://raw.githubusercontent.com/bakered/co2emmisions/main/src_shiny_app/static/latin_america_and_the_caribbean_map.png
994,Latin America and the Caribbean,1975.8000000000002,7272.3788894172485,1.931943314917282,1581125.4976,0.8606888203271775,https://raw.githubusercontent.com/bakered/co2emmisions/main/src_shiny_app/static/latin_america_and_the_caribbean_map.png
995,Latin America and the Caribbean,1976.0,7317.67920098808,1.94957622162561,1589038.758,0.8628508204614771,https://raw.githubusercontent.com/bakered/co2emmisions/main/src_shiny_app/static/latin_america_and_the_caribbean_map.png
996,Latin America and the Caribbean,1976.0,7317.67920098808,1.94957622162561,1589038.758,0.8628508204614771,https://raw.githubusercontent.com/bakered/co2emmisions/main/src_shiny_app/static/latin_america_and_the_caribbean_map.png
997,Latin America and the Caribbean,1976.2000000000003,7350.030371230987,1.9531921420442242,1592910.3278,0.863898773134455,https://raw.githubusercontent.com/bakered/co2emmisions/main/src_shiny_app/static/latin_america_and_the_caribbean_map.png
998,Latin America and the Caribbean,1976.4,7382.381541473893,1.9568080624628381,1596781.8975999998,0.8649467258074329,https://raw.githubusercontent.com/bakered/co2emmisions/main/src_shiny_app/static/latin_america_and_the_caribbean_map.png
999,Latin America and the Caribbean,1976.6000000000001,7414.732711716799,1.960423982881452,1600653.4674,0.8659946784804108,https://raw.githubusercontent.com/bakered/co2emmisions/main/src_shiny_app/static/latin_america_and_the_caribbean_map.png
1000,Latin America and the Caribbean,1976.8000000000002,7447.083881959704,1.9640399033000662,1604525.0372,0.8670426311533888,https://raw.githubusercontent.com/bakered/co2emmisions/main/src_shiny_app/static/latin_america_and_the_caribbean_map.png
1001,Latin America and the Caribbean,1977.0,7479.43505220261,1.96765582371868,1608396.6069999998,0.8680905838263666,https://raw.githubusercontent.com/bakered/co2emmisions/main/src_shiny_app/static/latin_america_and_the_caribbean_map.png
1002,Latin America and the Caribbean,1977.0,7479.43505220261,1.96765582371868,1608396.6069999998,0.8680905838263666,https://raw.githubusercontent.com/bakered/co2emmisions/main/src_shiny_app/static/latin_america_and_the_caribbean_map.png
1003,Latin America and the Caribbean,1977.2000000000003,7512.930698091276,1.9917439775652943,1618813.0144,0.870879182647631,https://raw.githubusercontent.com/bakered/co2emmisions/main/src_shiny_app/static/latin_america_and_the_caribbean_map.png
1004,Latin America and the Caribbean,1977.4,7546.4263439799415,2.015832131411908,1629229.4217999997,0.8736677814688953,https://raw.githubusercontent.com/bakered/co2emmisions/main/src_shiny_app/static/latin_america_and_the_caribbean_map.png
1005,Latin America and the Caribbean,1977.6,7579.921989868608,2.039920285258522,1639645.8292,0.8764563802901597,https://raw.githubusercontent.com/bakered/co2emmisions/main/src_shiny_app/static/latin_america_and_the_caribbean_map.png
1006,Latin America and the Caribbean,1977.8,7613.417635757273,2.064008439105136,1650062.2366,0.8792449791114241,https://raw.githubusercontent.com/bakered/co2emmisions/main/src_shiny_app/static/latin_america_and_the_caribbean_map.png
1007,Latin America and the Caribbean,1978.0,7646.91328164594,2.08809659295175,1660478.6439999999,0.8820335779326884,https://raw.githubusercontent.com/bakered/co2emmisions/main/src_shiny_app/static/latin_america_and_the_caribbean_map.png
1008,Latin America and the Caribbean,1978.0,7646.91328164594,2.08809659295175,1660478.6439999999,0.8820335779326884,https://raw.githubusercontent.com/bakered/co2emmisions/main/src_shiny_app/static/latin_america_and_the_caribbean_map.png
1009,Latin America and the Caribbean,1978.2,7716.673386587322,2.1065600098681063,1669479.2068,0.8844081117706741,https://raw.githubusercontent.com/bakered/co2emmisions/main/src_shiny_app/static/latin_america_and_the_caribbean_map.png
1010,Latin America and the Caribbean,1978.4,7786.433491528704,2.125023426784462,1678479.7696,0.8867826456086597,https://raw.githubusercontent.com/bakered/co2emmisions/main/src_shiny_app/static/latin_america_and_the_caribbean_map.png
1011,Latin America and the Caribbean,1978.6,7856.193596470086,2.143486843700818,1687480.3324,0.8891571794466454,https://raw.githubusercontent.com/bakered/co2emmisions/main/src_shiny_app/static/latin_america_and_the_caribbean_map.png
1012,Latin America and the Caribbean,1978.8,7925.9537014114685,2.161950260617174,1696480.8952000001,0.891531713284631,https://raw.githubusercontent.com/bakered/co2emmisions/main/src_shiny_app/static/latin_america_and_the_caribbean_map.png
1013,Latin America and the Caribbean,1979.0,7995.71380635285,2.18041367753353,1705481.458,0.8939062471226167,https://raw.githubusercontent.com/bakered/co2emmisions/main/src_shiny_app/static/latin_america_and_the_caribbean_map.png
1014,Latin America and the Caribbean,1979.0,7995.71380635285,2.18041367753353,1705481.458,0.8939062471226167,https://raw.githubusercontent.com/bakered/co2emmisions/main/src_shiny_app/static/latin_america_and_the_caribbean_map.png
1015,Latin America and the Caribbean,1979.2,8068.191493856319,2.186058504811916,1710543.2014000001,0.8952278859840844,https://raw.githubusercontent.com/bakered/co2emmisions/main/src_shiny_app/static/latin_america_and_the_caribbean_map.png
1016,Latin America and the Caribbean,1979.3999999999999,8140.669181359785,2.191703332090302,1715604.9448000002,0.8965495248455522,https://raw.githubusercontent.com/bakered/co2emmisions/main/src_shiny_app/static/latin_america_and_the_caribbean_map.png
1017,Latin America and the Caribbean,1979.6,8213.146868863254,2.197348159368688,1720666.6882000002,0.8978711637070198,https://raw.githubusercontent.com/bakered/co2emmisions/main/src_shiny_app/static/latin_america_and_the_caribbean_map.png
1018,Latin America and the Caribbean,1979.8,8285.624556366722,2.202992986647074,1725728.4316,0.8991928025684875,https://raw.githubusercontent.com/bakered/co2emmisions/main/src_shiny_app/static/latin_america_and_the_caribbean_map.png
1019,Latin America and the Caribbean,1980.0,8358.10224387019,2.20863781392546,1730790.175,0.9005144414299552,https://raw.githubusercontent.com/bakered/co2emmisions/main/src_shiny_app/static/latin_america_and_the_caribbean_map.png
1020,Latin America and the Caribbean,1980.0,8358.10224387019,2.20863781392546,1730790.175,0.9005144414299552,https://raw.githubusercontent.com/bakered/co2emmisions/main/src_shiny_app/static/latin_america_and_the_caribbean_map.png
1021,Latin America and the Caribbean,1980.2,8330.315674782936,2.195756993703752,1729695.8916000002,0.9002295432272917,https://raw.githubusercontent.com/bakered/co2emmisions/main/src_shiny_app/static/latin_america_and_the_caribbean_map.png
1022,Latin America and the Caribbean,1980.4,8302.529105695681,2.182876173482044,1728601.6082000001,0.899944645024628,https://raw.githubusercontent.com/bakered/co2emmisions/main/src_shiny_app/static/latin_america_and_the_caribbean_map.png
1023,Latin America and the Caribbean,1980.6,8274.742536608428,2.1699953532603358,1727507.3248,0.8996597468219643,https://raw.githubusercontent.com/bakered/co2emmisions/main/src_shiny_app/static/latin_america_and_the_caribbean_map.png
1024,Latin America and the Caribbean,1980.8000000000002,8246.955967521173,2.157114533038628,1726413.0414,0.8993748486193006,https://raw.githubusercontent.com/bakered/co2emmisions/main/src_shiny_app/static/latin_america_and_the_caribbean_map.png
1025,Latin America and the Caribbean,1981.0,8219.16939843392,2.14423371281692,1725318.758,0.899089950416637,https://raw.githubusercontent.com/bakered/co2emmisions/main/src_shiny_app/static/latin_america_and_the_caribbean_map.png
1026,Latin America and the Caribbean,1981.0,8219.16939843392,2.14423371281692,1725318.758,0.899089950416637,https://raw.githubusercontent.com/bakered/co2emmisions/main/src_shiny_app/static/latin_america_and_the_caribbean_map.png
1027,Latin America and the Caribbean,1981.2000000000003,8167.33173225339,2.1462234255014,1729308.0994000002,0.900126416694528,https://raw.githubusercontent.com/bakered/co2emmisions/main/src_shiny_app/static/latin_america_and_the_caribbean_map.png
1028,Latin America and the Caribbean,1981.4,8115.49406607286,2.14821313818588,1733297.4408,0.901162882972419,https://raw.githubusercontent.com/bakered/co2emmisions/main/src_shiny_app/static/latin_america_and_the_caribbean_map.png
1029,Latin America and the Caribbean,1981.6000000000001,8063.65639989233,2.15020285087036,1737286.7821999998,0.9021993492503098,https://raw.githubusercontent.com/bakered/co2emmisions/main/src_shiny_app/static/latin_america_and_the_caribbean_map.png
1030,Latin America and the Caribbean,1981.8000000000002,8011.818733711801,2.15219256355484,1741276.1235999998,0.9032358155282008,https://raw.githubusercontent.com/bakered/co2emmisions/main/src_shiny_app/static/latin_america_and_the_caribbean_map.png
1031,Latin America and the Caribbean,1982.0,7959.98106753127,2.15418227623932,1745265.4649999999,0.9042722818060918,https://raw.githubusercontent.com/bakered/co2emmisions/main/src_shiny_app/static/latin_america_and_the_caribbean_map.png
1032,Latin America and the Caribbean,1982.0,7959.98106753127,2.15418227623932,1745265.4649999999,0.9042722818060918,https://raw.githubusercontent.com/bakered/co2emmisions/main/src_shiny_app/static/latin_america_and_the_caribbean_map.png
1033,Latin America and the Caribbean,1982.2000000000003,7890.169779838875,2.12754374817159,1739137.9866,0.9026778419146073,https://raw.githubusercontent.com/bakered/co2emmisions/main/src_shiny_app/static/latin_america_and_the_caribbean_map.png
1034,Latin America and the Caribbean,1982.4,7820.358492146478,2.10090522010386,1733010.5081999998,0.9010834020231229,https://raw.githubusercontent.com/bakered/co2emmisions/main/src_shiny_app/static/latin_america_and_the_caribbean_map.png
1035,Latin America and the Caribbean,1982.6,7750.547204454082,2.07426669203613,1726883.0298,0.8994889621316384,https://raw.githubusercontent.com/bakered/co2emmisions/main/src_shiny_app/static/latin_america_and_the_caribbean_map.png
1036,Latin America and the Caribbean,1982.8,7680.735916761687,2.0476281639684,1720755.5513999998,0.897894522240154,https://raw.githubusercontent.com/bakered/co2emmisions/main/src_shiny_app/static/latin_america_and_the_caribbean_map.png
1037,Latin America and the Caribbean,1983.0,7610.92462906929,2.02098963590067,1714628.0729999999,0.8963000823486695,https://raw.githubusercontent.com/bakered/co2emmisions/main/src_shiny_app/static/latin_america_and_the_caribbean_map.png
1038,Latin America and the Caribbean,1983.0,7610.92462906929,2.02098963590067,1714628.0729999999,0.8963000823486695,https://raw.githubusercontent.com/bakered/co2emmisions/main/src_shiny_app/static/latin_america_and_the_caribbean_map.png
1039,Latin America and the Caribbean,1983.2,7639.046634336235,2.0142007845507,1715198.4827999999,0.8964491076484794,https://raw.githubusercontent.com/bakered/co2emmisions/main/src_shiny_app/static/latin_america_and_the_caribbean_map.png
1040,Latin America and the Caribbean,1983.4,7667.168639603178,2.0074119332007303,1715768.8926,0.8965981329482892,https://raw.githubusercontent.com/bakered/co2emmisions/main/src_shiny_app/static/latin_america_and_the_caribbean_map.png
1041,Latin America and the Caribbean,1983.6,7695.290644870122,2.00062308185076,1716339.3024,0.896747158248099,https://raw.githubusercontent.com/bakered/co2emmisions/main/src_shiny_app/static/latin_america_and_the_caribbean_map.png
1042,Latin America and the Caribbean,1983.8,7723.4126501370665,1.9938342305007901,1716909.7122,0.8968961835479089,https://raw.githubusercontent.com/bakered/co2emmisions/main/src_shiny_app/static/latin_america_and_the_caribbean_map.png
1043,Latin America and the Caribbean,1984.0,7751.53465540401,1.98704537915082,1717480.122,0.8970452088477187,https://raw.githubusercontent.com/bakered/co2emmisions/main/src_shiny_app/static/latin_america_and_the_caribbean_map.png
1044,Latin America and the Caribbean,1984.0,7751.53465540401,1.98704537915082,1717480.122,0.8970452088477187,https://raw.githubusercontent.com/bakered/co2emmisions/main/src_shiny_app/static/latin_america_and_the_caribbean_map.png
1045,Latin America and the Caribbean,1984.2,7766.226708666067,1.9881206355653942,1720824.6886,0.8979165317703572,https://raw.githubusercontent.com/bakered/co2emmisions/main/src_shiny_app/static/latin_america_and_the_caribbean_map.png
1046,Latin America and the Caribbean,1984.3999999999999,7780.918761928122,1.989195891979968,1724169.2552,0.8987878546929957,https://raw.githubusercontent.com/bakered/co2emmisions/main/src_shiny_app/static/latin_america_and_the_caribbean_map.png
1047,Latin America and the Caribbean,1984.6,7795.610815190179,1.9902711483945421,1727513.8218,0.8996591776156342,https://raw.githubusercontent.com/bakered/co2emmisions/main/src_shiny_app/static/latin_america_and_the_caribbean_map.png
1048,Latin America and the Caribbean,1984.8,7810.302868452234,1.991346404809116,1730858.3884,0.9005305005382727,https://raw.githubusercontent.com/bakered/co2emmisions/main/src_shiny_app/static/latin_america_and_the_caribbean_map.png
1049,Latin America and the Caribbean,1985.0,7824.99492171429,1.99242166122369,1734202.955,0.9014018234609112,https://raw.githubusercontent.com/bakered/co2emmisions/main/src_shiny_app/static/latin_america_and_the_caribbean_map.png
1050,Latin America and the Caribbean,1985.0,7824.99492171429,1.99242166122369,1734202.955,0.9014018234609112,https://raw.githubusercontent.com/bakered/co2emmisions/main/src_shiny_app/static/latin_america_and_the_caribbean_map.png
1051,Latin America and the Caribbean,1985.2,7855.339285250771,1.996908631121776,1738944.3726000001,0.9026298847416883,https://raw.githubusercontent.com/bakered/co2emmisions/main/src_shiny_app/static/latin_america_and_the_caribbean_map.png
1052,Latin America and the Caribbean,1985.4,7885.683648787251,2.001395601019862,1743685.7902000002,0.9038579460224652,https://raw.githubusercontent.com/bakered/co2emmisions/main/src_shiny_app/static/latin_america_and_the_caribbean_map.png
1053,Latin America and the Caribbean,1985.6,7916.02801232373,2.005882570917948,1748427.2078,0.9050860073032423,https://raw.githubusercontent.com/bakered/co2emmisions/main/src_shiny_app/static/latin_america_and_the_caribbean_map.png
1054,Latin America and the Caribbean,1985.8000000000002,7946.37237586021,2.010369540816034,1753168.6254000003,0.9063140685840192,https://raw.githubusercontent.com/bakered/co2emmisions/main/src_shiny_app/static/latin_america_and_the_caribbean_map.png
1055,Latin America and the Caribbean,1986.0,7976.71673939669,2.01485651071412,1757910.043,0.9075421298647962,https://raw.githubusercontent.com/bakered/co2emmisions/main/src_shiny_app/static/latin_america_and_the_caribbean_map.png
1056,Latin America and the Caribbean,1986.0,7976.71673939669,2.01485651071412,1757910.043,0.9075421298647962,https://raw.githubusercontent.com/bakered/co2emmisions/main/src_shiny_app/static/latin_america_and_the_caribbean_map.png
1057,Latin America and the Caribbean,1986.2000000000003,7995.191385240075,2.0289486360499103,1766471.4362000003,0.9097387984268699,https://raw.githubusercontent.com/bakered/co2emmisions/main/src_shiny_app/static/latin_america_and_the_caribbean_map.png
1058,Latin America and the Caribbean,1986.4,8013.666031083458,2.0430407613857,1775032.8294000002,0.9119354669889435,https://raw.githubusercontent.com/bakered/co2emmisions/main/src_shiny_app/static/latin_america_and_the_caribbean_map.png
1059,Latin America and the Caribbean,1986.6000000000001,8032.140676926842,2.05713288672149,1783594.2226000002,0.914132135551017,https://raw.githubusercontent.com/bakered/co2emmisions/main/src_shiny_app/static/latin_america_and_the_caribbean_map.png
1060,Latin America and the Caribbean,1986.8000000000002,8050.615322770226,2.07122501205728,1792155.6158000003,0.9163288041130907,https://raw.githubusercontent.com/bakered/co2emmisions/main/src_shiny_app/static/latin_america_and_the_caribbean_map.png
1061,Latin America and the Caribbean,1987.0,8069.08996861361,2.08531713739307,1800717.009,0.9185254726751643,https://raw.githubusercontent.com/bakered/co2emmisions/main/src_shiny_app/static/latin_america_and_the_caribbean_map.png
1062,Latin America and the Caribbean,1987.0,8069.08996861361,2.08531713739307,1800717.009,0.9185254726751643,https://raw.githubusercontent.com/bakered/co2emmisions/main/src_shiny_app/static/latin_america_and_the_caribbean_map.png
1063,Latin America and the Caribbean,1987.2000000000003,8045.384159994773,2.084778420937312,1803765.7260000003,0.919301392149267,https://raw.githubusercontent.com/bakered/co2emmisions/main/src_shiny_app/static/latin_america_and_the_caribbean_map.png
1064,Latin America and the Caribbean,1987.4,8021.678351375935,2.084239704481554,1806814.4430000002,0.9200773116233696,https://raw.githubusercontent.com/bakered/co2emmisions/main/src_shiny_app/static/latin_america_and_the_caribbean_map.png
1065,Latin America and the Caribbean,1987.6,7997.972542757096,2.083700988025796,1809863.1600000001,0.9208532310974722,https://raw.githubusercontent.com/bakered/co2emmisions/main/src_shiny_app/static/latin_america_and_the_caribbean_map.png
1066,Latin America and the Caribbean,1987.8,7974.2667341382585,2.083162271570038,1812911.877,0.9216291505715748,https://raw.githubusercontent.com/bakered/co2emmisions/main/src_shiny_app/static/latin_america_and_the_caribbean_map.png
1067,Latin America and the Caribbean,1988.0,7950.56092551942,2.08262355511428,1815960.594,0.9224050700456774,https://raw.githubusercontent.com/bakered/co2emmisions/main/src_shiny_app/static/latin_america_and_the_caribbean_map.png
1068,Latin America and the Caribbean,1988.0,7950.56092551942,2.08262355511428,1815960.594,0.9224050700456774,https://raw.githubusercontent.com/bakered/co2emmisions/main/src_shiny_app/static/latin_america_and_the_caribbean_map.png
1069,Latin America and the Caribbean,1988.2,7951.122165661025,2.0882112257054324,1821372.0948000003,0.9237743562383677,https://raw.githubusercontent.com/bakered/co2emmisions/main/src_shiny_app/static/latin_america_and_the_caribbean_map.png
1070,Latin America and the Caribbean,1988.4,7951.683405802628,2.093798896296584,1826783.5956000001,0.9251436424310577,https://raw.githubusercontent.com/bakered/co2emmisions/main/src_shiny_app/static/latin_america_and_the_caribbean_map.png
1071,Latin America and the Caribbean,1988.6,7952.244645944233,2.099386566887736,1832195.0964000002,0.9265129286237479,https://raw.githubusercontent.com/bakered/co2emmisions/main/src_shiny_app/static/latin_america_and_the_caribbean_map.png
1072,Latin America and the Caribbean,1988.8,7952.805886085836,2.104974237478888,1837606.5972000002,0.9278822148164381,https://raw.githubusercontent.com/bakered/co2emmisions/main/src_shiny_app/static/latin_america_and_the_caribbean_map.png
1073,Latin America and the Caribbean,1989.0,7953.36712622744,2.11056190807004,1843018.098,0.9292515010091282,https://raw.githubusercontent.com/bakered/co2emmisions/main/src_shiny_app/static/latin_america_and_the_caribbean_map.png
1074,Latin America and the Caribbean,1989.0,7953.36712622744,2.11056190807004,1843018.098,0.9292515010091282,https://raw.githubusercontent.com/bakered/co2emmisions/main/src_shiny_app/static/latin_america_and_the_caribbean_map.png
1075,Latin America and the Caribbean,1989.2,7926.5037237713605,2.103604712311672,1843328.7382000003,0.9293297970607215,https://raw.githubusercontent.com/bakered/co2emmisions/main/src_shiny_app/static/latin_america_and_the_caribbean_map.png
1076,Latin America and the Caribbean,1989.3999999999999,7899.640321315281,2.096647516553304,1843639.3784000003,0.9294080931123146,https://raw.githubusercontent.com/bakered/co2emmisions/main/src_shiny_app/static/latin_america_and_the_caribbean_map.png
1077,Latin America and the Caribbean,1989.6,7872.7769188592,2.089690320794936,1843950.0186,0.9294863891639078,https://raw.githubusercontent.com/bakered/co2emmisions/main/src_shiny_app/static/latin_america_and_the_caribbean_map.png
1078,Latin America and the Caribbean,1989.8,7845.9135164031195,2.082733125036568,1844260.6588,0.929564685215501,https://raw.githubusercontent.com/bakered/co2emmisions/main/src_shiny_app/static/latin_america_and_the_caribbean_map.png
1079,Latin America and the Caribbean,1990.0,7819.05011394704,2.0757759292782,1844571.299,0.9296429812670942,https://raw.githubusercontent.com/bakered/co2emmisions/main/src_shiny_app/static/latin_america_and_the_caribbean_map.png
1080,Latin America and the Caribbean,1990.0,7819.05011394704,2.0757759292782,1844571.299,0.9296429812670942,https://raw.githubusercontent.com/bakered/co2emmisions/main/src_shiny_app/static/latin_america_and_the_caribbean_map.png
1081,Latin America and the Caribbean,1990.2,7856.578361489161,2.0821084574999578,1850505.3684000003,0.9311323676654171,https://raw.githubusercontent.com/bakered/co2emmisions/main/src_shiny_app/static/latin_america_and_the_caribbean_map.png
1082,Latin America and the Caribbean,1990.4,7894.10660903128,2.0884409857217157,1856439.4378000002,0.9326217540637399,https://raw.githubusercontent.com/bakered/co2emmisions/main/src_shiny_app/static/latin_america_and_the_caribbean_map.png
1083,Latin America and the Caribbean,1990.6,7931.634856573401,2.094773513943474,1862373.5071999999,0.9341111404620627,https://raw.githubusercontent.com/bakered/co2emmisions/main/src_shiny_app/static/latin_america_and_the_caribbean_map.png
1084,Latin America and the Caribbean,1990.8000000000002,7969.16310411552,2.101106042165232,1868307.5766,0.9356005268603856,https://raw.githubusercontent.com/bakered/co2emmisions/main/src_shiny_app/static/latin_america_and_the_caribbean_map.png
1085,Latin America and the Caribbean,1991.0,8006.69135165764,2.10743857038699,1874241.646,0.9370899132587084,https://raw.githubusercontent.com/bakered/co2emmisions/main/src_shiny_app/static/latin_america_and_the_caribbean_map.png
1086,Latin America and the Caribbean,1991.0,8006.69135165764,2.10743857038699,1874241.646,0.9370899132587084,https://raw.githubusercontent.com/bakered/co2emmisions/main/src_shiny_app/static/latin_america_and_the_caribbean_map.png
1087,Latin America and the Caribbean,1991.2000000000003,8040.098214408917,2.113897088960438,1880310.5566000002,0.938600999185083,https://raw.githubusercontent.com/bakered/co2emmisions/main/src_shiny_app/static/latin_america_and_the_caribbean_map.png
1088,Latin America and the Caribbean,1991.4,8073.505077160193,2.120355607533886,1886379.4671999998,0.9401120851114573,https://raw.githubusercontent.com/bakered/co2emmisions/main/src_shiny_app/static/latin_america_and_the_caribbean_map.png
1089,Latin America and the Caribbean,1991.6000000000001,8106.911939911468,2.126814126107334,1892448.3778000001,0.9416231710378319,https://raw.githubusercontent.com/bakered/co2emmisions/main/src_shiny_app/static/latin_america_and_the_caribbean_map.png
1090,Latin America and the Caribbean,1991.8000000000002,8140.318802662744,2.133272644680782,1898517.2884,0.9431342569642063,https://raw.githubusercontent.com/bakered/co2emmisions/main/src_shiny_app/static/latin_america_and_the_caribbean_map.png
1091,Latin America and the Caribbean,1992.0,8173.72566541402,2.13973116325423,1904586.199,0.9446453428905808,https://raw.githubusercontent.com/bakered/co2emmisions/main/src_shiny_app/static/latin_america_and_the_caribbean_map.png
1092,Latin America and the Caribbean,1992.0,8173.72566541402,2.13973116325423,1904586.199,0.9446453428905808,https://raw.githubusercontent.com/bakered/co2emmisions/main/src_shiny_app/static/latin_america_and_the_caribbean_map.png
1093,Latin America and the Caribbean,1992.2000000000003,8235.349506416378,2.147113084636102,1908734.5200000003,0.9456713087508035,https://raw.githubusercontent.com/bakered/co2emmisions/main/src_shiny_app/static/latin_america_and_the_caribbean_map.png
1094,Latin America and the Caribbean,1992.4,8296.973347418736,2.1544950060179744,1912882.841,0.946697274611026,https://raw.githubusercontent.com/bakered/co2emmisions/main/src_shiny_app/static/latin_america_and_the_caribbean_map.png
1095,Latin America and the Caribbean,1992.6,8358.597188421094,2.161876927399846,1917031.162,0.9477232404712488,https://raw.githubusercontent.com/bakered/co2emmisions/main/src_shiny_app/static/latin_america_and_the_caribbean_map.png
1096,Latin America and the Caribbean,1992.8,8420.221029423452,2.1692588487817184,1921179.483,0.9487492063314713,https://raw.githubusercontent.com/bakered/co2emmisions/main/src_shiny_app/static/latin_america_and_the_caribbean_map.png
1097,Latin America and the Caribbean,1993.0,8481.84487042581,2.17664077016359,1925327.804,0.9497751721916939,https://raw.githubusercontent.com/bakered/co2emmisions/main/src_shiny_app/static/latin_america_and_the_caribbean_map.png
1098,Latin America and the Caribbean,1993.0,8481.84487042581,2.17664077016359,1925327.804,0.9497751721916939,https://raw.githubusercontent.com/bakered/co2emmisions/main/src_shiny_app/static/latin_america_and_the_caribbean_map.png
1099,Latin America and the Caribbean,1993.2,8554.234860639217,2.179680480395126,1929811.0326000003,0.9508777732494882,https://raw.githubusercontent.com/bakered/co2emmisions/main/src_shiny_app/static/latin_america_and_the_caribbean_map.png
1100,Latin America and the Caribbean,1993.4,8626.624850852622,2.182720190626662,1934294.2612,0.9519803743072824,https://raw.githubusercontent.com/bakered/co2emmisions/main/src_shiny_app/static/latin_america_and_the_caribbean_map.png
1101,Latin America and the Caribbean,1993.6,8699.014841066028,2.185759900858198,1938777.4898,0.9530829753650767,https://raw.githubusercontent.com/bakered/co2emmisions/main/src_shiny_app/static/latin_america_and_the_caribbean_map.png
1102,Latin America and the Caribbean,1993.8,8771.404831279435,2.188799611089734,1943260.7184000001,0.9541855764228708,https://raw.githubusercontent.com/bakered/co2emmisions/main/src_shiny_app/static/latin_america_and_the_caribbean_map.png
1103,Latin America and the Caribbean,1994.0,8843.79482149284,2.19183932132127,1947743.9470000002,0.9552881774806651,https://raw.githubusercontent.com/bakered/co2emmisions/main/src_shiny_app/static/latin_america_and_the_caribbean_map.png
1104,Latin America and the Caribbean,1994.0,8843.79482149284,2.19183932132127,1947743.9470000002,0.9552881774806651,https://raw.githubusercontent.com/bakered/co2emmisions/main/src_shiny_app/static/latin_america_and_the_caribbean_map.png
1105,Latin America and the Caribbean,1994.2,8845.479645210418,2.190398359704592,1950271.2956000003,0.9559069556553241,https://raw.githubusercontent.com/bakered/co2emmisions/main/src_shiny_app/static/latin_america_and_the_caribbean_map.png
1106,Latin America and the Caribbean,1994.3999999999999,8847.164468927996,2.188957398087914,1952798.6442000002,0.9565257338299832,https://raw.githubusercontent.com/bakered/co2emmisions/main/src_shiny_app/static/latin_america_and_the_caribbean_map.png
1107,Latin America and the Caribbean,1994.6,8848.849292645573,2.187516436471236,1955325.9928000001,0.9571445120046422,https://raw.githubusercontent.com/bakered/co2emmisions/main/src_shiny_app/static/latin_america_and_the_caribbean_map.png
1108,Latin America and the Caribbean,1994.8,8850.534116363151,2.186075474854558,1957853.3414,0.9577632901793013,https://raw.githubusercontent.com/bakered/co2emmisions/main/src_shiny_app/static/latin_america_and_the_caribbean_map.png
1109,Latin America and the Caribbean,1995.0,8852.21894008073,2.18463451323788,1960380.69,0.9583820683539603,https://raw.githubusercontent.com/bakered/co2emmisions/main/src_shiny_app/static/latin_america_and_the_caribbean_map.png
1110,Latin America and the Caribbean,1995.0,8852.21894008073,2.18463451323788,1960380.69,0.9583820683539603,https://raw.githubusercontent.com/bakered/co2emmisions/main/src_shiny_app/static/latin_america_and_the_caribbean_map.png
1111,Latin America and the Caribbean,1995.2,8901.534130322758,2.201363511427218,1970944.4898,0.9609470970433613,https://raw.githubusercontent.com/bakered/co2emmisions/main/src_shiny_app/static/latin_america_and_the_caribbean_map.png
1112,Latin America and the Caribbean,1995.4,8950.849320564786,2.218092509616556,1981508.2895999998,0.9635121257327621,https://raw.githubusercontent.com/bakered/co2emmisions/main/src_shiny_app/static/latin_america_and_the_caribbean_map.png
1113,Latin America and the Caribbean,1995.6,9000.164510806815,2.234821507805894,1992072.0894,0.966077154422163,https://raw.githubusercontent.com/bakered/co2emmisions/main/src_shiny_app/static/latin_america_and_the_caribbean_map.png
1114,Latin America and the Caribbean,1995.8000000000002,9049.479701048842,2.251550505995232,2002635.8892,0.9686421831115639,https://raw.githubusercontent.com/bakered/co2emmisions/main/src_shiny_app/static/latin_america_and_the_caribbean_map.png
1115,Latin America and the Caribbean,1996.0,9098.79489129087,2.26827950418457,2013199.689,0.9712072118009648,https://raw.githubusercontent.com/bakered/co2emmisions/main/src_shiny_app/static/latin_america_and_the_caribbean_map.png
1116,Latin America and the Caribbean,1996.0,9098.79489129087,2.26827950418457,2013199.689,0.9712072118009648,https://raw.githubusercontent.com/bakered/co2emmisions/main/src_shiny_app/static/latin_america_and_the_caribbean_map.png
1117,Latin America and the Caribbean,1996.2000000000003,9177.903930088907,2.2882596962968877,2025442.3594,0.9741381518475327,https://raw.githubusercontent.com/bakered/co2emmisions/main/src_shiny_app/static/latin_america_and_the_caribbean_map.png
1118,Latin America and the Caribbean,1996.4,9257.012968886942,2.308239888409206,2037685.0298,0.9770690918941005,https://raw.githubusercontent.com/bakered/co2emmisions/main/src_shiny_app/static/latin_america_and_the_caribbean_map.png
1119,Latin America and the Caribbean,1996.6000000000001,9336.122007684979,2.3282200805215236,2049927.7001999998,0.9800000319406684,https://raw.githubusercontent.com/bakered/co2emmisions/main/src_shiny_app/static/latin_america_and_the_caribbean_map.png
1120,Latin America and the Caribbean,1996.8000000000002,9415.231046483015,2.348200272633842,2062170.3706,0.9829309719872363,https://raw.githubusercontent.com/bakered/co2emmisions/main/src_shiny_app/static/latin_america_and_the_caribbean_map.png
1121,Latin America and the Caribbean,1997.0,9494.34008528105,2.36818046474616,2074413.041,0.9858619120338042,https://raw.githubusercontent.com/bakered/co2emmisions/main/src_shiny_app/static/latin_america_and_the_caribbean_map.png
1122,Latin America and the Caribbean,1997.0,9494.34008528105,2.36818046474616,2074413.041,0.9858619120338042,https://raw.githubusercontent.com/bakered/co2emmisions/main/src_shiny_app/static/latin_america_and_the_caribbean_map.png
1123,Latin America and the Caribbean,1997.2000000000003,9525.962114760961,2.3796420879020443,2082975.2376,0.9878861077257208,https://raw.githubusercontent.com/bakered/co2emmisions/main/src_shiny_app/static/latin_america_and_the_caribbean_map.png
1124,Latin America and the Caribbean,1997.4,9557.58414424087,2.391103711057928,2091537.4342,0.9899103034176373,https://raw.githubusercontent.com/bakered/co2emmisions/main/src_shiny_app/static/latin_america_and_the_caribbean_map.png
1125,Latin America and the Caribbean,1997.6,9589.20617372078,2.4025653342138122,2100099.6308000004,0.991934499109554,https://raw.githubusercontent.com/bakered/co2emmisions/main/src_shiny_app/static/latin_america_and_the_caribbean_map.png
1126,Latin America and the Caribbean,1997.8,9620.82820320069,2.414026957369696,2108661.8274,0.9939586948014705,https://raw.githubusercontent.com/bakered/co2emmisions/main/src_shiny_app/static/latin_america_and_the_caribbean_map.png
1127,Latin America and the Caribbean,1998.0,9652.4502326806,2.42548858052558,2117224.024,0.9959828904933871,https://raw.githubusercontent.com/bakered/co2emmisions/main/src_shiny_app/static/latin_america_and_the_caribbean_map.png
1128,Latin America and the Caribbean,1998.0,9652.4502326806,2.42548858052558,2117224.024,0.9959828904933871,https://raw.githubusercontent.com/bakered/co2emmisions/main/src_shiny_app/static/latin_america_and_the_caribbean_map.png
1129,Latin America and the Caribbean,1998.2,9648.905578486416,2.427797262825644,2121605.7384,0.9970108593903401,https://raw.githubusercontent.com/bakered/co2emmisions/main/src_shiny_app/static/latin_america_and_the_caribbean_map.png
1130,Latin America and the Caribbean,1998.4,9645.360924292232,2.4301059451257077,2125987.4528,0.9980388282872931,https://raw.githubusercontent.com/bakered/co2emmisions/main/src_shiny_app/static/latin_america_and_the_caribbean_map.png
1131,Latin America and the Caribbean,1998.6,9641.816270098048,2.432414627425772,2130369.1672,0.999066797184246,https://raw.githubusercontent.com/bakered/co2emmisions/main/src_shiny_app/static/latin_america_and_the_caribbean_map.png
1132,Latin America and the Caribbean,1998.8,9638.271615903865,2.4347233097258356,2134750.8816,1.000094766081199,https://raw.githubusercontent.com/bakered/co2emmisions/main/src_shiny_app/static/latin_america_and_the_caribbean_map.png
1133,Latin America and the Caribbean,1999.0,9634.72696170968,2.4370319920259,2139132.596,1.001122734978152,https://raw.githubusercontent.com/bakered/co2emmisions/main/src_shiny_app/static/latin_america_and_the_caribbean_map.png
1134,Latin America and the Caribbean,1999.0,9634.72696170968,2.4370319920259,2139132.596,1.001122734978152,https://raw.githubusercontent.com/bakered/co2emmisions/main/src_shiny_app/static/latin_america_and_the_caribbean_map.png
1135,Latin America and the Caribbean,1999.2,9696.951531553823,2.434501599837568,2141200.1718,1.0016059687776386,https://raw.githubusercontent.com/bakered/co2emmisions/main/src_shiny_app/static/latin_america_and_the_caribbean_map.png
1136,Latin America and the Caribbean,1999.3999999999999,9759.176101397963,2.431971207649236,2143267.7476,1.0020892025771249,https://raw.githubusercontent.com/bakered/co2emmisions/main/src_shiny_app/static/latin_america_and_the_caribbean_map.png
1137,Latin America and the Caribbean,1999.6,9821.400671242105,2.4294408154609037,2145335.3234,1.0025724363766113,https://raw.githubusercontent.com/bakered/co2emmisions/main/src_shiny_app/static/latin_america_and_the_caribbean_map.png
1138,Latin America and the Caribbean,1999.8,9883.625241086247,2.426910423272572,2147402.8992,1.0030556701760978,https://raw.githubusercontent.com/bakered/co2emmisions/main/src_shiny_app/static/latin_america_and_the_caribbean_map.png
1139,Latin America and the Caribbean,2000.0,9945.84981093039,2.42438003108424,2149470.475,1.0035389039755842,https://raw.githubusercontent.com/bakered/co2emmisions/main/src_shiny_app/static/latin_america_and_the_caribbean_map.png
1140,Latin America and the Caribbean,2000.0,9945.84981093039,2.42438003108424,2149470.475,1.0035389039755842,https://raw.githubusercontent.com/bakered/co2emmisions/main/src_shiny_app/static/latin_america_and_the_caribbean_map.png
1141,Latin America and the Caribbean,2000.2,9943.878679098454,2.42338135091269,2152149.3806000003,1.0041632928235207,https://raw.githubusercontent.com/bakered/co2emmisions/main/src_shiny_app/static/latin_america_and_the_caribbean_map.png
1142,Latin America and the Caribbean,2000.4,9941.907547266517,2.4223826707411398,2154828.2862,1.0047876816714567,https://raw.githubusercontent.com/bakered/co2emmisions/main/src_shiny_app/static/latin_america_and_the_caribbean_map.png
1143,Latin America and the Caribbean,2000.6,9939.936415434582,2.42138399056959,2157507.1918,1.005412070519393,https://raw.githubusercontent.com/bakered/co2emmisions/main/src_shiny_app/static/latin_america_and_the_caribbean_map.png
1144,Latin America and the Caribbean,2000.8000000000002,9937.965283602645,2.4203853103980397,2160186.0974,1.0060364593673292,https://raw.githubusercontent.com/bakered/co2emmisions/main/src_shiny_app/static/latin_america_and_the_caribbean_map.png
1145,Latin America and the Caribbean,2001.0,9935.99415177071,2.41938663022649,2162865.003,1.0066608482152655,https://raw.githubusercontent.com/bakered/co2emmisions/main/src_shiny_app/static/latin_america_and_the_caribbean_map.png
1146,Latin America and the Caribbean,2001.0,9935.99415177071,2.41938663022649,2162865.003,1.0066608482152655,https://raw.githubusercontent.com/bakered/co2emmisions/main/src_shiny_app/static/latin_america_and_the_caribbean_map.png
1147,Latin America and the Caribbean,2001.2000000000003,9945.041408102992,2.413865650180948,2163297.8234,1.0067615466908386,https://raw.githubusercontent.com/bakered/co2emmisions/main/src_shiny_app/static/latin_america_and_the_caribbean_map.png
1148,Latin America and the Caribbean,2001.4,9954.088664435274,2.408344670135406,2163730.6437999997,1.0068622451664115,https://raw.githubusercontent.com/bakered/co2emmisions/main/src_shiny_app/static/latin_america_and_the_caribbean_map.png
1149,Latin America and the Caribbean,2001.6000000000001,9963.135920767556,2.402823690089864,2164163.4642000003,1.0069629436419847,https://raw.githubusercontent.com/bakered/co2emmisions/main/src_shiny_app/static/latin_america_and_the_caribbean_map.png
1150,Latin America and the Caribbean,2001.8000000000002,9972.183177099838,2.397302710044322,2164596.2846,1.0070636421175576,https://raw.githubusercontent.com/bakered/co2emmisions/main/src_shiny_app/static/latin_america_and_the_caribbean_map.png
1151,Latin America and the Caribbean,2002.0,9981.23043343212,2.39178172999878,2165029.105,1.0071643405931308,https://raw.githubusercontent.com/bakered/co2emmisions/main/src_shiny_app/static/latin_america_and_the_caribbean_map.png
1152,Latin America and the Caribbean,2002.0,9981.23043343212,2.39178172999878,2165029.105,1.0071643405931308,https://raw.githubusercontent.com/bakered/co2emmisions/main/src_shiny_app/static/latin_america_and_the_caribbean_map.png
1153,Latin America and the Caribbean,2002.2000000000003,10021.916011751377,2.402736758831498,2173499.5132,1.009125001344248,https://raw.githubusercontent.com/bakered/co2emmisions/main/src_shiny_app/static/latin_america_and_the_caribbean_map.png
1154,Latin America and the Caribbean,2002.4,10062.601590070632,2.413691787664216,2181969.9214,1.0110856620953657,https://raw.githubusercontent.com/bakered/co2emmisions/main/src_shiny_app/static/latin_america_and_the_caribbean_map.png
1155,Latin America and the Caribbean,2002.6,10103.287168389888,2.424646816496934,2190440.3296,1.013046322846483,https://raw.githubusercontent.com/bakered/co2emmisions/main/src_shiny_app/static/latin_america_and_the_caribbean_map.png
1156,Latin America and the Caribbean,2002.8,10143.972746709143,2.435601845329652,2198910.7378,1.0150069835976003,https://raw.githubusercontent.com/bakered/co2emmisions/main/src_shiny_app/static/latin_america_and_the_caribbean_map.png
1157,Latin America and the Caribbean,2003.0,10184.6583250284,2.44655687416237,2207381.1459999997,1.0169676443487177,https://raw.githubusercontent.com/bakered/co2emmisions/main/src_shiny_app/static/latin_america_and_the_caribbean_map.png
1158,Latin America and the Caribbean,2003.0,10184.6583250284,2.44655687416237,2207381.1459999997,1.0169676443487177,https://raw.githubusercontent.com/bakered/co2emmisions/main/src_shiny_app/static/latin_america_and_the_caribbean_map.png
1159,Latin America and the Caribbean,2003.2,10285.446342012181,2.459384223098536,2216896.0992,1.0191477880235584,https://raw.githubusercontent.com/bakered/co2emmisions/main/src_shiny_app/static/latin_america_and_the_caribbean_map.png
1160,Latin America and the Caribbean,2003.4,10386.23435899596,2.472211572034702,2226411.0524,1.021327931698399,https://raw.githubusercontent.com/bakered/co2emmisions/main/src_shiny_app/static/latin_america_and_the_caribbean_map.png
1161,Latin America and the Caribbean,2003.6,10487.02237597974,2.4850389209708683,2235926.0056,1.0235080753732397,https://raw.githubusercontent.com/bakered/co2emmisions/main/src_shiny_app/static/latin_america_and_the_caribbean_map.png
1162,Latin America and the Caribbean,2003.8,10587.81039296352,2.4978662699070338,2245440.9588,1.0256882190480803,https://raw.githubusercontent.com/bakered/co2emmisions/main/src_shiny_app/static/latin_america_and_the_caribbean_map.png
1163,Latin America and the Caribbean,2004.0,10688.5984099473,2.5106936188432,2254955.912,1.027868362722921,https://raw.githubusercontent.com/bakered/co2emmisions/main/src_shiny_app/static/latin_america_and_the_caribbean_map.png
1164,Latin America and the Caribbean,2004.0,10688.5984099473,2.5106936188432,2254955.912,1.027868362722921,https://raw.githubusercontent.com/bakered/co2emmisions/main/src_shiny_app/static/latin_america_and_the_caribbean_map.png
1165,Latin America and the Caribbean,2004.2,10768.94410482796,2.524969603033572,2265343.3202,1.0302223128796726,https://raw.githubusercontent.com/bakered/co2emmisions/main/src_shiny_app/static/latin_america_and_the_caribbean_map.png
1166,Latin America and the Caribbean,2004.3999999999999,10849.28979970862,2.5392455872239443,2275730.7284,1.0325762630364241,https://raw.githubusercontent.com/bakered/co2emmisions/main/src_shiny_app/static/latin_america_and_the_caribbean_map.png
1167,Latin America and the Caribbean,2004.6,10929.63549458928,2.553521571414316,2286118.1366,1.0349302131931755,https://raw.githubusercontent.com/bakered/co2emmisions/main/src_shiny_app/static/latin_america_and_the_caribbean_map.png
1168,Latin America and the Caribbean,2004.8,11009.98118946994,2.567797555604688,2296505.5448,1.037284163349927,https://raw.githubusercontent.com/bakered/co2emmisions/main/src_shiny_app/static/latin_america_and_the_caribbean_map.png
1169,Latin America and the Caribbean,2005.0,11090.3268843506,2.58207353979506,2306892.9529999997,1.0396381135066786,https://raw.githubusercontent.com/bakered/co2emmisions/main/src_shiny_app/static/latin_america_and_the_caribbean_map.png
1170,Latin America and the Caribbean,2005.0,11090.3268843506,2.58207353979506,2306892.9529999997,1.0396381135066786,https://raw.githubusercontent.com/bakered/co2emmisions/main/src_shiny_app/static/latin_america_and_the_caribbean_map.png
1171,Latin America and the Caribbean,2005.2,11197.54554948008,2.591698543212864,2315016.5034,1.0414606299884719,https://raw.githubusercontent.com/bakered/co2emmisions/main/src_shiny_app/static/latin_america_and_the_caribbean_map.png
1172,Latin America and the Caribbean,2005.4,11304.76421460956,2.601323546630668,2323140.0538,1.043283146470265,https://raw.githubusercontent.com/bakered/co2emmisions/main/src_shiny_app/static/latin_america_and_the_caribbean_map.png
1173,Latin America and the Caribbean,2005.6,11411.98287973904,2.610948550048472,2331263.6042,1.0451056629520583,https://raw.githubusercontent.com/bakered/co2emmisions/main/src_shiny_app/static/latin_america_and_the_caribbean_map.png
1174,Latin America and the Caribbean,2005.8000000000002,11519.20154486852,2.620573553466276,2339387.1546,1.0469281794338516,https://raw.githubusercontent.com/bakered/co2emmisions/main/src_shiny_app/static/latin_america_and_the_caribbean_map.png
1175,Latin America and the Caribbean,2006.0,11626.420209998,2.63019855688408,2347510.705,1.048750695915645,https://raw.githubusercontent.com/bakered/co2emmisions/main/src_shiny_app/static/latin_america_and_the_caribbean_map.png
1176,Latin America and the Caribbean,2006.0,11626.420209998,2.63019855688408,2347510.705,1.048750695915645,https://raw.githubusercontent.com/bakered/co2emmisions/main/src_shiny_app/static/latin_america_and_the_caribbean_map.png
1177,Latin America and the Caribbean,2006.2000000000003,11748.08133560424,2.639276694451158,2355452.8318000003,1.0505173291895802,https://raw.githubusercontent.com/bakered/co2emmisions/main/src_shiny_app/static/latin_america_and_the_caribbean_map.png
1178,Latin America and the Caribbean,2006.4,11869.74246121048,2.648354832018236,2363394.9586,1.052283962463515,https://raw.githubusercontent.com/bakered/co2emmisions/main/src_shiny_app/static/latin_america_and_the_caribbean_map.png
1179,Latin America and the Caribbean,2006.6000000000001,11991.40358681672,2.6574329695853143,2371337.0854,1.05405059573745,https://raw.githubusercontent.com/bakered/co2emmisions/main/src_shiny_app/static/latin_america_and_the_caribbean_map.png
1180,Latin America and the Caribbean,2006.8000000000002,12113.06471242296,2.666511107152392,2379279.2122,1.055817229011385,https://raw.githubusercontent.com/bakered/co2emmisions/main/src_shiny_app/static/latin_america_and_the_caribbean_map.png
1181,Latin America and the Caribbean,2007.0,12234.7258380292,2.67558924471947,2387221.3389999997,1.05758386228532,https://raw.githubusercontent.com/bakered/co2emmisions/main/src_shiny_app/static/latin_america_and_the_caribbean_map.png
1182,Latin America and the Caribbean,2007.0,12234.7258380292,2.67558924471947,2387221.3389999997,1.05758386228532,https://raw.githubusercontent.com/bakered/co2emmisions/main/src_shiny_app/static/latin_america_and_the_caribbean_map.png
1183,Latin America and the Caribbean,2007.2000000000003,12319.983857605,2.6843366401595743,2395121.1459999997,1.0593265645509486,https://raw.githubusercontent.com/bakered/co2emmisions/main/src_shiny_app/static/latin_america_and_the_caribbean_map.png
1184,Latin America and the Caribbean,2007.4,12405.2418771808,2.693084035599678,2403020.9529999997,1.0610692668165773,https://raw.githubusercontent.com/bakered/co2emmisions/main/src_shiny_app/static/latin_america_and_the_caribbean_map.png
1185,Latin America and the Caribbean,2007.6,12490.4998967566,2.701831431039782,2410920.76,1.062811969082206,https://raw.githubusercontent.com/bakered/co2emmisions/main/src_shiny_app/static/latin_america_and_the_caribbean_map.png
1186,Latin America and the Caribbean,2007.8,12575.7579163324,2.7105788264798862,2418820.567,1.0645546713478347,https://raw.githubusercontent.com/bakered/co2emmisions/main/src_shiny_app/static/latin_america_and_the_caribbean_map.png
1187,Latin America and the Caribbean,2008.0,12661.0159359082,2.71932622191999,2426720.374,1.0662973736134633,https://raw.githubusercontent.com/bakered/co2emmisions/main/src_shiny_app/static/latin_america_and_the_caribbean_map.png
1188,Latin America and the Caribbean,2008.0,12661.0159359082,2.71932622191999,2426720.374,1.0662973736134633,https://raw.githubusercontent.com/bakered/co2emmisions/main/src_shiny_app/static/latin_america_and_the_caribbean_map.png
1189,Latin America and the Caribbean,2008.2,12604.965525748481,2.6986710269127565,2419093.7992000002,1.064615186187842,https://raw.githubusercontent.com/bakered/co2emmisions/main/src_shiny_app/static/latin_america_and_the_caribbean_map.png
1190,Latin America and the Caribbean,2008.4,12548.91511558876,2.678015831905522,2411467.2243999997,1.06293299876222,https://raw.githubusercontent.com/bakered/co2emmisions/main/src_shiny_app/static/latin_america_and_the_caribbean_map.png
1191,Latin America and the Caribbean,2008.6,12492.864705429041,2.657360636898288,2403840.6496,1.0612508113365986,https://raw.githubusercontent.com/bakered/co2emmisions/main/src_shiny_app/static/latin_america_and_the_caribbean_map.png
1192,Latin America and the Caribbean,2008.8,12436.81429526932,2.636705441891054,2396214.0748,1.059568623910977,https://raw.githubusercontent.com/bakered/co2emmisions/main/src_shiny_app/static/latin_america_and_the_caribbean_map.png
1193,Latin America and the Caribbean,2009.0,12380.7638851096,2.61605024688382,2388587.5,1.0578864364853553,https://raw.githubusercontent.com/bakered/co2emmisions/main/src_shiny_app/static/latin_america_and_the_caribbean_map.png
1194,Latin America and the Caribbean,2009.0,12380.7638851096,2.61605024688382,2388587.5,1.0578864364853553,https://raw.githubusercontent.com/bakered/co2emmisions/main/src_shiny_app/static/latin_america_and_the_caribbean_map.png
1195,Latin America and the Caribbean,2009.2,12537.8280558282,2.637268695468334,2403111.0638,1.0610785420813662,https://raw.githubusercontent.com/bakered/co2emmisions/main/src_shiny_app/static/latin_america_and_the_caribbean_map.png
1196,Latin America and the Caribbean,2009.3999999999999,12694.8922265468,2.658487144052848,2417634.6276000002,1.0642706476773771,https://raw.githubusercontent.com/bakered/co2emmisions/main/src_shiny_app/static/latin_america_and_the_caribbean_map.png
1197,Latin America and the Caribbean,2009.6,12851.9563972654,2.679705592637362,2432158.1914,1.0674627532733882,https://raw.githubusercontent.com/bakered/co2emmisions/main/src_shiny_app/static/latin_america_and_the_caribbean_map.png
1198,Latin America and the Caribbean,2009.8,13009.020567984002,2.700924041221876,2446681.7552,1.0706548588693992,https://raw.githubusercontent.com/bakered/co2emmisions/main/src_shiny_app/static/latin_america_and_the_caribbean_map.png
1199,Latin America and the Caribbean,2010.0,13166.0847387026,2.72214248980639,2461205.319,1.07384696446541,https://raw.githubusercontent.com/bakered/co2emmisions/main/src_shiny_app/static/latin_america_and_the_caribbean_map.png
1200,Latin America and the Caribbean,2010.0,13166.0847387026,2.72214248980639,2461205.319,1.07384696446541,https://raw.githubusercontent.com/bakered/co2emmisions/main/src_shiny_app/static/latin_america_and_the_caribbean_map.png
1201,Latin America and the Caribbean,2010.2,13279.775515925601,2.7413947524885622,2474771.0636,1.0767862816340315,https://raw.githubusercontent.com/bakered/co2emmisions/main/src_shiny_app/static/latin_america_and_the_caribbean_map.png
1202,Latin America and the Caribbean,2010.4,13393.4662931486,2.760647015170734,2488336.8082,1.0797255988026528,https://raw.githubusercontent.com/bakered/co2emmisions/main/src_shiny_app/static/latin_america_and_the_caribbean_map.png
1203,Latin America and the Caribbean,2010.6,13507.1570703716,2.779899277852906,2501902.5528,1.0826649159712742,https://raw.githubusercontent.com/bakered/co2emmisions/main/src_shiny_app/static/latin_america_and_the_caribbean_map.png
1204,Latin America and the Caribbean,2010.8000000000002,13620.8478475946,2.799151540535078,2515468.2974,1.0856042331398956,https://raw.githubusercontent.com/bakered/co2emmisions/main/src_shiny_app/static/latin_america_and_the_caribbean_map.png
1205,Latin America and the Caribbean,2011.0,13734.5386248176,2.81840380321725,2529034.042,1.088543550308517,https://raw.githubusercontent.com/bakered/co2emmisions/main/src_shiny_app/static/latin_america_and_the_caribbean_map.png
1206,Latin America and the Caribbean,2011.0,13734.5386248176,2.81840380321725,2529034.042,1.088543550308517,https://raw.githubusercontent.com/bakered/co2emmisions/main/src_shiny_app/static/latin_america_and_the_caribbean_map.png
1207,Latin America and the Caribbean,2011.2000000000003,13777.694164715202,2.836183995999692,2542009.6607999997,1.0913183418525545,https://raw.githubusercontent.com/bakered/co2emmisions/main/src_shiny_app/static/latin_america_and_the_caribbean_map.png
1208,Latin America and the Caribbean,2011.4,13820.8497046128,2.853964188782134,2554985.2796,1.094093133396592,https://raw.githubusercontent.com/bakered/co2emmisions/main/src_shiny_app/static/latin_america_and_the_caribbean_map.png
1209,Latin America and the Caribbean,2011.6000000000001,13864.005244510401,2.871744381564576,2567960.8984,1.0968679249406292,https://raw.githubusercontent.com/bakered/co2emmisions/main/src_shiny_app/static/latin_america_and_the_caribbean_map.png
1210,Latin America and the Caribbean,2011.8000000000002,13907.160784408,2.8895245743470177,2580936.5172,1.0996427164846667,https://raw.githubusercontent.com/bakered/co2emmisions/main/src_shiny_app/static/latin_america_and_the_caribbean_map.png
1211,Latin America and the Caribbean,2012.0,13950.3163243056,2.90730476712946,2593912.136,1.1024175080287042,https://raw.githubusercontent.com/bakered/co2emmisions/main/src_shiny_app/static/latin_america_and_the_caribbean_map.png
1212,Latin America and the Caribbean,2012.0,13950.3163243056,2.90730476712946,2593912.136,1.1024175080287042,https://raw.githubusercontent.com/bakered/co2emmisions/main/src_shiny_app/static/latin_america_and_the_caribbean_map.png
1213,Latin America and the Caribbean,2012.2000000000003,14005.982316434942,2.915047019069168,2601491.4954000004,1.104022288819329,https://raw.githubusercontent.com/bakered/co2emmisions/main/src_shiny_app/static/latin_america_and_the_caribbean_map.png
1214,Latin America and the Caribbean,2012.4,14061.648308564281,2.9227892710088756,2609070.8548,1.105627069609954,https://raw.githubusercontent.com/bakered/co2emmisions/main/src_shiny_app/static/latin_america_and_the_caribbean_map.png
1215,Latin America and the Caribbean,2012.6,14117.314300693619,2.930531522948584,2616650.2142000003,1.1072318504005787,https://raw.githubusercontent.com/bakered/co2emmisions/main/src_shiny_app/static/latin_america_and_the_caribbean_map.png
1216,Latin America and the Caribbean,2012.8,14172.98029282296,2.938273774888292,2624229.5736000002,1.1088366311912035,https://raw.githubusercontent.com/bakered/co2emmisions/main/src_shiny_app/static/latin_america_and_the_caribbean_map.png
1217,Latin America and the Caribbean,2013.0,14228.6462849523,2.946016026828,2631808.933,1.1104414119818284,https://raw.githubusercontent.com/bakered/co2emmisions/main/src_shiny_app/static/latin_america_and_the_caribbean_map.png
1218,Latin America and the Caribbean,2013.0,14228.6462849523,2.946016026828,2631808.933,1.1104414119818284,https://raw.githubusercontent.com/bakered/co2emmisions/main/src_shiny_app/static/latin_america_and_the_caribbean_map.png
1219,Latin America and the Caribbean,2013.2,14242.784430516942,2.950234082947826,2637665.1134000006,1.1116734462504925,https://raw.githubusercontent.com/bakered/co2emmisions/main/src_shiny_app/static/latin_america_and_the_caribbean_map.png
1220,Latin America and the Caribbean,2013.4,14256.922576081579,2.9544521390676524,2643521.2938,1.1129054805191565,https://raw.githubusercontent.com/bakered/co2emmisions/main/src_shiny_app/static/latin_america_and_the_caribbean_map.png
1221,Latin America and the Caribbean,2013.6,14271.060721646221,2.9586701951874783,2649377.4742,1.1141375147878205,https://raw.githubusercontent.com/bakered/co2emmisions/main/src_shiny_app/static/latin_america_and_the_caribbean_map.png
1222,Latin America and the Caribbean,2013.8,14285.19886721086,2.9628882513073043,2655233.6546,1.1153695490564846,https://raw.githubusercontent.com/bakered/co2emmisions/main/src_shiny_app/static/latin_america_and_the_caribbean_map.png
1223,Latin America and the Caribbean,2014.0,14299.3370127755,2.96710630742713,2661089.835,1.1166015833251486,https://raw.githubusercontent.com/bakered/co2emmisions/main/src_shiny_app/static/latin_america_and_the_caribbean_map.png
1224,Latin America and the Caribbean,2014.0,14299.3370127755,2.96710630742713,2661089.835,1.1166015833251486,https://raw.githubusercontent.com/bakered/co2emmisions/main/src_shiny_app/static/latin_america_and_the_caribbean_map.png
1225,Latin America and the Caribbean,2014.2,14283.833785981722,2.9543722485219344,2657249.1298,1.1157943384024909,https://raw.githubusercontent.com/bakered/co2emmisions/main/src_shiny_app/static/latin_america_and_the_caribbean_map.png
1226,Latin America and the Caribbean,2014.3999999999999,14268.330559187942,2.941638189616738,2653408.4245999996,1.1149870934798332,https://raw.githubusercontent.com/bakered/co2emmisions/main/src_shiny_app/static/latin_america_and_the_caribbean_map.png
1227,Latin America and the Caribbean,2014.6,14252.827332394161,2.928904130711542,2649567.7194,1.1141798485571752,https://raw.githubusercontent.com/bakered/co2emmisions/main/src_shiny_app/static/latin_america_and_the_caribbean_map.png
1228,Latin America and the Caribbean,2014.8,14237.32410560038,2.916170071806346,2645727.0141999996,1.1133726036345175,https://raw.githubusercontent.com/bakered/co2emmisions/main/src_shiny_app/static/latin_america_and_the_caribbean_map.png
1229,Latin America and the Caribbean,2015.0,14221.8208788066,2.90343601290115,2641886.309,1.1125653587118598,https://raw.githubusercontent.com/bakered/co2emmisions/main/src_shiny_app/static/latin_america_and_the_caribbean_map.png
1230,Latin America and the Caribbean,2015.0,14221.8208788066,2.90343601290115,2641886.309,1.1125653587118598,https://raw.githubusercontent.com/bakered/co2emmisions/main/src_shiny_app/static/latin_america_and_the_caribbean_map.png
1231,Latin America and the Caribbean,2015.2,14197.479623254281,2.88540418039514,2633844.5178,1.1108655651267794,https://raw.githubusercontent.com/bakered/co2emmisions/main/src_shiny_app/static/latin_america_and_the_caribbean_map.png
1232,Latin America and the Caribbean,2015.4,14173.138367701958,2.86737234788913,2625802.7266,1.109165771541699,https://raw.githubusercontent.com/bakered/co2emmisions/main/src_shiny_app/static/latin_america_and_the_caribbean_map.png
1233,Latin America and the Caribbean,2015.6,14148.79711214964,2.84934051538312,2617760.9354,1.1074659779566183,https://raw.githubusercontent.com/bakered/co2emmisions/main/src_shiny_app/static/latin_america_and_the_caribbean_map.png
1234,Latin America and the Caribbean,2015.8000000000002,14124.45585659732,2.8313086828771095,2609719.1442,1.1057661843715378,https://raw.githubusercontent.com/bakered/co2emmisions/main/src_shiny_app/static/latin_america_and_the_caribbean_map.png
1235,Latin America and the Caribbean,2016.0,14100.114601045,2.8132768503711,2601677.353,1.1040663907864574,https://raw.githubusercontent.com/bakered/co2emmisions/main/src_shiny_app/static/latin_america_and_the_caribbean_map.png
1236,Latin America and the Caribbean,2016.0,14100.114601045,2.8132768503711,2601677.353,1.1040663907864574,https://raw.githubusercontent.com/bakered/co2emmisions/main/src_shiny_app/static/latin_america_and_the_caribbean_map.png
1237,Latin America and the Caribbean,2016.2000000000003,14127.77751221886,2.801720551986076,2598291.7556000003,1.103346850290256,https://raw.githubusercontent.com/bakered/co2emmisions/main/src_shiny_app/static/latin_america_and_the_caribbean_map.png
1238,Latin America and the Caribbean,2016.4,14155.44042339272,2.790164253601052,2594906.1582000004,1.1026273097940544,https://raw.githubusercontent.com/bakered/co2emmisions/main/src_shiny_app/static/latin_america_and_the_caribbean_map.png
1239,Latin America and the Caribbean,2016.6000000000001,14183.103334566578,2.7786079552160277,2591520.5608,1.1019077692978527,https://raw.githubusercontent.com/bakered/co2emmisions/main/src_shiny_app/static/latin_america_and_the_caribbean_map.png
1240,Latin America and the Caribbean,2016.8000000000002,14210.76624574044,2.767051656831004,2588134.9634,1.1011882288016512,https://raw.githubusercontent.com/bakered/co2emmisions/main/src_shiny_app/static/latin_america_and_the_caribbean_map.png
1241,Latin America and the Caribbean,2017.0,14238.4291569143,2.75549535844598,2584749.366,1.1004686883054497,https://raw.githubusercontent.com/bakered/co2emmisions/main/src_shiny_app/static/latin_america_and_the_caribbean_map.png
1242,Latin America and the Caribbean,2017.0,14238.4291569143,2.75549535844598,2584749.366,1.1004686883054497,https://raw.githubusercontent.com/bakered/co2emmisions/main/src_shiny_app/static/latin_america_and_the_caribbean_map.png
1243,Latin America and the Caribbean,2017.2000000000003,14257.13240207264,2.7432535025334883,2581276.848,1.0997282226318026,https://raw.githubusercontent.com/bakered/co2emmisions/main/src_shiny_app/static/latin_america_and_the_caribbean_map.png
1244,Latin America and the Caribbean,2017.4,14275.835647230979,2.731011646620996,2577804.33,1.0989877569581554,https://raw.githubusercontent.com/bakered/co2emmisions/main/src_shiny_app/static/latin_america_and_the_caribbean_map.png
1245,Latin America and the Caribbean,2017.6,14294.538892389319,2.718769790708504,2574331.812,1.0982472912845083,https://raw.githubusercontent.com/bakered/co2emmisions/main/src_shiny_app/static/latin_america_and_the_caribbean_map.png
1246,Latin America and the Caribbean,2017.8,14313.24213754766,2.706527934796012,2570859.294,1.0975068256108609,https://raw.githubusercontent.com/bakered/co2emmisions/main/src_shiny_app/static/latin_america_and_the_caribbean_map.png
1247,Latin America and the Caribbean,2018.0,14331.945382706,2.69428607888352,2567386.776,1.0967663599372137,https://raw.githubusercontent.com/bakered/co2emmisions/main/src_shiny_app/static/latin_america_and_the_caribbean_map.png
1248,Latin America and the Caribbean,2018.0,14331.945382706,2.69428607888352,2567386.776,1.0967663599372137,https://raw.githubusercontent.com/bakered/co2emmisions/main/src_shiny_app/static/latin_america_and_the_caribbean_map.png
1249,Latin America and the Caribbean,2018.2,14320.62435428354,2.6955125426824527,2571943.865,1.0977375851346953,https://raw.githubusercontent.com/bakered/co2emmisions/main/src_shiny_app/static/latin_america_and_the_caribbean_map.png
1250,Latin America and the Caribbean,2018.4,14309.30332586108,2.6967390064813843,2576500.954,1.0987088103321767,https://raw.githubusercontent.com/bakered/co2emmisions/main/src_shiny_app/static/latin_america_and_the_caribbean_map.png
1251,Latin America and the Caribbean,2018.6,14297.982297438619,2.697965470280316,2581058.043,1.099680035529658,https://raw.githubusercontent.com/bakered/co2emmisions/main/src_shiny_app/static/latin_america_and_the_caribbean_map.png
1252,Latin America and the Caribbean,2018.8,14286.66126901616,2.699191934079248,2585615.132,1.1006512607271395,https://raw.githubusercontent.com/bakered/co2emmisions/main/src_shiny_app/static/latin_america_and_the_caribbean_map.png
1253,Latin America and the Caribbean,2019.0,14275.3402405937,2.70041839787818,2590172.221,1.1016224859246209,https://raw.githubusercontent.com/bakered/co2emmisions/main/src_shiny_app/static/latin_america_and_the_caribbean_map.png
1254,Latin America and the Caribbean,2019.0,14275.3402405937,2.70041839787818,2590172.221,1.1016224859246209,https://raw.githubusercontent.com/bakered/co2emmisions/main/src_shiny_app/static/latin_america_and_the_caribbean_map.png
1255,Latin America and the Caribbean,2019.2,14065.13265041826,2.6465376646432386,2561586.3168,1.0954573129972356,https://raw.githubusercontent.com/bakered/co2emmisions/main/src_shiny_app/static/latin_america_and_the_caribbean_map.png
1256,Latin America and the Caribbean,2019.3999999999999,13854.925060242818,2.592656931408296,2533000.4126,1.08929214006985,https://raw.githubusercontent.com/bakered/co2emmisions/main/src_shiny_app/static/latin_america_and_the_caribbean_map.png
1257,Latin America and the Caribbean,2019.6,13644.717470067379,2.538776198173354,2504414.5084,1.0831269671424648,https://raw.githubusercontent.com/bakered/co2emmisions/main/src_shiny_app/static/latin_america_and_the_caribbean_map.png
1258,Latin America and the Caribbean,2019.8,13434.509879891939,2.484895464938412,2475828.6042,1.0769617942150793,https://raw.githubusercontent.com/bakered/co2emmisions/main/src_shiny_app/static/latin_america_and_the_caribbean_map.png
1259,Latin America and the Caribbean,2020.0,13224.3022897165,2.43101473170347,2447242.7,1.0707966212876938,https://raw.githubusercontent.com/bakered/co2emmisions/main/src_shiny_app/static/latin_america_and_the_caribbean_map.png
1260,Latin America and the Caribbean,2020.0,13224.3022897165,2.43101473170347,2447242.7,1.0707966212876938,https://raw.githubusercontent.com/bakered/co2emmisions/main/src_shiny_app/static/latin_america_and_the_caribbean_map.png
1261,Latin America and the Caribbean,2020.2,13384.25531279754,2.4718983854198804,2474335.8232000005,1.0766441189062155,https://raw.githubusercontent.com/bakered/co2emmisions/main/src_shiny_app/static/latin_america_and_the_caribbean_map.png
1262,Latin America and the Caribbean,2020.4,13544.208335878579,2.5127820391362903,2501428.9464000002,1.0824916165247367,https://raw.githubusercontent.com/bakered/co2emmisions/main/src_shiny_app/static/latin_america_and_the_caribbean_map.png
1263,Latin America and the Caribbean,2020.6,13704.16135895962,2.5536656928527,2528522.0696,1.0883391141432583,https://raw.githubusercontent.com/bakered/co2emmisions/main/src_shiny_app/static/latin_america_and_the_caribbean_map.png
1264,Latin America and the Caribbean,2020.8000000000002,13864.11438204066,2.59454934656911,2555615.1928000003,1.0941866117617798,https://raw.githubusercontent.com/bakered/co2emmisions/main/src_shiny_app/static/latin_america_and_the_caribbean_map.png
1265,Latin America and the Caribbean,2021.0,14024.0674051217,2.63543300028552,2582708.316,1.1000341093803012,https://raw.githubusercontent.com/bakered/co2emmisions/main/src_shiny_app/static/latin_america_and_the_caribbean_map.png
1266,Latin America and the Caribbean,2021.0,14024.0674051217,2.63543300028552,2582708.316,1.1000341093803012,https://raw.githubusercontent.com/bakered/co2emmisions/main/src_shiny_app/static/latin_america_and_the_caribbean_map.png
1267,Latin America and the Caribbean,2021.2000000000003,14107.748944209801,2.64053246340266,2587895.7614,1.1011360750145203,https://raw.githubusercontent.com/bakered/co2emmisions/main/src_shiny_app/static/latin_america_and_the_caribbean_map.png
1268,Latin America and the Caribbean,2021.4,14191.4304832979,2.6456319265198,2593083.2068,1.1022380406487395,https://raw.githubusercontent.com/bakered/co2emmisions/main/src_shiny_app/static/latin_america_and_the_caribbean_map.png
1269,Latin America and the Caribbean,2021.6000000000001,14275.112022386,2.65073138963694,2598270.6522000004,1.1033400062829586,https://raw.githubusercontent.com/bakered/co2emmisions/main/src_shiny_app/static/latin_america_and_the_caribbean_map.png
1270,Latin America and the Caribbean,2021.8000000000002,14358.7935614741,2.6558308527540797,2603458.0976,1.1044419719171779,https://raw.githubusercontent.com/bakered/co2emmisions/main/src_shiny_app/static/latin_america_and_the_caribbean_map.png
1271,Latin America and the Caribbean,2022.0,14442.4751005622,2.66093031587122,2608645.543,1.105543937551397,https://raw.githubusercontent.com/bakered/co2emmisions/main/src_shiny_app/static/latin_america_and_the_caribbean_map.png
1272,Latin America and the Caribbean,2022.0,14442.4751005622,2.66093031587122,2608645.543,1.105543937551397,https://raw.githubusercontent.com/bakered/co2emmisions/main/src_shiny_app/static/latin_america_and_the_caribbean_map.png
1273,Latin America and the Caribbean,2022.2000000000003,14483.22817528826,2.66514151109851,2613464.8482000004,1.1065628008358646,https://raw.githubusercontent.com/bakered/co2emmisions/main/src_shiny_app/static/latin_america_and_the_caribbean_map.png
1274,Latin America and the Caribbean,2022.4,14523.98125001432,2.6693527063257996,2618284.1534,1.107581664120332,https://raw.githubusercontent.com/bakered/co2emmisions/main/src_shiny_app/static/latin_america_and_the_caribbean_map.png
1275,Latin America and the Caribbean,2022.6,14564.73432474038,2.6735639015530897,2623103.4586,1.1086005274047994,https://raw.githubusercontent.com/bakered/co2emmisions/main/src_shiny_app/static/latin_america_and_the_caribbean_map.png
1276,Latin America and the Caribbean,2022.8,14605.48739946644,2.6777750967803797,2627922.7638000003,1.109619390689267,https://raw.githubusercontent.com/bakered/co2emmisions/main/src_shiny_app/static/latin_america_and_the_caribbean_map.png
1277,Latin America and the Caribbean,2023.0,14646.2404741925,2.68198629200767,2632742.069,1.1106382539737345,https://raw.githubusercontent.com/bakered/co2emmisions/main/src_shiny_app/static/latin_america_and_the_caribbean_map.png
1278,Africa,1952.0,1493.65625805023,0.489155906233393,1110212.845,0.7212263664619516,https://raw.githubusercontent.com/bakered/co2emmisions/main/src_shiny_app/static/africa_map.png
1279,Africa,1952.2000000000003,1498.038915945082,0.48853799101315565,1110548.0234,0.7213351961974316,https://raw.githubusercontent.com/bakered/co2emmisions/main/src_shiny_app/static/africa_map.png
1280,Africa,1952.4,1502.421573839934,0.4879200757929182,1110883.2018,0.7214440259329117,https://raw.githubusercontent.com/bakered/co2emmisions/main/src_shiny_app/static/africa_map.png
1281,Africa,1952.6,1506.8042317347858,0.48730216057268083,1111218.3802,0.7215528556683917,https://raw.githubusercontent.com/bakered/co2emmisions/main/src_shiny_app/static/africa_map.png
1282,Africa,1952.8,1511.186889629638,0.48668424535244337,1111553.5585999999,0.7216616854038718,https://raw.githubusercontent.com/bakered/co2emmisions/main/src_shiny_app/static/africa_map.png
1283,Africa,1953.0,1515.56954752449,0.486066330132206,1111888.737,0.7217705151393518,https://raw.githubusercontent.com/bakered/co2emmisions/main/src_shiny_app/static/africa_map.png
1284,Africa,1953.0,1515.56954752449,0.486066330132206,1111888.737,0.7217705151393518,https://raw.githubusercontent.com/bakered/co2emmisions/main/src_shiny_app/static/africa_map.png
1285,Africa,1953.2,1523.185494596906,0.4886599968119814,1112994.7988,0.7221290638662863,https://raw.githubusercontent.com/bakered/co2emmisions/main/src_shiny_app/static/africa_map.png
1286,Africa,1953.4,1530.801441669322,0.4912536634917568,1114100.8606,0.7224876125932209,https://raw.githubusercontent.com/bakered/co2emmisions/main/src_shiny_app/static/africa_map.png
1287,Africa,1953.6,1538.417388741738,0.4938473301715322,1115206.9224,0.7228461613201553,https://raw.githubusercontent.com/bakered/co2emmisions/main/src_shiny_app/static/africa_map.png
1288,Africa,1953.8,1546.033335814154,0.4964409968513076,1116312.9842,0.72320471004709,https://raw.githubusercontent.com/bakered/co2emmisions/main/src_shiny_app/static/africa_map.png
1289,Africa,1954.0,1553.64928288657,0.499034663531083,1117419.046,0.7235632587740245,https://raw.githubusercontent.com/bakered/co2emmisions/main/src_shiny_app/static/africa_map.png
1290,Africa,1954.0,1553.64928288657,0.499034663531083,1117419.046,0.7235632587740245,https://raw.githubusercontent.com/bakered/co2emmisions/main/src_shiny_app/static/africa_map.png
1291,Africa,1954.2,1556.9918684087602,0.5066296581734464,1119786.884,0.7243278628698367,https://raw.githubusercontent.com/bakered/co2emmisions/main/src_shiny_app/static/africa_map.png
1292,Africa,1954.3999999999999,1560.33445393095,0.5142246528158099,1122154.722,0.7250924669656489,https://raw.githubusercontent.com/bakered/co2emmisions/main/src_shiny_app/static/africa_map.png
1293,Africa,1954.6,1563.67703945314,0.5218196474581732,1124522.56,0.7258570710614611,https://raw.githubusercontent.com/bakered/co2emmisions/main/src_shiny_app/static/africa_map.png
1294,Africa,1954.8,1567.01962497533,0.5294146421005366,1126890.398,0.7266216751572734,https://raw.githubusercontent.com/bakered/co2emmisions/main/src_shiny_app/static/africa_map.png
1295,Africa,1955.0,1570.36221049752,0.5370096367429,1129258.236,0.7273862792530856,https://raw.githubusercontent.com/bakered/co2emmisions/main/src_shiny_app/static/africa_map.png
1296,Africa,1955.0,1570.36221049752,0.5370096367429,1129258.236,0.7273862792530856,https://raw.githubusercontent.com/bakered/co2emmisions/main/src_shiny_app/static/africa_map.png
1297,Africa,1955.2,1575.4762507188361,0.539204139160241,1130398.727,0.7277531275203253,https://raw.githubusercontent.com/bakered/co2emmisions/main/src_shiny_app/static/africa_map.png
1298,Africa,1955.4,1580.590290940152,0.541398641577582,1131539.218,0.7281199757875649,https://raw.githubusercontent.com/bakered/co2emmisions/main/src_shiny_app/static/africa_map.png
1299,Africa,1955.6,1585.704331161468,0.5435931439949231,1132679.709,0.7284868240548046,https://raw.githubusercontent.com/bakered/co2emmisions/main/src_shiny_app/static/africa_map.png
1300,Africa,1955.8000000000002,1590.8183713827839,0.5457876464122641,1133820.2000000002,0.7288536723220442,https://raw.githubusercontent.com/bakered/co2emmisions/main/src_shiny_app/static/africa_map.png
1301,Africa,1956.0,1595.9324116041,0.547982148829605,1134960.691,0.7292205205892839,https://raw.githubusercontent.com/bakered/co2emmisions/main/src_shiny_app/static/africa_map.png
1302,Africa,1956.0,1595.9324116041,0.547982148829605,1134960.691,0.7292205205892839,https://raw.githubusercontent.com/bakered/co2emmisions/main/src_shiny_app/static/africa_map.png
1303,Africa,1956.2000000000003,1600.130297425738,0.5506108338463382,1136253.2016000003,0.7296351549302256,https://raw.githubusercontent.com/bakered/co2emmisions/main/src_shiny_app/static/africa_map.png
1304,Africa,1956.4,1604.328183247376,0.5532395188630714,1137545.7122,0.730049789271167,https://raw.githubusercontent.com/bakered/co2emmisions/main/src_shiny_app/static/africa_map.png
1305,Africa,1956.6000000000001,1608.526069069014,0.5558682038798046,1138838.2228,0.7304644236121087,https://raw.githubusercontent.com/bakered/co2emmisions/main/src_shiny_app/static/africa_map.png
1306,Africa,1956.8000000000002,1612.723954890652,0.5584968888965378,1140130.7334,0.7308790579530503,https://raw.githubusercontent.com/bakered/co2emmisions/main/src_shiny_app/static/africa_map.png
1307,Africa,1957.0,1616.92184071229,0.561125573913271,1141423.244,0.7312936922939919,https://raw.githubusercontent.com/bakered/co2emmisions/main/src_shiny_app/static/africa_map.png
1308,Africa,1957.0,1616.92184071229,0.561125573913271,1141423.244,0.7312936922939919,https://raw.githubusercontent.com/bakered/co2emmisions/main/src_shiny_app/static/africa_map.png
1309,Africa,1957.2000000000003,1616.4403171967022,0.5640059982260942,1142834.4235999999,0.7317450572046584,https://raw.githubusercontent.com/bakered/co2emmisions/main/src_shiny_app/static/africa_map.png
1310,Africa,1957.4,1615.958793681114,0.5668864225389174,1144245.6031999998,0.7321964221153249,https://raw.githubusercontent.com/bakered/co2emmisions/main/src_shiny_app/static/africa_map.png
1311,Africa,1957.6,1615.477270165526,0.5697668468517406,1145656.7828,0.7326477870259914,https://raw.githubusercontent.com/bakered/co2emmisions/main/src_shiny_app/static/africa_map.png
1312,Africa,1957.8,1614.9957466499382,0.5726472711645638,1147067.9623999998,0.7330991519366579,https://raw.githubusercontent.com/bakered/co2emmisions/main/src_shiny_app/static/africa_map.png
1313,Africa,1958.0,1614.51422313435,0.575527695477387,1148479.142,0.7335505168473244,https://raw.githubusercontent.com/bakered/co2emmisions/main/src_shiny_app/static/africa_map.png
1314,Africa,1958.0,1614.51422313435,0.575527695477387,1148479.142,0.7335505168473244,https://raw.githubusercontent.com/bakered/co2emmisions/main/src_shiny_app/static/africa_map.png
1315,Africa,1958.2,1620.8103739780242,0.5698475018694669,1148311.2327999999,0.733496884006434,https://raw.githubusercontent.com/bakered/co2emmisions/main/src_shiny_app/static/africa_map.png
1316,Africa,1958.4,1627.106524821698,0.5641673082615466,1148143.3236,0.7334432511655435,https://raw.githubusercontent.com/bakered/co2emmisions/main/src_shiny_app/static/africa_map.png
1317,Africa,1958.6,1633.402675665372,0.5584871146536264,1147975.4144,0.7333896183246529,https://raw.githubusercontent.com/bakered/co2emmisions/main/src_shiny_app/static/africa_map.png
1318,Africa,1958.8,1639.698826509046,0.5528069210457063,1147807.5052,0.7333359854837626,https://raw.githubusercontent.com/bakered/co2emmisions/main/src_shiny_app/static/africa_map.png
1319,Africa,1959.0,1645.99497735272,0.547126727437786,1147639.596,0.733282352642872,https://raw.githubusercontent.com/bakered/co2emmisions/main/src_shiny_app/static/africa_map.png
1320,Africa,1959.0,1645.99497735272,0.547126727437786,1147639.596,0.733282352642872,https://raw.githubusercontent.com/bakered/co2emmisions/main/src_shiny_app/static/africa_map.png
1321,Africa,1959.2,1652.1726169695683,0.5508441468223416,1149379.7752,0.7338372451498507,https://raw.githubusercontent.com/bakered/co2emmisions/main/src_shiny_app/static/africa_map.png
1322,Africa,1959.3999999999999,1658.350256586416,0.5545615662068972,1151119.9544,0.7343921376568294,https://raw.githubusercontent.com/bakered/co2emmisions/main/src_shiny_app/static/africa_map.png
1323,Africa,1959.6,1664.527896203264,0.5582789855914528,1152860.1336,0.7349470301638081,https://raw.githubusercontent.com/bakered/co2emmisions/main/src_shiny_app/static/africa_map.png
1324,Africa,1959.8,1670.7055358201121,0.5619964049760084,1154600.3128,0.7355019226707867,https://raw.githubusercontent.com/bakered/co2emmisions/main/src_shiny_app/static/africa_map.png
1325,Africa,1960.0,1676.88317543696,0.565713824360564,1156340.492,0.7360568151777654,https://raw.githubusercontent.com/bakered/co2emmisions/main/src_shiny_app/static/africa_map.png
1326,Africa,1960.0,1676.88317543696,0.565713824360564,1156340.492,0.7360568151777654,https://raw.githubusercontent.com/bakered/co2emmisions/main/src_shiny_app/static/africa_map.png
1327,Africa,1960.2,1676.0283994311262,0.5669698654463053,1157430.6382000002,0.7364033680196148,https://raw.githubusercontent.com/bakered/co2emmisions/main/src_shiny_app/static/africa_map.png
1328,Africa,1960.4,1675.173623425292,0.5682259065320465,1158520.7844,0.7367499208614641,https://raw.githubusercontent.com/bakered/co2emmisions/main/src_shiny_app/static/africa_map.png
1329,Africa,1960.6,1674.318847419458,0.5694819476177877,1159610.9306,0.7370964737033134,https://raw.githubusercontent.com/bakered/co2emmisions/main/src_shiny_app/static/africa_map.png
1330,Africa,1960.8000000000002,1673.464071413624,0.5707379887035289,1160701.0768,0.7374430265451628,https://raw.githubusercontent.com/bakered/co2emmisions/main/src_shiny_app/static/africa_map.png
1331,Africa,1961.0,1672.60929540779,0.57199402978927,1161791.223,0.7377895793870122,https://raw.githubusercontent.com/bakered/co2emmisions/main/src_shiny_app/static/africa_map.png
1332,Africa,1961.0,1672.60929540779,0.57199402978927,1161791.223,0.7377895793870122,https://raw.githubusercontent.com/bakered/co2emmisions/main/src_shiny_app/static/africa_map.png
1333,Africa,1961.2000000000003,1676.9926007819759,0.5723593074997586,1162654.81,0.7380635333331957,https://raw.githubusercontent.com/bakered/co2emmisions/main/src_shiny_app/static/africa_map.png
1334,Africa,1961.4,1681.3759061561618,0.5727245852102473,1163518.3969999999,0.7383374872793793,https://raw.githubusercontent.com/bakered/co2emmisions/main/src_shiny_app/static/africa_map.png
1335,Africa,1961.6000000000001,1685.7592115303478,0.5730898629207358,1164381.984,0.7386114412255629,https://raw.githubusercontent.com/bakered/co2emmisions/main/src_shiny_app/static/africa_map.png
1336,Africa,1961.8000000000002,1690.142516904534,0.5734551406312245,1165245.571,0.7388853951717465,https://raw.githubusercontent.com/bakered/co2emmisions/main/src_shiny_app/static/africa_map.png
1337,Africa,1962.0,1694.52582227872,0.573820418341713,1166109.158,0.73915934911793,https://raw.githubusercontent.com/bakered/co2emmisions/main/src_shiny_app/static/africa_map.png
1338,Africa,1962.0,1694.52582227872,0.573820418341713,1166109.158,0.73915934911793,https://raw.githubusercontent.com/bakered/co2emmisions/main/src_shiny_app/static/africa_map.png
1339,Africa,1962.2000000000003,1709.4382257929,0.5777081027159613,1168106.7588000002,0.739791106884568,https://raw.githubusercontent.com/bakered/co2emmisions/main/src_shiny_app/static/africa_map.png
1340,Africa,1962.4,1724.35062930708,0.5815957870902094,1170104.3596,0.7404228646512059,https://raw.githubusercontent.com/bakered/co2emmisions/main/src_shiny_app/static/africa_map.png
1341,Africa,1962.6,1739.26303282126,0.5854834714644577,1172101.9604000002,0.7410546224178438,https://raw.githubusercontent.com/bakered/co2emmisions/main/src_shiny_app/static/africa_map.png
1342,Africa,1962.8,1754.17543633544,0.5893711558387058,1174099.5612,0.7416863801844816,https://raw.githubusercontent.com/bakered/co2emmisions/main/src_shiny_app/static/africa_map.png
1343,Africa,1963.0,1769.08783984962,0.593258840212954,1176097.162,0.7423181379511196,https://raw.githubusercontent.com/bakered/co2emmisions/main/src_shiny_app/static/africa_map.png
1344,Africa,1963.0,1769.08783984962,0.593258840212954,1176097.162,0.7423181379511196,https://raw.githubusercontent.com/bakered/co2emmisions/main/src_shiny_app/static/africa_map.png
1345,Africa,1963.2,1778.1561165562962,0.601506825132585,1179548.567,0.7434033844141765,https://raw.githubusercontent.com/bakered/co2emmisions/main/src_shiny_app/static/africa_map.png
1346,Africa,1963.4,1787.2243932629722,0.6097548100522161,1182999.972,0.7444886308772336,https://raw.githubusercontent.com/bakered/co2emmisions/main/src_shiny_app/static/africa_map.png
1347,Africa,1963.6,1796.2926699696482,0.618002794971847,1186451.3769999999,0.7455738773402905,https://raw.githubusercontent.com/bakered/co2emmisions/main/src_shiny_app/static/africa_map.png
1348,Africa,1963.8,1805.360946676324,0.626250779891478,1189902.782,0.7466591238033475,https://raw.githubusercontent.com/bakered/co2emmisions/main/src_shiny_app/static/africa_map.png
1349,Africa,1964.0,1814.429223383,0.634498764811109,1193354.187,0.7477443702664045,https://raw.githubusercontent.com/bakered/co2emmisions/main/src_shiny_app/static/africa_map.png
1350,Africa,1964.0,1814.429223383,0.634498764811109,1193354.187,0.7477443702664045,https://raw.githubusercontent.com/bakered/co2emmisions/main/src_shiny_app/static/africa_map.png
1351,Africa,1964.2,1824.1914430477582,0.6440897793196855,1197344.7837999999,0.7489894224737517,https://raw.githubusercontent.com/bakered/co2emmisions/main/src_shiny_app/static/africa_map.png
1352,Africa,1964.3999999999999,1833.953662712516,0.6536807938282618,1201335.3805999998,0.7502344746810987,https://raw.githubusercontent.com/bakered/co2emmisions/main/src_shiny_app/static/africa_map.png
1353,Africa,1964.6,1843.7158823772738,0.6632718083368382,1205325.9774,0.7514795268884458,https://raw.githubusercontent.com/bakered/co2emmisions/main/src_shiny_app/static/africa_map.png
1354,Africa,1964.8,1853.4781020420319,0.6728628228454147,1209316.5742,0.7527245790957928,https://raw.githubusercontent.com/bakered/co2emmisions/main/src_shiny_app/static/africa_map.png
1355,Africa,1965.0,1863.24032170679,0.682453837353991,1213307.171,0.7539696313031399,https://raw.githubusercontent.com/bakered/co2emmisions/main/src_shiny_app/static/africa_map.png
1356,Africa,1965.0,1863.24032170679,0.682453837353991,1213307.171,0.7539696313031399,https://raw.githubusercontent.com/bakered/co2emmisions/main/src_shiny_app/static/africa_map.png
1357,Africa,1965.2,1863.234123333244,0.6836275944006641,1214791.7674,0.7544302046105182,https://raw.githubusercontent.com/bakered/co2emmisions/main/src_shiny_app/static/africa_map.png
1358,Africa,1965.4,1863.227924959698,0.684801351447337,1216276.3638,0.7548907779178965,https://raw.githubusercontent.com/bakered/co2emmisions/main/src_shiny_app/static/africa_map.png
1359,Africa,1965.6,1863.221726586152,0.68597510849401,1217760.9602,0.7553513512252749,https://raw.githubusercontent.com/bakered/co2emmisions/main/src_shiny_app/static/africa_map.png
1360,Africa,1965.8000000000002,1863.215528212606,0.687148865540683,1219245.5566,0.7558119245326531,https://raw.githubusercontent.com/bakered/co2emmisions/main/src_shiny_app/static/africa_map.png
1361,Africa,1966.0,1863.20932983906,0.688322622587356,1220730.153,0.7562724978400315,https://raw.githubusercontent.com/bakered/co2emmisions/main/src_shiny_app/static/africa_map.png
1362,Africa,1966.0,1863.20932983906,0.688322622587356,1220730.153,0.7562724978400315,https://raw.githubusercontent.com/bakered/co2emmisions/main/src_shiny_app/static/africa_map.png
1363,Africa,1966.2000000000003,1860.3080440859621,0.6944080522447968,1223896.4486,0.7572501375195198,https://raw.githubusercontent.com/bakered/co2emmisions/main/src_shiny_app/static/africa_map.png
1364,Africa,1966.4,1857.4067583328642,0.7004934819022376,1227062.7442,0.758227777199008,https://raw.githubusercontent.com/bakered/co2emmisions/main/src_shiny_app/static/africa_map.png
1365,Africa,1966.6000000000001,1854.505472579766,0.7065789115596784,1230229.0398,0.7592054168784963,https://raw.githubusercontent.com/bakered/co2emmisions/main/src_shiny_app/static/africa_map.png
1366,Africa,1966.8000000000002,1851.6041868266682,0.7126643412171192,1233395.3354,0.7601830565579847,https://raw.githubusercontent.com/bakered/co2emmisions/main/src_shiny_app/static/africa_map.png
1367,Africa,1967.0,1848.70290107357,0.71874977087456,1236561.631,0.761160696237473,https://raw.githubusercontent.com/bakered/co2emmisions/main/src_shiny_app/static/africa_map.png
1368,Africa,1967.0,1848.70290107357,0.71874977087456,1236561.631,0.761160696237473,https://raw.githubusercontent.com/bakered/co2emmisions/main/src_shiny_app/static/africa_map.png
1369,Africa,1967.2000000000003,1855.9793042985323,0.7270873354162779,1240622.1016000002,0.7624053118218008,https://raw.githubusercontent.com/bakered/co2emmisions/main/src_shiny_app/static/africa_map.png
1370,Africa,1967.4,1863.255707523494,0.7354248999579956,1244682.5722,0.7636499274061286,https://raw.githubusercontent.com/bakered/co2emmisions/main/src_shiny_app/static/africa_map.png
1371,Africa,1967.6,1870.532110748456,0.7437624644997134,1248743.0428,0.7648945429904566,https://raw.githubusercontent.com/bakered/co2emmisions/main/src_shiny_app/static/africa_map.png
1372,Africa,1967.8,1877.808513973418,0.7521000290414313,1252803.5134,0.7661391585747843,https://raw.githubusercontent.com/bakered/co2emmisions/main/src_shiny_app/static/africa_map.png
1373,Africa,1968.0,1885.08491719838,0.760437593583149,1256863.984,0.7673837741591122,https://raw.githubusercontent.com/bakered/co2emmisions/main/src_shiny_app/static/africa_map.png
1374,Africa,1968.0,1885.08491719838,0.760437593583149,1256863.984,0.7673837741591122,https://raw.githubusercontent.com/bakered/co2emmisions/main/src_shiny_app/static/africa_map.png
1375,Africa,1968.2,1904.7180298918101,0.7682901509494781,1260934.9318000001,0.7686215503287646,https://raw.githubusercontent.com/bakered/co2emmisions/main/src_shiny_app/static/africa_map.png
1376,Africa,1968.4,1924.35114258524,0.776142708315807,1265005.8795999999,0.769859326498417,https://raw.githubusercontent.com/bakered/co2emmisions/main/src_shiny_app/static/africa_map.png
1377,Africa,1968.6,1943.98425527867,0.7839952656821361,1269076.8273999998,0.7710971026680694,https://raw.githubusercontent.com/bakered/co2emmisions/main/src_shiny_app/static/africa_map.png
1378,Africa,1968.8,1963.6173679720998,0.7918478230484649,1273147.7752,0.7723348788377219,https://raw.githubusercontent.com/bakered/co2emmisions/main/src_shiny_app/static/africa_map.png
1379,Africa,1969.0,1983.25048066553,0.799700380414794,1277218.723,0.7735726550073743,https://raw.githubusercontent.com/bakered/co2emmisions/main/src_shiny_app/static/africa_map.png
1380,Africa,1969.0,1983.25048066553,0.799700380414794,1277218.723,0.7735726550073743,https://raw.githubusercontent.com/bakered/co2emmisions/main/src_shiny_app/static/africa_map.png
1381,Africa,1969.2,2005.962175313728,0.8096407478241272,1282134.7978,0.7750543189622364,https://raw.githubusercontent.com/bakered/co2emmisions/main/src_shiny_app/static/africa_map.png
1382,Africa,1969.3999999999999,2028.673869961926,0.8195811152334604,1287050.8726,0.7765359829170985,https://raw.githubusercontent.com/bakered/co2emmisions/main/src_shiny_app/static/africa_map.png
1383,Africa,1969.6,2051.3855646101238,0.8295214826427936,1291966.9474,0.7780176468719606,https://raw.githubusercontent.com/bakered/co2emmisions/main/src_shiny_app/static/africa_map.png
1384,Africa,1969.8,2074.097259258322,0.8394618500521269,1296883.0222,0.7794993108268227,https://raw.githubusercontent.com/bakered/co2emmisions/main/src_shiny_app/static/africa_map.png
1385,Africa,1970.0,2096.80895390652,0.84940221746146,1301799.097,0.7809809747816848,https://raw.githubusercontent.com/bakered/co2emmisions/main/src_shiny_app/static/africa_map.png
1386,Africa,1970.0,2096.80895390652,0.84940221746146,1301799.097,0.7809809747816848,https://raw.githubusercontent.com/bakered/co2emmisions/main/src_shiny_app/static/africa_map.png
1387,Africa,1970.2,2105.568404201212,0.8610958668844053,1307644.2892000002,0.7827245794873201,https://raw.githubusercontent.com/bakered/co2emmisions/main/src_shiny_app/static/africa_map.png
1388,Africa,1970.4,2114.327854495904,0.8727895163073505,1313489.4814,0.7844681841929554,https://raw.githubusercontent.com/bakered/co2emmisions/main/src_shiny_app/static/africa_map.png
1389,Africa,1970.6,2123.087304790596,0.8844831657302956,1319334.6735999999,0.7862117888985907,https://raw.githubusercontent.com/bakered/co2emmisions/main/src_shiny_app/static/africa_map.png
1390,Africa,1970.8000000000002,2131.8467550852884,0.8961768151532408,1325179.8658,0.787955393604226,https://raw.githubusercontent.com/bakered/co2emmisions/main/src_shiny_app/static/africa_map.png
1391,Africa,1971.0,2140.60620537998,0.907870464576186,1331025.058,0.7896989983098612,https://raw.githubusercontent.com/bakered/co2emmisions/main/src_shiny_app/static/africa_map.png
1392,Africa,1971.0,2140.60620537998,0.907870464576186,1331025.058,0.7896989983098612,https://raw.githubusercontent.com/bakered/co2emmisions/main/src_shiny_app/static/africa_map.png
1393,Africa,1971.2000000000003,2146.7734332815526,0.9136700188163727,1335024.1796000001,0.7908809181201715,https://raw.githubusercontent.com/bakered/co2emmisions/main/src_shiny_app/static/africa_map.png
1394,Africa,1971.4,2152.940661183124,0.9194695730565592,1339023.3011999999,0.7920628379304817,https://raw.githubusercontent.com/bakered/co2emmisions/main/src_shiny_app/static/africa_map.png
1395,Africa,1971.6000000000001,2159.107889084696,0.9252691272967457,1343022.4228,0.7932447577407917,https://raw.githubusercontent.com/bakered/co2emmisions/main/src_shiny_app/static/africa_map.png
1396,Africa,1971.8000000000002,2165.275116986268,0.9310686815369325,1347021.5443999998,0.7944266775511021,https://raw.githubusercontent.com/bakered/co2emmisions/main/src_shiny_app/static/africa_map.png
1397,Africa,1972.0,2171.44234488784,0.936868235777119,1351020.666,0.7956085973614122,https://raw.githubusercontent.com/bakered/co2emmisions/main/src_shiny_app/static/africa_map.png
1398,Africa,1972.0,2171.44234488784,0.936868235777119,1351020.666,0.7956085973614122,https://raw.githubusercontent.com/bakered/co2emmisions/main/src_shiny_app/static/africa_map.png
1399,Africa,1972.2000000000003,2176.3685084051945,0.9456120354696855,1356240.6668,0.7971382597168276,https://raw.githubusercontent.com/bakered/co2emmisions/main/src_shiny_app/static/africa_map.png
1400,Africa,1972.4,2181.294671922548,0.9543558351622518,1361460.6676,0.7986679220722429,https://raw.githubusercontent.com/bakered/co2emmisions/main/src_shiny_app/static/africa_map.png
1401,Africa,1972.6,2186.2208354399017,0.9630996348548182,1366680.6683999998,0.8001975844276583,https://raw.githubusercontent.com/bakered/co2emmisions/main/src_shiny_app/static/africa_map.png
1402,Africa,1972.8,2191.146998957256,0.9718434345473845,1371900.6692,0.8017272467830736,https://raw.githubusercontent.com/bakered/co2emmisions/main/src_shiny_app/static/africa_map.png
1403,Africa,1973.0,2196.07316247461,0.980587234239951,1377120.67,0.803256909138489,https://raw.githubusercontent.com/bakered/co2emmisions/main/src_shiny_app/static/africa_map.png
1404,Africa,1973.0,2196.07316247461,0.980587234239951,1377120.67,0.803256909138489,https://raw.githubusercontent.com/bakered/co2emmisions/main/src_shiny_app/static/africa_map.png
1405,Africa,1973.2,2208.30478254332,0.9807799045066399,1379175.773,0.8038551529236554,https://raw.githubusercontent.com/bakered/co2emmisions/main/src_shiny_app/static/africa_map.png
1406,Africa,1973.4,2220.5364026120296,0.9809725747733287,1381230.876,0.8044533967088217,https://raw.githubusercontent.com/bakered/co2emmisions/main/src_shiny_app/static/africa_map.png
1407,Africa,1973.6,2232.7680226807397,0.9811652450400175,1383285.979,0.8050516404939879,https://raw.githubusercontent.com/bakered/co2emmisions/main/src_shiny_app/static/africa_map.png
1408,Africa,1973.8,2244.99964274945,0.9813579153067062,1385341.082,0.8056498842791543,https://raw.githubusercontent.com/bakered/co2emmisions/main/src_shiny_app/static/africa_map.png
1409,Africa,1974.0,2257.23126281816,0.981550585573395,1387396.185,0.8062481280643206,https://raw.githubusercontent.com/bakered/co2emmisions/main/src_shiny_app/static/africa_map.png
1410,Africa,1974.0,2257.23126281816,0.981550585573395,1387396.185,0.8062481280643206,https://raw.githubusercontent.com/bakered/co2emmisions/main/src_shiny_app/static/africa_map.png
1411,Africa,1974.2,2249.68560549386,0.976005590981694,1387151.7710000002,0.8061770950943238,https://raw.githubusercontent.com/bakered/co2emmisions/main/src_shiny_app/static/africa_map.png
1412,Africa,1974.3999999999999,2242.13994816956,0.970460596389993,1386907.357,0.8061060621243268,https://raw.githubusercontent.com/bakered/co2emmisions/main/src_shiny_app/static/africa_map.png
1413,Africa,1974.6,2234.59429084526,0.964915601798292,1386662.943,0.8060350291543301,https://raw.githubusercontent.com/bakered/co2emmisions/main/src_shiny_app/static/africa_map.png
1414,Africa,1974.8,2227.04863352096,0.959370607206591,1386418.529,0.8059639961843331,https://raw.githubusercontent.com/bakered/co2emmisions/main/src_shiny_app/static/africa_map.png
1415,Africa,1975.0,2219.50297619666,0.95382561261489,1386174.115,0.8058929632143363,https://raw.githubusercontent.com/bakered/co2emmisions/main/src_shiny_app/static/africa_map.png
1416,Africa,1975.0,2219.50297619666,0.95382561261489,1386174.115,0.8058929632143363,https://raw.githubusercontent.com/bakered/co2emmisions/main/src_shiny_app/static/africa_map.png
1417,Africa,1975.2,2236.6008567067242,0.964628625153436,1392765.8108,0.8077978446477567,https://raw.githubusercontent.com/bakered/co2emmisions/main/src_shiny_app/static/africa_map.png
1418,Africa,1975.4,2253.698737216788,0.9754316376919819,1399357.5066,0.8097027260811771,https://raw.githubusercontent.com/bakered/co2emmisions/main/src_shiny_app/static/africa_map.png
1419,Africa,1975.6,2270.7966177268518,0.9862346502305279,1405949.2024,0.8116076075145973,https://raw.githubusercontent.com/bakered/co2emmisions/main/src_shiny_app/static/africa_map.png
1420,Africa,1975.8000000000002,2287.894498236916,0.9970376627690739,1412540.8982,0.8135124889480178,https://raw.githubusercontent.com/bakered/co2emmisions/main/src_shiny_app/static/africa_map.png
1421,Africa,1976.0,2304.99237874698,1.00784067530762,1419132.594,0.815417370381438,https://raw.githubusercontent.com/bakered/co2emmisions/main/src_shiny_app/static/africa_map.png
1422,Africa,1976.0,2304.99237874698,1.00784067530762,1419132.594,0.815417370381438,https://raw.githubusercontent.com/bakered/co2emmisions/main/src_shiny_app/static/africa_map.png
1423,Africa,1976.2000000000003,2310.790404825488,1.008302542838492,1421668.8426,0.8161443995570135,https://raw.githubusercontent.com/bakered/co2emmisions/main/src_shiny_app/static/africa_map.png
1424,Africa,1976.4,2316.588430903996,1.008764410369364,1424205.0912000001,0.8168714287325887,https://raw.githubusercontent.com/bakered/co2emmisions/main/src_shiny_app/static/africa_map.png
1425,Africa,1976.6000000000001,2322.386456982504,1.0092262779002361,1426741.3398000002,0.817598457908164,https://raw.githubusercontent.com/bakered/co2emmisions/main/src_shiny_app/static/africa_map.png
1426,Africa,1976.8000000000002,2328.184483061012,1.009688145431108,1429277.5884,0.8183254870837393,https://raw.githubusercontent.com/bakered/co2emmisions/main/src_shiny_app/static/africa_map.png
1427,Africa,1977.0,2333.98250913952,1.01015001296198,1431813.837,0.8190525162593146,https://raw.githubusercontent.com/bakered/co2emmisions/main/src_shiny_app/static/africa_map.png
1428,Africa,1977.0,2333.98250913952,1.01015001296198,1431813.837,0.8190525162593146,https://raw.githubusercontent.com/bakered/co2emmisions/main/src_shiny_app/static/africa_map.png
1429,Africa,1977.2000000000003,2333.093229478262,1.018244009485802,1437752.0638000001,0.8207422482490394,https://raw.githubusercontent.com/bakered/co2emmisions/main/src_shiny_app/static/africa_map.png
1430,Africa,1977.4,2332.203949817004,1.026338006009624,1443690.2906,0.8224319802387641,https://raw.githubusercontent.com/bakered/co2emmisions/main/src_shiny_app/static/africa_map.png
1431,Africa,1977.6,2331.314670155746,1.0344320025334461,1449628.5173999998,0.8241217122284887,https://raw.githubusercontent.com/bakered/co2emmisions/main/src_shiny_app/static/africa_map.png
1432,Africa,1977.8,2330.425390494488,1.042525999057268,1455566.7442,0.8258114442182134,https://raw.githubusercontent.com/bakered/co2emmisions/main/src_shiny_app/static/africa_map.png
1433,Africa,1978.0,2329.53611083323,1.05061999558109,1461504.971,0.8275011762079382,https://raw.githubusercontent.com/bakered/co2emmisions/main/src_shiny_app/static/africa_map.png
1434,Africa,1978.0,2329.53611083323,1.05061999558109,1461504.971,0.8275011762079382,https://raw.githubusercontent.com/bakered/co2emmisions/main/src_shiny_app/static/africa_map.png
1435,Africa,1978.2,2338.4266640974342,1.0612495849504722,1468846.4002,0.8295666388249037,https://raw.githubusercontent.com/bakered/co2emmisions/main/src_shiny_app/static/africa_map.png
1436,Africa,1978.4,2347.317217361638,1.0718791743198541,1476187.8294,0.831632101441869,https://raw.githubusercontent.com/bakered/co2emmisions/main/src_shiny_app/static/africa_map.png
1437,Africa,1978.6,2356.207770625842,1.082508763689236,1483529.2586,0.8336975640588344,https://raw.githubusercontent.com/bakered/co2emmisions/main/src_shiny_app/static/africa_map.png
1438,Africa,1978.8,2365.0983238900462,1.093138353058618,1490870.6878,0.8357630266757999,https://raw.githubusercontent.com/bakered/co2emmisions/main/src_shiny_app/static/africa_map.png
1439,Africa,1979.0,2373.98887715425,1.103767942428,1498212.117,0.8378284892927653,https://raw.githubusercontent.com/bakered/co2emmisions/main/src_shiny_app/static/africa_map.png
1440,Africa,1979.0,2373.98887715425,1.103767942428,1498212.117,0.8378284892927653,https://raw.githubusercontent.com/bakered/co2emmisions/main/src_shiny_app/static/africa_map.png
1441,Africa,1979.2,2381.796651894684,1.113610123648346,1505551.4004000002,0.8398682077937901,https://raw.githubusercontent.com/bakered/co2emmisions/main/src_shiny_app/static/africa_map.png
1442,Africa,1979.3999999999999,2389.604426635118,1.123452304868692,1512890.6838,0.8419079262948148,https://raw.githubusercontent.com/bakered/co2emmisions/main/src_shiny_app/static/africa_map.png
1443,Africa,1979.6,2397.4122013755523,1.1332944860890382,1520229.9672,0.8439476447958395,https://raw.githubusercontent.com/bakered/co2emmisions/main/src_shiny_app/static/africa_map.png
1444,Africa,1979.8,2405.219976115986,1.1431366673093841,1527569.2506,0.8459873632968642,https://raw.githubusercontent.com/bakered/co2emmisions/main/src_shiny_app/static/africa_map.png
1445,Africa,1980.0,2413.02775085642,1.15297884852973,1534908.534,0.8480270817978889,https://raw.githubusercontent.com/bakered/co2emmisions/main/src_shiny_app/static/africa_map.png
1446,Africa,1980.0,2413.02775085642,1.15297884852973,1534908.534,0.8480270817978889,https://raw.githubusercontent.com/bakered/co2emmisions/main/src_shiny_app/static/africa_map.png
1447,Africa,1980.2,2403.495947652336,1.1516978497685062,1537588.2618,0.8487657394913158,https://raw.githubusercontent.com/bakered/co2emmisions/main/src_shiny_app/static/africa_map.png
1448,Africa,1980.4,2393.9641444482522,1.150416851007282,1540267.9896,0.8495043971847427,https://raw.githubusercontent.com/bakered/co2emmisions/main/src_shiny_app/static/africa_map.png
1449,Africa,1980.6,2384.432341244168,1.149135852246058,1542947.7174,0.8502430548781694,https://raw.githubusercontent.com/bakered/co2emmisions/main/src_shiny_app/static/africa_map.png
1450,Africa,1980.8000000000002,2374.900538040084,1.147854853484834,1545627.4452,0.8509817125715964,https://raw.githubusercontent.com/bakered/co2emmisions/main/src_shiny_app/static/africa_map.png
1451,Africa,1981.0,2365.368734836,1.14657385472361,1548307.173,0.8517203702650232,https://raw.githubusercontent.com/bakered/co2emmisions/main/src_shiny_app/static/africa_map.png
1452,Africa,1981.0,2365.368734836,1.14657385472361,1548307.173,0.8517203702650232,https://raw.githubusercontent.com/bakered/co2emmisions/main/src_shiny_app/static/africa_map.png
1453,Africa,1981.2000000000003,2366.06422169463,1.148931147104234,1552833.6003999999,0.852960842486824,https://raw.githubusercontent.com/bakered/co2emmisions/main/src_shiny_app/static/africa_map.png
1454,Africa,1981.4,2366.7597085532598,1.151288439484858,1557360.0278,0.8542013147086245,https://raw.githubusercontent.com/bakered/co2emmisions/main/src_shiny_app/static/africa_map.png
1455,Africa,1981.6000000000001,2367.4551954118897,1.153645731865482,1561886.4552,0.8554417869304253,https://raw.githubusercontent.com/bakered/co2emmisions/main/src_shiny_app/static/africa_map.png
1456,Africa,1981.8000000000002,2368.15068227052,1.156003024246106,1566412.8826000001,0.8566822591522258,https://raw.githubusercontent.com/bakered/co2emmisions/main/src_shiny_app/static/africa_map.png
1457,Africa,1982.0,2368.84616912915,1.15836031662673,1570939.31,0.8579227313740265,https://raw.githubusercontent.com/bakered/co2emmisions/main/src_shiny_app/static/africa_map.png
1458,Africa,1982.0,2368.84616912915,1.15836031662673,1570939.31,0.8579227313740265,https://raw.githubusercontent.com/bakered/co2emmisions/main/src_shiny_app/static/africa_map.png
1459,Africa,1982.2000000000003,2358.2108556456983,1.160407213437072,1575463.2258000001,0.8591536187964073,https://raw.githubusercontent.com/bakered/co2emmisions/main/src_shiny_app/static/africa_map.png
1460,Africa,1982.4,2347.575542162246,1.162454110247414,1579987.1416000002,0.860384506218788,https://raw.githubusercontent.com/bakered/co2emmisions/main/src_shiny_app/static/africa_map.png
1461,Africa,1982.6,2336.9402286787945,1.164501007057756,1584511.0573999998,0.8616153936411686,https://raw.githubusercontent.com/bakered/co2emmisions/main/src_shiny_app/static/africa_map.png
1462,Africa,1982.8,2326.3049151953423,1.166547903868098,1589034.9732000001,0.8628462810635493,https://raw.githubusercontent.com/bakered/co2emmisions/main/src_shiny_app/static/africa_map.png
1463,Africa,1983.0,2315.66960171189,1.16859480067844,1593558.889,0.8640771684859301,https://raw.githubusercontent.com/bakered/co2emmisions/main/src_shiny_app/static/africa_map.png
1464,Africa,1983.0,2315.66960171189,1.16859480067844,1593558.889,0.8640771684859301,https://raw.githubusercontent.com/bakered/co2emmisions/main/src_shiny_app/static/africa_map.png
1465,Africa,1983.2,2313.0766696711726,1.183114086163068,1604565.3136000002,0.8670358541916448,https://raw.githubusercontent.com/bakered/co2emmisions/main/src_shiny_app/static/africa_map.png
1466,Africa,1983.4,2310.483737630454,1.197633371647696,1615571.7382,0.8699945398973593,https://raw.githubusercontent.com/bakered/co2emmisions/main/src_shiny_app/static/africa_map.png
1467,Africa,1983.6,2307.8908055897364,1.212152657132324,1626578.1628,0.8729532256030739,https://raw.githubusercontent.com/bakered/co2emmisions/main/src_shiny_app/static/africa_map.png
1468,Africa,1983.8,2305.2978735490183,1.2266719426169521,1637584.5874,0.8759119113087886,https://raw.githubusercontent.com/bakered/co2emmisions/main/src_shiny_app/static/africa_map.png
1469,Africa,1984.0,2302.7049415083,1.24119122810158,1648591.012,0.8788705970145032,https://raw.githubusercontent.com/bakered/co2emmisions/main/src_shiny_app/static/africa_map.png
1470,Africa,1984.0,2302.7049415083,1.24119122810158,1648591.012,0.8788705970145032,https://raw.githubusercontent.com/bakered/co2emmisions/main/src_shiny_app/static/africa_map.png
1471,Africa,1984.2,2305.98896507512,1.240511003712372,1651863.4346000003,0.8797407143085954,https://raw.githubusercontent.com/bakered/co2emmisions/main/src_shiny_app/static/africa_map.png
1472,Africa,1984.3999999999999,2309.27298864194,1.2398307793231642,1655135.8572,0.8806108316026874,https://raw.githubusercontent.com/bakered/co2emmisions/main/src_shiny_app/static/africa_map.png
1473,Africa,1984.6,2312.55701220876,1.239150554933956,1658408.2798000001,0.8814809488967795,https://raw.githubusercontent.com/bakered/co2emmisions/main/src_shiny_app/static/africa_map.png
1474,Africa,1984.8,2315.84103577558,1.238470330544748,1661680.7023999998,0.8823510661908716,https://raw.githubusercontent.com/bakered/co2emmisions/main/src_shiny_app/static/africa_map.png
1475,Africa,1985.0,2319.1250593424,1.23779010615554,1664953.125,0.8832211834849637,https://raw.githubusercontent.com/bakered/co2emmisions/main/src_shiny_app/static/africa_map.png
1476,Africa,1985.0,2319.1250593424,1.23779010615554,1664953.125,0.8832211834849637,https://raw.githubusercontent.com/bakered/co2emmisions/main/src_shiny_app/static/africa_map.png
1477,Africa,1985.2,2316.335239879488,1.2397771643779323,1669743.9756,0.8844873661783915,https://raw.githubusercontent.com/bakered/co2emmisions/main/src_shiny_app/static/africa_map.png
1478,Africa,1985.4,2313.5454204165762,1.241764222600324,1674534.8262,0.8857535488718192,https://raw.githubusercontent.com/bakered/co2emmisions/main/src_shiny_app/static/africa_map.png
1479,Africa,1985.6,2310.755600953664,1.243751280822716,1679325.6768,0.887019731565247,https://raw.githubusercontent.com/bakered/co2emmisions/main/src_shiny_app/static/africa_map.png
1480,Africa,1985.8000000000002,2307.965781490752,1.245738339045108,1684116.5274,0.8882859142586748,https://raw.githubusercontent.com/bakered/co2emmisions/main/src_shiny_app/static/africa_map.png
1481,Africa,1986.0,2305.17596202784,1.2477253972675,1688907.378,0.8895520969521026,https://raw.githubusercontent.com/bakered/co2emmisions/main/src_shiny_app/static/africa_map.png
1482,Africa,1986.0,2305.17596202784,1.2477253972675,1688907.378,0.8895520969521026,https://raw.githubusercontent.com/bakered/co2emmisions/main/src_shiny_app/static/africa_map.png
1483,Africa,1986.2000000000003,2298.849200568858,1.241136290532798,1688929.2818,0.8895578652540269,https://raw.githubusercontent.com/bakered/co2emmisions/main/src_shiny_app/static/africa_map.png
1484,Africa,1986.4,2292.5224391098764,1.234547183798096,1688951.1856,0.8895636335559511,https://raw.githubusercontent.com/bakered/co2emmisions/main/src_shiny_app/static/africa_map.png
1485,Africa,1986.6000000000001,2286.195677650894,1.227958077063394,1688973.0894,0.8895694018578755,https://raw.githubusercontent.com/bakered/co2emmisions/main/src_shiny_app/static/africa_map.png
1486,Africa,1986.8000000000002,2279.8689161919124,1.2213689703286918,1688994.9932,0.8895751701597998,https://raw.githubusercontent.com/bakered/co2emmisions/main/src_shiny_app/static/africa_map.png
1487,Africa,1987.0,2273.54215473293,1.21477986359399,1689016.8969999999,0.889580938461724,https://raw.githubusercontent.com/bakered/co2emmisions/main/src_shiny_app/static/africa_map.png
1488,Africa,1987.0,2273.54215473293,1.21477986359399,1689016.8969999999,0.889580938461724,https://raw.githubusercontent.com/bakered/co2emmisions/main/src_shiny_app/static/africa_map.png
1489,Africa,1987.2000000000003,2280.6986533949384,1.220334880712496,1696007.9578,0.8914125560143062,https://raw.githubusercontent.com/bakered/co2emmisions/main/src_shiny_app/static/africa_map.png
1490,Africa,1987.4,2287.855152056946,1.225889897831002,1702999.0186,0.8932441735668883,https://raw.githubusercontent.com/bakered/co2emmisions/main/src_shiny_app/static/africa_map.png
1491,Africa,1987.6,2295.011650718954,1.231444914949508,1709990.0793999997,0.8950757911194704,https://raw.githubusercontent.com/bakered/co2emmisions/main/src_shiny_app/static/africa_map.png
1492,Africa,1987.8,2302.168149380962,1.236999932068014,1716981.1402,0.8969074086720525,https://raw.githubusercontent.com/bakered/co2emmisions/main/src_shiny_app/static/africa_map.png
1493,Africa,1988.0,2309.32464804297,1.24255494918652,1723972.201,0.8987390262246346,https://raw.githubusercontent.com/bakered/co2emmisions/main/src_shiny_app/static/africa_map.png
1494,Africa,1988.0,2309.32464804297,1.24255494918652,1723972.201,0.8987390262246346,https://raw.githubusercontent.com/bakered/co2emmisions/main/src_shiny_app/static/africa_map.png
1495,Africa,1988.2,2311.326945941266,1.227021016409,1718641.9778,0.8973442420525033,https://raw.githubusercontent.com/bakered/co2emmisions/main/src_shiny_app/static/africa_map.png
1496,Africa,1988.4,2313.329243839562,1.21148708363148,1713311.7545999999,0.8959494578803717,https://raw.githubusercontent.com/bakered/co2emmisions/main/src_shiny_app/static/africa_map.png
1497,Africa,1988.6,2315.3315417378576,1.19595315085396,1707981.5314,0.8945546737082403,https://raw.githubusercontent.com/bakered/co2emmisions/main/src_shiny_app/static/africa_map.png
1498,Africa,1988.8,2317.3338396361537,1.18041921807644,1702651.3081999999,0.8931598895361088,https://raw.githubusercontent.com/bakered/co2emmisions/main/src_shiny_app/static/africa_map.png
1499,Africa,1989.0,2319.33613753445,1.16488528529892,1697321.085,0.8917651053639774,https://raw.githubusercontent.com/bakered/co2emmisions/main/src_shiny_app/static/africa_map.png
1500,Africa,1989.0,2319.33613753445,1.16488528529892,1697321.085,0.8917651053639774,https://raw.githubusercontent.com/bakered/co2emmisions/main/src_shiny_app/static/africa_map.png
1501,Africa,1989.2,2312.626452940402,1.14495871609122,1689283.8224,0.8896410864352026,https://raw.githubusercontent.com/bakered/co2emmisions/main/src_shiny_app/static/africa_map.png
1502,Africa,1989.3999999999999,2305.916768346354,1.12503214688352,1681246.5598,0.8875170675064277,https://raw.githubusercontent.com/bakered/co2emmisions/main/src_shiny_app/static/africa_map.png
1503,Africa,1989.6,2299.207083752306,1.10510557767582,1673209.2972,0.8853930485776528,https://raw.githubusercontent.com/bakered/co2emmisions/main/src_shiny_app/static/africa_map.png
1504,Africa,1989.8,2292.497399158258,1.0851790084681199,1665172.0346,0.8832690296488779,https://raw.githubusercontent.com/bakered/co2emmisions/main/src_shiny_app/static/africa_map.png
1505,Africa,1990.0,2285.78771456421,1.06525243926042,1657134.7719999999,0.8811450107201031,https://raw.githubusercontent.com/bakered/co2emmisions/main/src_shiny_app/static/africa_map.png
1506,Africa,1990.0,2285.78771456421,1.06525243926042,1657134.7719999999,0.8811450107201031,https://raw.githubusercontent.com/bakered/co2emmisions/main/src_shiny_app/static/africa_map.png
1507,Africa,1990.2,2288.046042477532,1.068001804572336,1663021.0488,0.8827030724039688,https://raw.githubusercontent.com/bakered/co2emmisions/main/src_shiny_app/static/africa_map.png
1508,Africa,1990.4,2290.3043703908543,1.070751169884252,1668907.3256,0.8842611340878344,https://raw.githubusercontent.com/bakered/co2emmisions/main/src_shiny_app/static/africa_map.png
1509,Africa,1990.6,2292.5626983041757,1.073500535196168,1674793.6023999997,0.8858191957717001,https://raw.githubusercontent.com/bakered/co2emmisions/main/src_shiny_app/static/africa_map.png
1510,Africa,1990.8000000000002,2294.821026217498,1.0762499005080841,1680679.8792,0.8873772574555658,https://raw.githubusercontent.com/bakered/co2emmisions/main/src_shiny_app/static/africa_map.png
1511,Africa,1991.0,2297.07935413082,1.07899926582,1686566.156,0.8889353191394315,https://raw.githubusercontent.com/bakered/co2emmisions/main/src_shiny_app/static/africa_map.png
1512,Africa,1991.0,2297.07935413082,1.07899926582,1686566.156,0.8889353191394315,https://raw.githubusercontent.com/bakered/co2emmisions/main/src_shiny_app/static/africa_map.png
1513,Africa,1991.2000000000003,2293.086869713864,1.066841146808654,1682379.9674000002,0.887828671578626,https://raw.githubusercontent.com/bakered/co2emmisions/main/src_shiny_app/static/africa_map.png
1514,Africa,1991.4,2289.0943852969076,1.054683027797308,1678193.7788,0.8867220240178204,https://raw.githubusercontent.com/bakered/co2emmisions/main/src_shiny_app/static/africa_map.png
1515,Africa,1991.6000000000001,2285.101900879952,1.042524908785962,1674007.5902,0.8856153764570147,https://raw.githubusercontent.com/bakered/co2emmisions/main/src_shiny_app/static/africa_map.png
1516,Africa,1991.8000000000002,2281.109416462996,1.030366789774616,1669821.4016,0.8845087288962092,https://raw.githubusercontent.com/bakered/co2emmisions/main/src_shiny_app/static/africa_map.png
1517,Africa,1992.0,2277.11693204604,1.01820867076327,1665635.213,0.8834020813354037,https://raw.githubusercontent.com/bakered/co2emmisions/main/src_shiny_app/static/africa_map.png
1518,Africa,1992.0,2277.11693204604,1.01820867076327,1665635.213,0.8834020813354037,https://raw.githubusercontent.com/bakered/co2emmisions/main/src_shiny_app/static/africa_map.png
1519,Africa,1992.2000000000003,2277.417971434552,1.025027781231506,1673620.7198,0.8855071751008254,https://raw.githubusercontent.com/bakered/co2emmisions/main/src_shiny_app/static/africa_map.png
1520,Africa,1992.4,2277.719010823064,1.0318468916997419,1681606.2266,0.887612268866247,https://raw.githubusercontent.com/bakered/co2emmisions/main/src_shiny_app/static/africa_map.png
1521,Africa,1992.6,2278.020050211576,1.0386660021679779,1689591.7334,0.8897173626316688,https://raw.githubusercontent.com/bakered/co2emmisions/main/src_shiny_app/static/africa_map.png
1522,Africa,1992.8,2278.321089600088,1.045485112636214,1697577.2402,0.8918224563970905,https://raw.githubusercontent.com/bakered/co2emmisions/main/src_shiny_app/static/africa_map.png
1523,Africa,1993.0,2278.6221289886,1.05230422310445,1705562.747,0.8939275501625121,https://raw.githubusercontent.com/bakered/co2emmisions/main/src_shiny_app/static/africa_map.png
1524,Africa,1993.0,2278.6221289886,1.05230422310445,1705562.747,0.8939275501625121,https://raw.githubusercontent.com/bakered/co2emmisions/main/src_shiny_app/static/africa_map.png
1525,Africa,1993.2,2287.512989956792,1.0717335534675358,1722163.0192,0.8982261793989792,https://raw.githubusercontent.com/bakered/co2emmisions/main/src_shiny_app/static/africa_map.png
1526,Africa,1993.4,2296.403850924984,1.091162883830622,1738763.2914,0.9025248086354464,https://raw.githubusercontent.com/bakered/co2emmisions/main/src_shiny_app/static/africa_map.png
1527,Africa,1993.6,2305.294711893176,1.110592214193708,1755363.5636,0.9068234378719134,https://raw.githubusercontent.com/bakered/co2emmisions/main/src_shiny_app/static/africa_map.png
1528,Africa,1993.8,2314.1855728613677,1.130021544556794,1771963.8358,0.9111220671083806,https://raw.githubusercontent.com/bakered/co2emmisions/main/src_shiny_app/static/africa_map.png
1529,Africa,1994.0,2323.07643382956,1.14945087491988,1788564.108,0.9154206963448477,https://raw.githubusercontent.com/bakered/co2emmisions/main/src_shiny_app/static/africa_map.png
1530,Africa,1994.0,2323.07643382956,1.14945087491988,1788564.108,0.9154206963448477,https://raw.githubusercontent.com/bakered/co2emmisions/main/src_shiny_app/static/africa_map.png
1531,Africa,1994.2,2334.104226990192,1.1592653341088262,1799415.0508,0.9181768094909698,https://raw.githubusercontent.com/bakered/co2emmisions/main/src_shiny_app/static/africa_map.png
1532,Africa,1994.3999999999999,2345.1320201508242,1.169079793297772,1810265.9936000002,0.9209329226370918,https://raw.githubusercontent.com/bakered/co2emmisions/main/src_shiny_app/static/africa_map.png
1533,Africa,1994.6,2356.159813311456,1.1788942524867179,1821116.9364,0.9236890357832139,https://raw.githubusercontent.com/bakered/co2emmisions/main/src_shiny_app/static/africa_map.png
1534,Africa,1994.8,2367.187606472088,1.188708711675664,1831967.8792,0.9264451489293359,https://raw.githubusercontent.com/bakered/co2emmisions/main/src_shiny_app/static/africa_map.png
1535,Africa,1995.0,2378.21539963272,1.19852317086461,1842818.8220000002,0.9292012620754581,https://raw.githubusercontent.com/bakered/co2emmisions/main/src_shiny_app/static/africa_map.png
1536,Africa,1995.0,2378.21539963272,1.19852317086461,1842818.8220000002,0.9292012620754581,https://raw.githubusercontent.com/bakered/co2emmisions/main/src_shiny_app/static/africa_map.png
1537,Africa,1995.2,2401.3092273066104,1.200392220633892,1848351.259,0.9305908721516188,https://raw.githubusercontent.com/bakered/co2emmisions/main/src_shiny_app/static/africa_map.png
1538,Africa,1995.4,2424.4030549805,1.202261270403174,1853883.696,0.9319804822277796,https://raw.githubusercontent.com/bakered/co2emmisions/main/src_shiny_app/static/africa_map.png
1539,Africa,1995.6,2447.49688265439,1.204130320172456,1859416.133,0.9333700923039404,https://raw.githubusercontent.com/bakered/co2emmisions/main/src_shiny_app/static/africa_map.png
1540,Africa,1995.8000000000002,2470.5907103282802,1.205999369941738,1864948.57,0.9347597023801012,https://raw.githubusercontent.com/bakered/co2emmisions/main/src_shiny_app/static/africa_map.png
1541,Africa,1996.0,2493.68453800217,1.20786841971102,1870481.007,0.936149312456262,https://raw.githubusercontent.com/bakered/co2emmisions/main/src_shiny_app/static/africa_map.png
1542,Africa,1996.0,2493.68453800217,1.20786841971102,1870481.007,0.936149312456262,https://raw.githubusercontent.com/bakered/co2emmisions/main/src_shiny_app/static/africa_map.png
1543,Africa,1996.2000000000003,2508.7829945673684,1.2080276805584962,1874822.6966000001,0.9372326554019936,https://raw.githubusercontent.com/bakered/co2emmisions/main/src_shiny_app/static/africa_map.png
1544,Africa,1996.4,2523.8814511325663,1.208186941405972,1879164.3862,0.9383159983477252,https://raw.githubusercontent.com/bakered/co2emmisions/main/src_shiny_app/static/africa_map.png
1545,Africa,1996.6000000000001,2538.9799076977642,1.208346202253448,1883506.0758,0.9393993412934567,https://raw.githubusercontent.com/bakered/co2emmisions/main/src_shiny_app/static/africa_map.png
1546,Africa,1996.8000000000002,2554.078364262962,1.208505463100924,1887847.7654000001,0.9404826842391883,https://raw.githubusercontent.com/bakered/co2emmisions/main/src_shiny_app/static/africa_map.png
1547,Africa,1997.0,2569.17682082816,1.2086647239484,1892189.455,0.9415660271849199,https://raw.githubusercontent.com/bakered/co2emmisions/main/src_shiny_app/static/africa_map.png
1548,Africa,1997.0,2569.17682082816,1.2086647239484,1892189.455,0.9415660271849199,https://raw.githubusercontent.com/bakered/co2emmisions/main/src_shiny_app/static/africa_map.png
1549,Africa,1997.2000000000003,2584.3540432639584,1.207949133132788,1895952.0118000002,0.9424998484482355,https://raw.githubusercontent.com/bakered/co2emmisions/main/src_shiny_app/static/africa_map.png
1550,Africa,1997.4,2599.5312656997557,1.207233542317176,1899714.5685999999,0.9434336697115511,https://raw.githubusercontent.com/bakered/co2emmisions/main/src_shiny_app/static/africa_map.png
1551,Africa,1997.6,2614.708488135554,1.206517951501564,1903477.1254,0.9443674909748667,https://raw.githubusercontent.com/bakered/co2emmisions/main/src_shiny_app/static/africa_map.png
1552,Africa,1997.8,2629.885710571352,1.205802360685952,1907239.6822000002,0.9453013122381823,https://raw.githubusercontent.com/bakered/co2emmisions/main/src_shiny_app/static/africa_map.png
1553,Africa,1998.0,2645.06293300715,1.20508676987034,1911002.239,0.9462351335014979,https://raw.githubusercontent.com/bakered/co2emmisions/main/src_shiny_app/static/africa_map.png
1554,Africa,1998.0,2645.06293300715,1.20508676987034,1911002.239,0.9462351335014979,https://raw.githubusercontent.com/bakered/co2emmisions/main/src_shiny_app/static/africa_map.png
1555,Africa,1998.2,2657.7378542152064,1.1959965298919282,1908473.0676000002,0.9456079329899242,https://raw.githubusercontent.com/bakered/co2emmisions/main/src_shiny_app/static/africa_map.png
1556,Africa,1998.4,2670.4127754232622,1.1869062899135159,1905943.8961999998,0.9449807324783506,https://raw.githubusercontent.com/bakered/co2emmisions/main/src_shiny_app/static/africa_map.png
1557,Africa,1998.6,2683.087696631318,1.177816049935104,1903414.7248,0.9443535319667767,https://raw.githubusercontent.com/bakered/co2emmisions/main/src_shiny_app/static/africa_map.png
1558,Africa,1998.8,2695.7626178393743,1.168725809956692,1900885.5534,0.9437263314552031,https://raw.githubusercontent.com/bakered/co2emmisions/main/src_shiny_app/static/africa_map.png
1559,Africa,1999.0,2708.43753904743,1.15963556997828,1898356.382,0.9430991309436294,https://raw.githubusercontent.com/bakered/co2emmisions/main/src_shiny_app/static/africa_map.png
1560,Africa,1999.0,2708.43753904743,1.15963556997828,1898356.382,0.9430991309436294,https://raw.githubusercontent.com/bakered/co2emmisions/main/src_shiny_app/static/africa_map.png
1561,Africa,1999.2,2726.6791311747143,1.161868946698562,1904548.0024,0.9446309026874864,https://raw.githubusercontent.com/bakered/co2emmisions/main/src_shiny_app/static/africa_map.png
1562,Africa,1999.3999999999999,2744.920723301998,1.1641023234188441,1910739.6228,0.9461626744313432,https://raw.githubusercontent.com/bakered/co2emmisions/main/src_shiny_app/static/africa_map.png
1563,Africa,1999.6,2763.162315429282,1.166335700139126,1916931.2432,0.9476944461752002,https://raw.githubusercontent.com/bakered/co2emmisions/main/src_shiny_app/static/africa_map.png
1564,Africa,1999.8,2781.403907556566,1.168569076859408,1923122.8636,0.949226217919057,https://raw.githubusercontent.com/bakered/co2emmisions/main/src_shiny_app/static/africa_map.png
1565,Africa,2000.0,2799.64549968385,1.17080245357969,1929314.4840000002,0.9507579896629139,https://raw.githubusercontent.com/bakered/co2emmisions/main/src_shiny_app/static/africa_map.png
1566,Africa,2000.0,2799.64549968385,1.17080245357969,1929314.4840000002,0.9507579896629139,https://raw.githubusercontent.com/bakered/co2emmisions/main/src_shiny_app/static/africa_map.png
1567,Africa,2000.2,2822.8287978306125,1.16257838295728,1927240.3040000002,0.9502462274498118,https://raw.githubusercontent.com/bakered/co2emmisions/main/src_shiny_app/static/africa_map.png
1568,Africa,2000.4,2846.012095977374,1.15435431233487,1925166.124,0.9497344652367095,https://raw.githubusercontent.com/bakered/co2emmisions/main/src_shiny_app/static/africa_map.png
1569,Africa,2000.6,2869.1953941241363,1.14613024171246,1923091.9440000001,0.9492227030236072,https://raw.githubusercontent.com/bakered/co2emmisions/main/src_shiny_app/static/africa_map.png
1570,Africa,2000.8000000000002,2892.3786922708982,1.13790617109005,1921017.7640000002,0.948710940810505,https://raw.githubusercontent.com/bakered/co2emmisions/main/src_shiny_app/static/africa_map.png
1571,Africa,2001.0,2915.56199041766,1.12968210046764,1918943.584,0.9481991785974028,https://raw.githubusercontent.com/bakered/co2emmisions/main/src_shiny_app/static/africa_map.png
1572,Africa,2001.0,2915.56199041766,1.12968210046764,1918943.584,0.9481991785974028,https://raw.githubusercontent.com/bakered/co2emmisions/main/src_shiny_app/static/africa_map.png
1573,Africa,2001.2000000000003,2940.8425490455343,1.11919229999171,1914808.2422000002,0.9471747223268389,https://raw.githubusercontent.com/bakered/co2emmisions/main/src_shiny_app/static/africa_map.png
1574,Africa,2001.4,2966.123107673408,1.10870249951578,1910672.9004,0.9461502660562748,https://raw.githubusercontent.com/bakered/co2emmisions/main/src_shiny_app/static/africa_map.png
1575,Africa,2001.6000000000001,2991.403666301282,1.09821269903985,1906537.5586,0.9451258097857108,https://raw.githubusercontent.com/bakered/co2emmisions/main/src_shiny_app/static/africa_map.png
1576,Africa,2001.8000000000002,3016.684224929156,1.08772289856392,1902402.2168,0.9441013535151469,https://raw.githubusercontent.com/bakered/co2emmisions/main/src_shiny_app/static/africa_map.png
1577,Africa,2002.0,3041.96478355703,1.07723309808799,1898266.875,0.9430768972445829,https://raw.githubusercontent.com/bakered/co2emmisions/main/src_shiny_app/static/africa_map.png
1578,Africa,2002.0,3041.96478355703,1.07723309808799,1898266.875,0.9430768972445829,https://raw.githubusercontent.com/bakered/co2emmisions/main/src_shiny_app/static/africa_map.png
1579,Africa,2002.2000000000003,3068.749085840978,1.0928733092519702,1916126.3976,0.9474623053887871,https://raw.githubusercontent.com/bakered/co2emmisions/main/src_shiny_app/static/africa_map.png
1580,Africa,2002.4,3095.533388124926,1.10851352041595,1933985.9202,0.951847713532991,https://raw.githubusercontent.com/bakered/co2emmisions/main/src_shiny_app/static/africa_map.png
1581,Africa,2002.6,3122.317690408874,1.1241537315799301,1951845.4427999998,0.9562331216771951,https://raw.githubusercontent.com/bakered/co2emmisions/main/src_shiny_app/static/africa_map.png
1582,Africa,2002.8,3149.101992692822,1.13979394274391,1969704.9654,0.9606185298213992,https://raw.githubusercontent.com/bakered/co2emmisions/main/src_shiny_app/static/africa_map.png
1583,Africa,2003.0,3175.88629497677,1.15543415390789,1987564.488,0.9650039379656032,https://raw.githubusercontent.com/bakered/co2emmisions/main/src_shiny_app/static/africa_map.png
1584,Africa,2003.0,3175.88629497677,1.15543415390789,1987564.488,0.9650039379656032,https://raw.githubusercontent.com/bakered/co2emmisions/main/src_shiny_app/static/africa_map.png
1585,Africa,2003.2,3207.370635561472,1.162592198842048,1998771.6404000001,0.9677056805521629,https://raw.githubusercontent.com/bakered/co2emmisions/main/src_shiny_app/static/africa_map.png
1586,Africa,2003.4,3238.854976146174,1.169750243776206,2009978.7928,0.9704074231387223,https://raw.githubusercontent.com/bakered/co2emmisions/main/src_shiny_app/static/africa_map.png
1587,Africa,2003.6,3270.339316730876,1.1769082887103641,2021185.9452,0.9731091657252819,https://raw.githubusercontent.com/bakered/co2emmisions/main/src_shiny_app/static/africa_map.png
1588,Africa,2003.8,3301.823657315578,1.184066333644522,2032393.0976,0.9758109083118414,https://raw.githubusercontent.com/bakered/co2emmisions/main/src_shiny_app/static/africa_map.png
1589,Africa,2004.0,3333.30799790028,1.19122437857868,2043600.25,0.978512650898401,https://raw.githubusercontent.com/bakered/co2emmisions/main/src_shiny_app/static/africa_map.png
1590,Africa,2004.0,3333.30799790028,1.19122437857868,2043600.25,0.978512650898401,https://raw.githubusercontent.com/bakered/co2emmisions/main/src_shiny_app/static/africa_map.png
1591,Africa,2004.2,3368.4412539620585,1.1884523271906982,2046346.0980000002,0.9791689312622704,https://raw.githubusercontent.com/bakered/co2emmisions/main/src_shiny_app/static/africa_map.png
1592,Africa,2004.3999999999999,3403.574510023836,1.185680275802716,2049091.946,0.9798252116261399,https://raw.githubusercontent.com/bakered/co2emmisions/main/src_shiny_app/static/africa_map.png
1593,Africa,2004.6,3438.707766085614,1.182908224414734,2051837.794,0.9804814919900093,https://raw.githubusercontent.com/bakered/co2emmisions/main/src_shiny_app/static/africa_map.png
1594,Africa,2004.8,3473.841022147392,1.1801361730267521,2054583.642,0.9811377723538788,https://raw.githubusercontent.com/bakered/co2emmisions/main/src_shiny_app/static/africa_map.png
1595,Africa,2005.0,3508.97427820917,1.17736412163877,2057329.49,0.9817940527177482,https://raw.githubusercontent.com/bakered/co2emmisions/main/src_shiny_app/static/africa_map.png
1596,Africa,2005.0,3508.97427820917,1.17736412163877,2057329.49,0.9817940527177482,https://raw.githubusercontent.com/bakered/co2emmisions/main/src_shiny_app/static/africa_map.png
1597,Africa,2005.2,3547.08663553432,1.178428284389364,2063699.8310000002,0.9833082343122863,https://raw.githubusercontent.com/bakered/co2emmisions/main/src_shiny_app/static/africa_map.png
1598,Africa,2005.4,3585.1989928594703,1.179492447139958,2070070.172,0.9848224159068243,https://raw.githubusercontent.com/bakered/co2emmisions/main/src_shiny_app/static/africa_map.png
1599,Africa,2005.6,3623.31135018462,1.180556609890552,2076440.513,0.9863365975013623,https://raw.githubusercontent.com/bakered/co2emmisions/main/src_shiny_app/static/africa_map.png
1600,Africa,2005.8000000000002,3661.42370750977,1.1816207726411458,2082810.8540000003,0.9878507790959004,https://raw.githubusercontent.com/bakered/co2emmisions/main/src_shiny_app/static/africa_map.png
1601,Africa,2006.0,3699.53606483492,1.18268493539174,2089181.195,0.9893649606904383,https://raw.githubusercontent.com/bakered/co2emmisions/main/src_shiny_app/static/africa_map.png
1602,Africa,2006.0,3699.53606483492,1.18268493539174,2089181.195,0.9893649606904383,https://raw.githubusercontent.com/bakered/co2emmisions/main/src_shiny_app/static/africa_map.png
1603,Africa,2006.2000000000003,3744.2737483905685,1.182099842052404,2094289.4162000003,0.9905708260057287,https://raw.githubusercontent.com/bakered/co2emmisions/main/src_shiny_app/static/africa_map.png
1604,Africa,2006.4,3789.011431946216,1.181514748713068,2099397.6374,0.9917766913210188,https://raw.githubusercontent.com/bakered/co2emmisions/main/src_shiny_app/static/africa_map.png
1605,Africa,2006.6000000000001,3833.7491155018643,1.180929655373732,2104505.8586,0.992982556636309,https://raw.githubusercontent.com/bakered/co2emmisions/main/src_shiny_app/static/africa_map.png
1606,Africa,2006.8000000000002,3878.486799057512,1.1803445620343962,2109614.0798,0.9941884219515992,https://raw.githubusercontent.com/bakered/co2emmisions/main/src_shiny_app/static/africa_map.png
1607,Africa,2007.0,3923.22448261316,1.17975946869506,2114722.301,0.9953942872668894,https://raw.githubusercontent.com/bakered/co2emmisions/main/src_shiny_app/static/africa_map.png
1608,Africa,2007.0,3923.22448261316,1.17975946869506,2114722.301,0.9953942872668894,https://raw.githubusercontent.com/bakered/co2emmisions/main/src_shiny_app/static/africa_map.png
1609,Africa,2007.2000000000003,3965.698156588798,1.185670501720696,2126287.1906000003,0.9980977131749551,https://raw.githubusercontent.com/bakered/co2emmisions/main/src_shiny_app/static/africa_map.png
1610,Africa,2007.4,4008.171830564436,1.1915815347463319,2137852.0801999997,1.0008011390830207,https://raw.githubusercontent.com/bakered/co2emmisions/main/src_shiny_app/static/africa_map.png
1611,Africa,2007.6,4050.645504540074,1.197492567771968,2149416.9698,1.0035045649910863,https://raw.githubusercontent.com/bakered/co2emmisions/main/src_shiny_app/static/africa_map.png
1612,Africa,2007.8,4093.1191785157116,1.203403600797604,2160981.8594,1.006207990899152,https://raw.githubusercontent.com/bakered/co2emmisions/main/src_shiny_app/static/africa_map.png
1613,Africa,2008.0,4135.59285249135,1.20931463382324,2172546.749,1.0089114168072177,https://raw.githubusercontent.com/bakered/co2emmisions/main/src_shiny_app/static/africa_map.png
1614,Africa,2008.0,4135.59285249135,1.20931463382324,2172546.749,1.0089114168072177,https://raw.githubusercontent.com/bakered/co2emmisions/main/src_shiny_app/static/africa_map.png
1615,Africa,2008.2,4162.5073129929915,1.2017455909347299,2171227.0149999997,1.0086047473937867,https://raw.githubusercontent.com/bakered/co2emmisions/main/src_shiny_app/static/africa_map.png
1616,Africa,2008.4,4189.421773494634,1.19417654804622,2169907.281,1.0082980779803556,https://raw.githubusercontent.com/bakered/co2emmisions/main/src_shiny_app/static/africa_map.png
1617,Africa,2008.6,4216.336233996276,1.1866075051577099,2168587.547,1.0079914085669244,https://raw.githubusercontent.com/bakered/co2emmisions/main/src_shiny_app/static/africa_map.png
1618,Africa,2008.8,4243.250694497919,1.1790384622692,2167267.813,1.0076847391534933,https://raw.githubusercontent.com/bakered/co2emmisions/main/src_shiny_app/static/africa_map.png
1619,Africa,2009.0,4270.16515499956,1.17146941938069,2165948.079,1.0073780697400623,https://raw.githubusercontent.com/bakered/co2emmisions/main/src_shiny_app/static/africa_map.png
1620,Africa,2009.0,4270.16515499956,1.17146941938069,2165948.079,1.0073780697400623,https://raw.githubusercontent.com/bakered/co2emmisions/main/src_shiny_app/static/africa_map.png
1621,Africa,2009.2,4318.022867668123,1.1748771509274762,2175620.1312,1.0096148790174504,https://raw.githubusercontent.com/bakered/co2emmisions/main/src_shiny_app/static/africa_map.png
1622,Africa,2009.3999999999999,4365.880580336684,1.178284882474262,2185292.1834,1.0118516882948383,https://raw.githubusercontent.com/bakered/co2emmisions/main/src_shiny_app/static/africa_map.png
1623,Africa,2009.6,4413.738293005246,1.181692614021048,2194964.2356000002,1.0140884975722262,https://raw.githubusercontent.com/bakered/co2emmisions/main/src_shiny_app/static/africa_map.png
1624,Africa,2009.8,4461.596005673808,1.185100345567834,2204636.2878,1.0163253068496143,https://raw.githubusercontent.com/bakered/co2emmisions/main/src_shiny_app/static/africa_map.png
1625,Africa,2010.0,4509.45371834237,1.18850807711462,2214308.34,1.0185621161270022,https://raw.githubusercontent.com/bakered/co2emmisions/main/src_shiny_app/static/africa_map.png
1626,Africa,2010.0,4509.45371834237,1.18850807711462,2214308.34,1.0185621161270022,https://raw.githubusercontent.com/bakered/co2emmisions/main/src_shiny_app/static/africa_map.png
1627,Africa,2010.2,4514.37666835727,1.190189462898928,2222442.9790000003,1.02042453340677,https://raw.githubusercontent.com/bakered/co2emmisions/main/src_shiny_app/static/africa_map.png
1628,Africa,2010.4,4519.29961837217,1.191870848683236,2230577.618,1.0222869506865382,https://raw.githubusercontent.com/bakered/co2emmisions/main/src_shiny_app/static/africa_map.png
1629,Africa,2010.6,4524.222568387069,1.193552234467544,2238712.257,1.0241493679663058,https://raw.githubusercontent.com/bakered/co2emmisions/main/src_shiny_app/static/africa_map.png
1630,Africa,2010.8000000000002,4529.14551840197,1.1952336202518519,2246846.896,1.026011785246074,https://raw.githubusercontent.com/bakered/co2emmisions/main/src_shiny_app/static/africa_map.png
1631,Africa,2011.0,4534.06846841687,1.19691500603616,2254981.535,1.0278742025258418,https://raw.githubusercontent.com/bakered/co2emmisions/main/src_shiny_app/static/africa_map.png
1632,Africa,2011.0,4534.06846841687,1.19691500603616,2254981.535,1.0278742025258418,https://raw.githubusercontent.com/bakered/co2emmisions/main/src_shiny_app/static/africa_map.png
1633,Africa,2011.2000000000003,4555.691365417908,1.192905997474542,2257263.3706,1.0283936038332742,https://raw.githubusercontent.com/bakered/co2emmisions/main/src_shiny_app/static/africa_map.png
1634,Africa,2011.4,4577.314262418946,1.188896988912924,2259545.2062,1.0289130051407063,https://raw.githubusercontent.com/bakered/co2emmisions/main/src_shiny_app/static/africa_map.png
1635,Africa,2011.6000000000001,4598.937159419984,1.184887980351306,2261827.0418,1.0294324064481386,https://raw.githubusercontent.com/bakered/co2emmisions/main/src_shiny_app/static/africa_map.png
1636,Africa,2011.8000000000002,4620.560056421022,1.180878971789688,2264108.8774,1.0299518077555707,https://raw.githubusercontent.com/bakered/co2emmisions/main/src_shiny_app/static/africa_map.png
1637,Africa,2012.0,4642.18295342206,1.17686996322807,2266390.713,1.030471209063003,https://raw.githubusercontent.com/bakered/co2emmisions/main/src_shiny_app/static/africa_map.png
1638,Africa,2012.0,4642.18295342206,1.17686996322807,2266390.713,1.030471209063003,https://raw.githubusercontent.com/bakered/co2emmisions/main/src_shiny_app/static/africa_map.png
1639,Africa,2012.2000000000003,4650.520780749316,1.173201389736136,2269090.0588,1.0310839606907203,https://raw.githubusercontent.com/bakered/co2emmisions/main/src_shiny_app/static/africa_map.png
1640,Africa,2012.4,4658.858608076572,1.169532816244202,2271789.4046,1.0316967123184375,https://raw.githubusercontent.com/bakered/co2emmisions/main/src_shiny_app/static/africa_map.png
1641,Africa,2012.6,4667.196435403828,1.165864242752268,2274488.7504,1.0323094639461547,https://raw.githubusercontent.com/bakered/co2emmisions/main/src_shiny_app/static/africa_map.png
1642,Africa,2012.8,4675.534262731084,1.162195669260334,2277188.0961999996,1.032922215573872,https://raw.githubusercontent.com/bakered/co2emmisions/main/src_shiny_app/static/africa_map.png
1643,Africa,2013.0,4683.87209005834,1.1585270957684,2279887.442,1.0335349672015892,https://raw.githubusercontent.com/bakered/co2emmisions/main/src_shiny_app/static/africa_map.png
1644,Africa,2013.0,4683.87209005834,1.1585270957684,2279887.442,1.0335349672015892,https://raw.githubusercontent.com/bakered/co2emmisions/main/src_shiny_app/static/africa_map.png
1645,Africa,2013.2,4696.608966823059,1.165659271275794,2294837.9318,1.0368963679715104,https://raw.githubusercontent.com/bakered/co2emmisions/main/src_shiny_app/static/africa_map.png
1646,Africa,2013.4,4709.3458435877765,1.172791446783188,2309788.4216,1.0402577687414314,https://raw.githubusercontent.com/bakered/co2emmisions/main/src_shiny_app/static/africa_map.png
1647,Africa,2013.6,4722.082720352494,1.179923622290582,2324738.9113999996,1.0436191695113526,https://raw.githubusercontent.com/bakered/co2emmisions/main/src_shiny_app/static/africa_map.png
1648,Africa,2013.8,4734.819597117212,1.187055797797976,2339689.4011999997,1.0469805702812736,https://raw.githubusercontent.com/bakered/co2emmisions/main/src_shiny_app/static/africa_map.png
1649,Africa,2014.0,4747.55647388193,1.19418797330537,2354639.891,1.0503419710511948,https://raw.githubusercontent.com/bakered/co2emmisions/main/src_shiny_app/static/africa_map.png
1650,Africa,2014.0,4747.55647388193,1.19418797330537,2354639.891,1.0503419710511948,https://raw.githubusercontent.com/bakered/co2emmisions/main/src_shiny_app/static/africa_map.png
1651,Africa,2014.2,4754.1818208571,1.183718655019448,2349622.6296,1.0492199413672854,https://raw.githubusercontent.com/bakered/co2emmisions/main/src_shiny_app/static/africa_map.png
1652,Africa,2014.3999999999999,4760.80716783227,1.173249336733526,2344605.3682,1.048097911683376,https://raw.githubusercontent.com/bakered/co2emmisions/main/src_shiny_app/static/africa_map.png
1653,Africa,2014.6,4767.43251480744,1.162780018447604,2339588.1068,1.0469758819994666,https://raw.githubusercontent.com/bakered/co2emmisions/main/src_shiny_app/static/africa_map.png
1654,Africa,2014.8,4774.05786178261,1.152310700161682,2334570.8454,1.0458538523155572,https://raw.githubusercontent.com/bakered/co2emmisions/main/src_shiny_app/static/africa_map.png
1655,Africa,2015.0,4780.68320875778,1.14184138187576,2329553.584,1.0447318226316478,https://raw.githubusercontent.com/bakered/co2emmisions/main/src_shiny_app/static/africa_map.png
1656,Africa,2015.0,4780.68320875778,1.14184138187576,2329553.584,1.0447318226316478,https://raw.githubusercontent.com/bakered/co2emmisions/main/src_shiny_app/static/africa_map.png
1657,Africa,2015.2,4774.417481619271,1.143152589052868,2338086.4712,1.0466365077287803,https://raw.githubusercontent.com/bakered/co2emmisions/main/src_shiny_app/static/africa_map.png
1658,Africa,2015.4,4768.15175448076,1.1444637962299762,2346619.3584000003,1.0485411928259123,https://raw.githubusercontent.com/bakered/co2emmisions/main/src_shiny_app/static/africa_map.png
1659,Africa,2015.6,4761.886027342251,1.145775003407084,2355152.2456,1.0504458779230448,https://raw.githubusercontent.com/bakered/co2emmisions/main/src_shiny_app/static/africa_map.png
1660,Africa,2015.8000000000002,4755.62030020374,1.1470862105841921,2363685.1328000003,1.052350563020177,https://raw.githubusercontent.com/bakered/co2emmisions/main/src_shiny_app/static/africa_map.png
1661,Africa,2016.0,4749.35457306523,1.1483974177613,2372218.02,1.0542552481173095,https://raw.githubusercontent.com/bakered/co2emmisions/main/src_shiny_app/static/africa_map.png
1662,Africa,2016.0,4749.35457306523,1.1483974177613,2372218.02,1.0542552481173095,https://raw.githubusercontent.com/bakered/co2emmisions/main/src_shiny_app/static/africa_map.png
1663,Africa,2016.2000000000003,4754.979479221194,1.145506048595382,2375885.6418000003,1.055068656848594,https://raw.githubusercontent.com/bakered/co2emmisions/main/src_shiny_app/static/africa_map.png
1664,Africa,2016.4,4760.604385377159,1.142614679429464,2379553.2635999997,1.0558820655798786,https://raw.githubusercontent.com/bakered/co2emmisions/main/src_shiny_app/static/africa_map.png
1665,Africa,2016.6000000000001,4766.229291533122,1.139723310263546,2383220.8854,1.0566954743111632,https://raw.githubusercontent.com/bakered/co2emmisions/main/src_shiny_app/static/africa_map.png
1666,Africa,2016.8000000000002,4771.8541976890865,1.136831941097628,2386888.5072,1.0575088830424475,https://raw.githubusercontent.com/bakered/co2emmisions/main/src_shiny_app/static/africa_map.png
1667,Africa,2017.0,4777.47910384505,1.13394057193171,2390556.1289999997,1.058322291773732,https://raw.githubusercontent.com/bakered/co2emmisions/main/src_shiny_app/static/africa_map.png
1668,Africa,2017.0,4777.47910384505,1.13394057193171,2390556.1289999997,1.058322291773732,https://raw.githubusercontent.com/bakered/co2emmisions/main/src_shiny_app/static/africa_map.png
1669,Africa,2017.2000000000003,4784.611271756093,1.127156006868592,2389174.1228,1.05801615664096,https://raw.githubusercontent.com/bakered/co2emmisions/main/src_shiny_app/static/africa_map.png
1670,Africa,2017.4,4791.743439667134,1.120371441805474,2387792.1166,1.057710021508188,https://raw.githubusercontent.com/bakered/co2emmisions/main/src_shiny_app/static/africa_map.png
1671,Africa,2017.6,4798.875607578177,1.113586876742356,2386410.1104,1.057403886375416,https://raw.githubusercontent.com/bakered/co2emmisions/main/src_shiny_app/static/africa_map.png
1672,Africa,2017.8,4806.007775489218,1.106802311679238,2385028.1042,1.057097751242644,https://raw.githubusercontent.com/bakered/co2emmisions/main/src_shiny_app/static/africa_map.png
1673,Africa,2018.0,4813.13994340026,1.10001774661612,2383646.098,1.056791616109872,https://raw.githubusercontent.com/bakered/co2emmisions/main/src_shiny_app/static/africa_map.png
1674,Africa,2018.0,4813.13994340026,1.10001774661612,2383646.098,1.056791616109872,https://raw.githubusercontent.com/bakered/co2emmisions/main/src_shiny_app/static/africa_map.png
1675,Africa,2018.2,4816.920320184168,1.1090054542398482,2402183.6668000002,1.0608617505526894,https://raw.githubusercontent.com/bakered/co2emmisions/main/src_shiny_app/static/africa_map.png
1676,Africa,2018.4,4820.700696968076,1.1179931618635761,2420721.2356000002,1.0649318849955063,https://raw.githubusercontent.com/bakered/co2emmisions/main/src_shiny_app/static/africa_map.png
1677,Africa,2018.6,4824.481073751984,1.126980869487304,2439258.8044,1.0690020194383236,https://raw.githubusercontent.com/bakered/co2emmisions/main/src_shiny_app/static/africa_map.png
1678,Africa,2018.8,4828.261450535892,1.135968577111032,2457796.3732,1.0730721538811407,https://raw.githubusercontent.com/bakered/co2emmisions/main/src_shiny_app/static/africa_map.png
1679,Africa,2019.0,4832.0418273198,1.14495628473476,2476333.942,1.0771422883239579,https://raw.githubusercontent.com/bakered/co2emmisions/main/src_shiny_app/static/africa_map.png
1680,Africa,2019.0,4832.0418273198,1.14495628473476,2476333.942,1.0771422883239579,https://raw.githubusercontent.com/bakered/co2emmisions/main/src_shiny_app/static/africa_map.png
1681,Africa,2019.2,4786.024863506203,1.1207117957018662,2451635.2421999997,1.0717019409583841,https://raw.githubusercontent.com/bakered/co2emmisions/main/src_shiny_app/static/africa_map.png
1682,Africa,2019.3999999999999,4740.007899692604,1.096467306668972,2426936.5423999997,1.0662615935928101,https://raw.githubusercontent.com/bakered/co2emmisions/main/src_shiny_app/static/africa_map.png
1683,Africa,2019.6,4693.990935879006,1.072222817636078,2402237.8426,1.0608212462272362,https://raw.githubusercontent.com/bakered/co2emmisions/main/src_shiny_app/static/africa_map.png
1684,Africa,2019.8,4647.973972065409,1.0479783286031839,2377539.1428,1.0553808988616624,https://raw.githubusercontent.com/bakered/co2emmisions/main/src_shiny_app/static/africa_map.png
1685,Africa,2020.0,4601.95700825181,1.02373383957029,2352840.443,1.0499405514960887,https://raw.githubusercontent.com/bakered/co2emmisions/main/src_shiny_app/static/africa_map.png
1686,Africa,2020.0,4601.95700825181,1.02373383957029,2352840.443,1.0499405514960887,https://raw.githubusercontent.com/bakered/co2emmisions/main/src_shiny_app/static/africa_map.png
1687,Africa,2020.2,4629.138048535428,1.031540355854558,2369965.7628,1.0537274396869958,https://raw.githubusercontent.com/bakered/co2emmisions/main/src_shiny_app/static/africa_map.png
1688,Africa,2020.4,4656.319088819047,1.0393468721388261,2387091.0826,1.057514327877903,https://raw.githubusercontent.com/bakered/co2emmisions/main/src_shiny_app/static/africa_map.png
1689,Africa,2020.6,4683.500129102664,1.047153388423094,2404216.4024,1.0613012160688102,https://raw.githubusercontent.com/bakered/co2emmisions/main/src_shiny_app/static/africa_map.png
1690,Africa,2020.8000000000002,4710.681169386282,1.0549599047073621,2421341.7221999997,1.0650881042597173,https://raw.githubusercontent.com/bakered/co2emmisions/main/src_shiny_app/static/africa_map.png
1691,Africa,2021.0,4737.8622096699,1.06276642099163,2438467.042,1.0688749924506245,https://raw.githubusercontent.com/bakered/co2emmisions/main/src_shiny_app/static/africa_map.png
1692,Africa,2021.0,4737.8622096699,1.06276642099163,2438467.042,1.0688749924506245,https://raw.githubusercontent.com/bakered/co2emmisions/main/src_shiny_app/static/africa_map.png
1693,Africa,2021.2000000000003,4746.706112817872,1.0565892273894562,2436717.6956,1.068491244717965,https://raw.githubusercontent.com/bakered/co2emmisions/main/src_shiny_app/static/africa_map.png
1694,Africa,2021.4,4755.550015965844,1.050412033787282,2434968.3492,1.0681074969853057,https://raw.githubusercontent.com/bakered/co2emmisions/main/src_shiny_app/static/africa_map.png
1695,Africa,2021.6000000000001,4764.393919113816,1.044234840185108,2433219.0028,1.0677237492526461,https://raw.githubusercontent.com/bakered/co2emmisions/main/src_shiny_app/static/africa_map.png
1696,Africa,2021.8000000000002,4773.237822261788,1.038057646582934,2431469.6564,1.0673400015199868,https://raw.githubusercontent.com/bakered/co2emmisions/main/src_shiny_app/static/africa_map.png
1697,Africa,2022.0,4782.08172540976,1.03188045298076,2429720.31,1.0669562537873272,https://raw.githubusercontent.com/bakered/co2emmisions/main/src_shiny_app/static/africa_map.png
1698,Africa,2022.0,4782.08172540976,1.03188045298076,2429720.31,1.0669562537873272,https://raw.githubusercontent.com/bakered/co2emmisions/main/src_shiny_app/static/africa_map.png
1699,Africa,2022.2000000000003,4789.47885872662,1.0251863518919229,2426970.103,1.06635155165657,https://raw.githubusercontent.com/bakered/co2emmisions/main/src_shiny_app/static/africa_map.png
1700,Africa,2022.4,4796.87599204348,1.0184922508030856,2424219.8959999997,1.0657468495258127,https://raw.githubusercontent.com/bakered/co2emmisions/main/src_shiny_app/static/africa_map.png
1701,Africa,2022.6,4804.27312536034,1.0117981497142483,2421469.6890000002,1.0651421473950555,https://raw.githubusercontent.com/bakered/co2emmisions/main/src_shiny_app/static/africa_map.png
1702,Africa,2022.8,4811.6702586772,1.0051040486254113,2418719.482,1.0645374452642982,https://raw.githubusercontent.com/bakered/co2emmisions/main/src_shiny_app/static/africa_map.png
1703,Africa,2023.0,4819.06739199406,0.998409947536574,2415969.275,1.0639327431335408,https://raw.githubusercontent.com/bakered/co2emmisions/main/src_shiny_app/static/africa_map.png
